mode: set
github.com/yihuang/go-abi/cmd/main.go:11.13,31.20 4 0
github.com/yihuang/go-abi/cmd/main.go:31.20,34.29 3 0
github.com/yihuang/go-abi/cmd/main.go:34.29,36.4 1 0
github.com/yihuang/go-abi/cmd/main.go:37.3,37.59 1 0
github.com/yihuang/go-abi/cmd/main.go:41.2,41.26 1 0
github.com/yihuang/go-abi/cmd/main.go:41.26,44.3 2 0
github.com/yihuang/go-abi/cmd/main.go:46.2,50.3 1 0
github.com/yihuang/go-abi/cmd/main.go:55.54,57.13 2 0
github.com/yihuang/go-abi/cmd/main.go:57.13,59.3 1 0
github.com/yihuang/go-abi/cmd/main.go:61.2,62.29 2 0
github.com/yihuang/go-abi/cmd/main.go:62.29,64.22 2 0
github.com/yihuang/go-abi/cmd/main.go:64.22,67.32 3 0
github.com/yihuang/go-abi/cmd/main.go:67.32,69.5 1 0
github.com/yihuang/go-abi/cmd/main.go:72.2,72.15 1 0
github.com/yihuang/go-abi/cmd/main.go:80.51,84.20 3 0
github.com/yihuang/go-abi/cmd/main.go:85.9,89.4 1 0
github.com/yihuang/go-abi/cmd/main.go:90.9,93.4 1 0
github.com/yihuang/go-abi/cmd/main.go:94.10,95.40 1 0
github.com/yihuang/go-abi/cmd/main.go:97.2,97.13 1 0
github.com/yihuang/go-abi/examples/erc20.abi.go:60.42,64.2 2 0
github.com/yihuang/go-abi/examples/erc20.abi.go:67.62,71.67 2 0
github.com/yihuang/go-abi/examples/erc20.abi.go:71.67,73.3 1 0
github.com/yihuang/go-abi/examples/erc20.abi.go:76.2,76.70 1 0
github.com/yihuang/go-abi/examples/erc20.abi.go:76.70,78.3 1 0
github.com/yihuang/go-abi/examples/erc20.abi.go:80.2,80.27 1 0
github.com/yihuang/go-abi/examples/erc20.abi.go:84.53,86.47 2 0
github.com/yihuang/go-abi/examples/erc20.abi.go:86.47,88.3 1 0
github.com/yihuang/go-abi/examples/erc20.abi.go:89.2,89.17 1 0
github.com/yihuang/go-abi/examples/erc20.abi.go:93.58,94.20 1 0
github.com/yihuang/go-abi/examples/erc20.abi.go:94.20,96.3 1 0
github.com/yihuang/go-abi/examples/erc20.abi.go:97.2,103.16 4 0
github.com/yihuang/go-abi/examples/erc20.abi.go:103.16,105.3 1 0
github.com/yihuang/go-abi/examples/erc20.abi.go:107.2,108.16 2 0
github.com/yihuang/go-abi/examples/erc20.abi.go:108.16,110.3 1 0
github.com/yihuang/go-abi/examples/erc20.abi.go:111.2,111.27 1 0
github.com/yihuang/go-abi/examples/erc20.abi.go:115.61,118.50 3 0
github.com/yihuang/go-abi/examples/erc20.abi.go:118.50,120.3 1 0
github.com/yihuang/go-abi/examples/erc20.abi.go:121.2,121.20 1 0
github.com/yihuang/go-abi/examples/erc20.abi.go:132.44,136.2 2 0
github.com/yihuang/go-abi/examples/erc20.abi.go:139.64,143.68 2 0
github.com/yihuang/go-abi/examples/erc20.abi.go:143.68,145.3 1 0
github.com/yihuang/go-abi/examples/erc20.abi.go:147.2,147.27 1 0
github.com/yihuang/go-abi/examples/erc20.abi.go:151.55,153.47 2 0
github.com/yihuang/go-abi/examples/erc20.abi.go:153.47,155.3 1 0
github.com/yihuang/go-abi/examples/erc20.abi.go:156.2,156.17 1 0
github.com/yihuang/go-abi/examples/erc20.abi.go:160.60,161.20 1 0
github.com/yihuang/go-abi/examples/erc20.abi.go:161.20,163.3 1 0
github.com/yihuang/go-abi/examples/erc20.abi.go:164.2,170.16 4 0
github.com/yihuang/go-abi/examples/erc20.abi.go:170.16,172.3 1 0
github.com/yihuang/go-abi/examples/erc20.abi.go:173.2,173.27 1 0
github.com/yihuang/go-abi/examples/erc20.abi.go:185.40,189.2 2 0
github.com/yihuang/go-abi/examples/erc20.abi.go:192.60,196.69 2 0
github.com/yihuang/go-abi/examples/erc20.abi.go:196.69,198.3 1 0
github.com/yihuang/go-abi/examples/erc20.abi.go:201.2,201.69 1 0
github.com/yihuang/go-abi/examples/erc20.abi.go:201.69,203.3 1 0
github.com/yihuang/go-abi/examples/erc20.abi.go:205.2,205.27 1 0
github.com/yihuang/go-abi/examples/erc20.abi.go:209.51,211.47 2 0
github.com/yihuang/go-abi/examples/erc20.abi.go:211.47,213.3 1 0
github.com/yihuang/go-abi/examples/erc20.abi.go:214.2,214.17 1 0
github.com/yihuang/go-abi/examples/erc20.abi.go:218.56,219.20 1 0
github.com/yihuang/go-abi/examples/erc20.abi.go:219.20,221.3 1 0
github.com/yihuang/go-abi/examples/erc20.abi.go:222.2,228.16 4 0
github.com/yihuang/go-abi/examples/erc20.abi.go:228.16,230.3 1 0
github.com/yihuang/go-abi/examples/erc20.abi.go:232.2,233.16 2 0
github.com/yihuang/go-abi/examples/erc20.abi.go:233.16,235.3 1 0
github.com/yihuang/go-abi/examples/erc20.abi.go:236.2,236.27 1 0
github.com/yihuang/go-abi/examples/erc20.abi.go:240.59,243.50 3 0
github.com/yihuang/go-abi/examples/erc20.abi.go:243.50,245.3 1 0
github.com/yihuang/go-abi/examples/erc20.abi.go:246.2,246.20 1 0
github.com/yihuang/go-abi/examples/erc20.abi.go:257.42,261.2 2 0
github.com/yihuang/go-abi/examples/erc20.abi.go:264.62,268.65 2 0
github.com/yihuang/go-abi/examples/erc20.abi.go:268.65,270.3 1 0
github.com/yihuang/go-abi/examples/erc20.abi.go:272.2,272.27 1 0
github.com/yihuang/go-abi/examples/erc20.abi.go:276.53,278.47 2 0
github.com/yihuang/go-abi/examples/erc20.abi.go:278.47,280.3 1 0
github.com/yihuang/go-abi/examples/erc20.abi.go:281.2,281.17 1 0
github.com/yihuang/go-abi/examples/erc20.abi.go:285.58,286.20 1 0
github.com/yihuang/go-abi/examples/erc20.abi.go:286.20,288.3 1 0
github.com/yihuang/go-abi/examples/erc20.abi.go:289.2,295.16 4 0
github.com/yihuang/go-abi/examples/erc20.abi.go:295.16,297.3 1 0
github.com/yihuang/go-abi/examples/erc20.abi.go:298.2,298.27 1 0
github.com/yihuang/go-abi/examples/erc20.abi.go:309.42,313.2 2 0
github.com/yihuang/go-abi/examples/erc20.abi.go:316.62,320.69 2 0
github.com/yihuang/go-abi/examples/erc20.abi.go:320.69,322.3 1 0
github.com/yihuang/go-abi/examples/erc20.abi.go:324.2,324.27 1 0
github.com/yihuang/go-abi/examples/erc20.abi.go:328.53,330.47 2 0
github.com/yihuang/go-abi/examples/erc20.abi.go:330.47,332.3 1 0
github.com/yihuang/go-abi/examples/erc20.abi.go:333.2,333.17 1 0
github.com/yihuang/go-abi/examples/erc20.abi.go:337.58,338.20 1 0
github.com/yihuang/go-abi/examples/erc20.abi.go:338.20,340.3 1 0
github.com/yihuang/go-abi/examples/erc20.abi.go:341.2,347.16 4 0
github.com/yihuang/go-abi/examples/erc20.abi.go:347.16,349.3 1 0
github.com/yihuang/go-abi/examples/erc20.abi.go:350.2,350.27 1 0
github.com/yihuang/go-abi/examples/erc20.abi.go:354.61,357.50 3 0
github.com/yihuang/go-abi/examples/erc20.abi.go:357.50,359.3 1 0
github.com/yihuang/go-abi/examples/erc20.abi.go:360.2,360.20 1 0
github.com/yihuang/go-abi/examples/erc20.abi.go:371.44,375.2 2 0
github.com/yihuang/go-abi/examples/erc20.abi.go:378.64,382.68 2 0
github.com/yihuang/go-abi/examples/erc20.abi.go:382.68,384.3 1 0
github.com/yihuang/go-abi/examples/erc20.abi.go:386.2,386.27 1 0
github.com/yihuang/go-abi/examples/erc20.abi.go:390.55,392.47 2 0
github.com/yihuang/go-abi/examples/erc20.abi.go:392.47,394.3 1 0
github.com/yihuang/go-abi/examples/erc20.abi.go:395.2,395.17 1 0
github.com/yihuang/go-abi/examples/erc20.abi.go:399.60,400.20 1 0
github.com/yihuang/go-abi/examples/erc20.abi.go:400.20,402.3 1 0
github.com/yihuang/go-abi/examples/erc20.abi.go:403.2,409.16 4 0
github.com/yihuang/go-abi/examples/erc20.abi.go:409.16,411.3 1 0
github.com/yihuang/go-abi/examples/erc20.abi.go:412.2,412.27 1 0
github.com/yihuang/go-abi/examples/erc20.abi.go:421.60,424.50 3 0
github.com/yihuang/go-abi/examples/erc20.abi.go:424.50,426.3 1 0
github.com/yihuang/go-abi/examples/erc20.abi.go:427.2,427.20 1 0
github.com/yihuang/go-abi/examples/erc20.abi.go:438.43,442.2 2 0
github.com/yihuang/go-abi/examples/erc20.abi.go:445.63,449.66 2 0
github.com/yihuang/go-abi/examples/erc20.abi.go:449.66,451.3 1 0
github.com/yihuang/go-abi/examples/erc20.abi.go:453.2,453.27 1 0
github.com/yihuang/go-abi/examples/erc20.abi.go:457.54,459.47 2 0
github.com/yihuang/go-abi/examples/erc20.abi.go:459.47,461.3 1 0
github.com/yihuang/go-abi/examples/erc20.abi.go:462.2,462.17 1 0
github.com/yihuang/go-abi/examples/erc20.abi.go:466.59,467.20 1 0
github.com/yihuang/go-abi/examples/erc20.abi.go:467.20,469.3 1 0
github.com/yihuang/go-abi/examples/erc20.abi.go:470.2,476.16 4 0
github.com/yihuang/go-abi/examples/erc20.abi.go:476.16,478.3 1 0
github.com/yihuang/go-abi/examples/erc20.abi.go:479.2,479.27 1 0
github.com/yihuang/go-abi/examples/erc20.abi.go:488.56,491.50 3 0
github.com/yihuang/go-abi/examples/erc20.abi.go:491.50,493.3 1 0
github.com/yihuang/go-abi/examples/erc20.abi.go:494.2,494.20 1 0
github.com/yihuang/go-abi/examples/erc20.abi.go:505.39,510.2 3 0
github.com/yihuang/go-abi/examples/erc20.abi.go:513.59,525.16 5 0
github.com/yihuang/go-abi/examples/erc20.abi.go:525.16,527.3 1 0
github.com/yihuang/go-abi/examples/erc20.abi.go:528.2,530.27 2 0
github.com/yihuang/go-abi/examples/erc20.abi.go:534.50,536.47 2 0
github.com/yihuang/go-abi/examples/erc20.abi.go:536.47,538.3 1 0
github.com/yihuang/go-abi/examples/erc20.abi.go:539.2,539.17 1 0
github.com/yihuang/go-abi/examples/erc20.abi.go:543.55,544.20 1 0
github.com/yihuang/go-abi/examples/erc20.abi.go:544.20,546.3 1 0
github.com/yihuang/go-abi/examples/erc20.abi.go:547.2,553.2 3 0
github.com/yihuang/go-abi/examples/erc20.abi.go:553.2,555.30 2 0
github.com/yihuang/go-abi/examples/erc20.abi.go:555.30,557.4 1 0
github.com/yihuang/go-abi/examples/erc20.abi.go:558.3,559.17 2 0
github.com/yihuang/go-abi/examples/erc20.abi.go:559.17,561.4 1 0
github.com/yihuang/go-abi/examples/erc20.abi.go:562.3,562.21 1 0
github.com/yihuang/go-abi/examples/erc20.abi.go:564.2,564.27 1 0
github.com/yihuang/go-abi/examples/erc20.abi.go:573.58,576.50 3 0
github.com/yihuang/go-abi/examples/erc20.abi.go:576.50,578.3 1 0
github.com/yihuang/go-abi/examples/erc20.abi.go:579.2,579.20 1 0
github.com/yihuang/go-abi/examples/erc20.abi.go:590.41,595.2 3 0
github.com/yihuang/go-abi/examples/erc20.abi.go:598.61,610.16 5 0
github.com/yihuang/go-abi/examples/erc20.abi.go:610.16,612.3 1 0
github.com/yihuang/go-abi/examples/erc20.abi.go:613.2,615.27 2 0
github.com/yihuang/go-abi/examples/erc20.abi.go:619.52,621.47 2 0
github.com/yihuang/go-abi/examples/erc20.abi.go:621.47,623.3 1 0
github.com/yihuang/go-abi/examples/erc20.abi.go:624.2,624.17 1 0
github.com/yihuang/go-abi/examples/erc20.abi.go:628.57,629.20 1 0
github.com/yihuang/go-abi/examples/erc20.abi.go:629.20,631.3 1 0
github.com/yihuang/go-abi/examples/erc20.abi.go:632.2,638.2 3 0
github.com/yihuang/go-abi/examples/erc20.abi.go:638.2,640.30 2 0
github.com/yihuang/go-abi/examples/erc20.abi.go:640.30,642.4 1 0
github.com/yihuang/go-abi/examples/erc20.abi.go:643.3,644.17 2 0
github.com/yihuang/go-abi/examples/erc20.abi.go:644.17,646.4 1 0
github.com/yihuang/go-abi/examples/erc20.abi.go:647.3,647.21 1 0
github.com/yihuang/go-abi/examples/erc20.abi.go:649.2,649.27 1 0
github.com/yihuang/go-abi/examples/erc20.abi.go:658.63,661.50 3 0
github.com/yihuang/go-abi/examples/erc20.abi.go:661.50,663.3 1 0
github.com/yihuang/go-abi/examples/erc20.abi.go:664.2,664.20 1 0
github.com/yihuang/go-abi/examples/erc20.abi.go:675.46,679.2 2 0
github.com/yihuang/go-abi/examples/erc20.abi.go:682.66,686.68 2 0
github.com/yihuang/go-abi/examples/erc20.abi.go:686.68,688.3 1 0
github.com/yihuang/go-abi/examples/erc20.abi.go:690.2,690.27 1 0
github.com/yihuang/go-abi/examples/erc20.abi.go:694.57,696.47 2 0
github.com/yihuang/go-abi/examples/erc20.abi.go:696.47,698.3 1 0
github.com/yihuang/go-abi/examples/erc20.abi.go:699.2,699.17 1 0
github.com/yihuang/go-abi/examples/erc20.abi.go:703.62,704.20 1 0
github.com/yihuang/go-abi/examples/erc20.abi.go:704.20,706.3 1 0
github.com/yihuang/go-abi/examples/erc20.abi.go:707.2,713.16 4 0
github.com/yihuang/go-abi/examples/erc20.abi.go:713.16,715.3 1 0
github.com/yihuang/go-abi/examples/erc20.abi.go:716.2,716.27 1 0
github.com/yihuang/go-abi/examples/erc20.abi.go:728.41,732.2 2 0
github.com/yihuang/go-abi/examples/erc20.abi.go:735.61,739.64 2 0
github.com/yihuang/go-abi/examples/erc20.abi.go:739.64,741.3 1 0
github.com/yihuang/go-abi/examples/erc20.abi.go:744.2,744.69 1 0
github.com/yihuang/go-abi/examples/erc20.abi.go:744.69,746.3 1 0
github.com/yihuang/go-abi/examples/erc20.abi.go:748.2,748.27 1 0
github.com/yihuang/go-abi/examples/erc20.abi.go:752.52,754.47 2 0
github.com/yihuang/go-abi/examples/erc20.abi.go:754.47,756.3 1 0
github.com/yihuang/go-abi/examples/erc20.abi.go:757.2,757.17 1 0
github.com/yihuang/go-abi/examples/erc20.abi.go:761.57,762.20 1 0
github.com/yihuang/go-abi/examples/erc20.abi.go:762.20,764.3 1 0
github.com/yihuang/go-abi/examples/erc20.abi.go:765.2,771.16 4 0
github.com/yihuang/go-abi/examples/erc20.abi.go:771.16,773.3 1 0
github.com/yihuang/go-abi/examples/erc20.abi.go:775.2,776.16 2 0
github.com/yihuang/go-abi/examples/erc20.abi.go:776.16,778.3 1 0
github.com/yihuang/go-abi/examples/erc20.abi.go:779.2,779.27 1 0
github.com/yihuang/go-abi/examples/erc20.abi.go:783.60,786.50 3 0
github.com/yihuang/go-abi/examples/erc20.abi.go:786.50,788.3 1 0
github.com/yihuang/go-abi/examples/erc20.abi.go:789.2,789.20 1 0
github.com/yihuang/go-abi/examples/erc20.abi.go:800.43,804.2 2 0
github.com/yihuang/go-abi/examples/erc20.abi.go:807.63,811.65 2 0
github.com/yihuang/go-abi/examples/erc20.abi.go:811.65,813.3 1 0
github.com/yihuang/go-abi/examples/erc20.abi.go:815.2,815.27 1 0
github.com/yihuang/go-abi/examples/erc20.abi.go:819.54,821.47 2 0
github.com/yihuang/go-abi/examples/erc20.abi.go:821.47,823.3 1 0
github.com/yihuang/go-abi/examples/erc20.abi.go:824.2,824.17 1 0
github.com/yihuang/go-abi/examples/erc20.abi.go:828.59,829.20 1 0
github.com/yihuang/go-abi/examples/erc20.abi.go:829.20,831.3 1 0
github.com/yihuang/go-abi/examples/erc20.abi.go:832.2,838.16 4 0
github.com/yihuang/go-abi/examples/erc20.abi.go:838.16,840.3 1 0
github.com/yihuang/go-abi/examples/erc20.abi.go:841.2,841.27 1 0
github.com/yihuang/go-abi/examples/erc20.abi.go:854.45,858.2 2 0
github.com/yihuang/go-abi/examples/erc20.abi.go:861.65,865.66 2 0
github.com/yihuang/go-abi/examples/erc20.abi.go:865.66,867.3 1 0
github.com/yihuang/go-abi/examples/erc20.abi.go:870.2,870.65 1 0
github.com/yihuang/go-abi/examples/erc20.abi.go:870.65,872.3 1 0
github.com/yihuang/go-abi/examples/erc20.abi.go:875.2,875.69 1 0
github.com/yihuang/go-abi/examples/erc20.abi.go:875.69,877.3 1 0
github.com/yihuang/go-abi/examples/erc20.abi.go:879.2,879.27 1 0
github.com/yihuang/go-abi/examples/erc20.abi.go:883.56,885.47 2 0
github.com/yihuang/go-abi/examples/erc20.abi.go:885.47,887.3 1 0
github.com/yihuang/go-abi/examples/erc20.abi.go:888.2,888.17 1 0
github.com/yihuang/go-abi/examples/erc20.abi.go:892.61,893.20 1 0
github.com/yihuang/go-abi/examples/erc20.abi.go:893.20,895.3 1 0
github.com/yihuang/go-abi/examples/erc20.abi.go:896.2,902.16 4 0
github.com/yihuang/go-abi/examples/erc20.abi.go:902.16,904.3 1 0
github.com/yihuang/go-abi/examples/erc20.abi.go:906.2,907.16 2 0
github.com/yihuang/go-abi/examples/erc20.abi.go:907.16,909.3 1 0
github.com/yihuang/go-abi/examples/erc20.abi.go:911.2,912.16 2 0
github.com/yihuang/go-abi/examples/erc20.abi.go:912.16,914.3 1 0
github.com/yihuang/go-abi/examples/erc20.abi.go:915.2,915.27 1 0
github.com/yihuang/go-abi/examples/erc20.abi.go:919.64,922.50 3 0
github.com/yihuang/go-abi/examples/erc20.abi.go:922.50,924.3 1 0
github.com/yihuang/go-abi/examples/erc20.abi.go:925.2,925.20 1 0
github.com/yihuang/go-abi/examples/erc20.abi.go:936.47,940.2 2 0
github.com/yihuang/go-abi/examples/erc20.abi.go:943.67,947.65 2 0
github.com/yihuang/go-abi/examples/erc20.abi.go:947.65,949.3 1 0
github.com/yihuang/go-abi/examples/erc20.abi.go:951.2,951.27 1 0
github.com/yihuang/go-abi/examples/erc20.abi.go:955.58,957.47 2 0
github.com/yihuang/go-abi/examples/erc20.abi.go:957.47,959.3 1 0
github.com/yihuang/go-abi/examples/erc20.abi.go:960.2,960.17 1 0
github.com/yihuang/go-abi/examples/erc20.abi.go:964.63,965.20 1 0
github.com/yihuang/go-abi/examples/erc20.abi.go:965.20,967.3 1 0
github.com/yihuang/go-abi/examples/erc20.abi.go:968.2,974.16 4 0
github.com/yihuang/go-abi/examples/erc20.abi.go:974.16,976.3 1 0
github.com/yihuang/go-abi/examples/erc20.abi.go:977.2,977.27 1 0
github.com/yihuang/go-abi/examples/erc20.abi.go:999.17,1009.2 1 0
github.com/yihuang/go-abi/examples/erc20.abi.go:1018.69,1021.2 3 0
github.com/yihuang/go-abi/examples/erc20.abi.go:1021.2,1024.64 2 0
github.com/yihuang/go-abi/examples/erc20.abi.go:1024.64,1026.4 1 0
github.com/yihuang/go-abi/examples/erc20.abi.go:1027.3,1027.32 1 0
github.com/yihuang/go-abi/examples/erc20.abi.go:1029.2,1032.66 2 0
github.com/yihuang/go-abi/examples/erc20.abi.go:1032.66,1034.4 1 0
github.com/yihuang/go-abi/examples/erc20.abi.go:1035.3,1035.32 1 0
github.com/yihuang/go-abi/examples/erc20.abi.go:1037.2,1037.20 1 0
github.com/yihuang/go-abi/examples/erc20.abi.go:1041.73,1042.22 1 0
github.com/yihuang/go-abi/examples/erc20.abi.go:1042.22,1044.3 1 0
github.com/yihuang/go-abi/examples/erc20.abi.go:1045.2,1045.37 1 0
github.com/yihuang/go-abi/examples/erc20.abi.go:1045.37,1047.3 1 0
github.com/yihuang/go-abi/examples/erc20.abi.go:1048.2,1050.16 3 0
github.com/yihuang/go-abi/examples/erc20.abi.go:1050.16,1052.3 1 0
github.com/yihuang/go-abi/examples/erc20.abi.go:1053.2,1054.16 2 0
github.com/yihuang/go-abi/examples/erc20.abi.go:1054.16,1056.3 1 0
github.com/yihuang/go-abi/examples/erc20.abi.go:1057.2,1057.12 1 0
github.com/yihuang/go-abi/examples/erc20.abi.go:1068.46,1072.2 2 0
github.com/yihuang/go-abi/examples/erc20.abi.go:1075.66,1079.67 2 0
github.com/yihuang/go-abi/examples/erc20.abi.go:1079.67,1081.3 1 0
github.com/yihuang/go-abi/examples/erc20.abi.go:1083.2,1083.27 1 0
github.com/yihuang/go-abi/examples/erc20.abi.go:1087.57,1089.47 2 0
github.com/yihuang/go-abi/examples/erc20.abi.go:1089.47,1091.3 1 0
github.com/yihuang/go-abi/examples/erc20.abi.go:1092.2,1092.17 1 0
github.com/yihuang/go-abi/examples/erc20.abi.go:1096.62,1097.20 1 0
github.com/yihuang/go-abi/examples/erc20.abi.go:1097.20,1099.3 1 0
github.com/yihuang/go-abi/examples/erc20.abi.go:1100.2,1106.16 4 0
github.com/yihuang/go-abi/examples/erc20.abi.go:1106.16,1108.3 1 0
github.com/yihuang/go-abi/examples/erc20.abi.go:1109.2,1109.27 1 0
github.com/yihuang/go-abi/examples/erc20.abi.go:1123.17,1133.2 1 0
github.com/yihuang/go-abi/examples/erc20.abi.go:1142.69,1145.2 3 0
github.com/yihuang/go-abi/examples/erc20.abi.go:1145.2,1148.63 2 0
github.com/yihuang/go-abi/examples/erc20.abi.go:1148.63,1150.4 1 0
github.com/yihuang/go-abi/examples/erc20.abi.go:1151.3,1151.32 1 0
github.com/yihuang/go-abi/examples/erc20.abi.go:1153.2,1156.61 2 0
github.com/yihuang/go-abi/examples/erc20.abi.go:1156.61,1158.4 1 0
github.com/yihuang/go-abi/examples/erc20.abi.go:1159.3,1159.32 1 0
github.com/yihuang/go-abi/examples/erc20.abi.go:1161.2,1161.20 1 0
github.com/yihuang/go-abi/examples/erc20.abi.go:1165.73,1166.22 1 0
github.com/yihuang/go-abi/examples/erc20.abi.go:1166.22,1168.3 1 0
github.com/yihuang/go-abi/examples/erc20.abi.go:1169.2,1169.37 1 0
github.com/yihuang/go-abi/examples/erc20.abi.go:1169.37,1171.3 1 0
github.com/yihuang/go-abi/examples/erc20.abi.go:1172.2,1174.16 3 0
github.com/yihuang/go-abi/examples/erc20.abi.go:1174.16,1176.3 1 0
github.com/yihuang/go-abi/examples/erc20.abi.go:1177.2,1178.16 2 0
github.com/yihuang/go-abi/examples/erc20.abi.go:1178.16,1180.3 1 0
github.com/yihuang/go-abi/examples/erc20.abi.go:1181.2,1181.12 1 0
github.com/yihuang/go-abi/examples/erc20.abi.go:1192.46,1196.2 2 0
github.com/yihuang/go-abi/examples/erc20.abi.go:1199.66,1203.67 2 0
github.com/yihuang/go-abi/examples/erc20.abi.go:1203.67,1205.3 1 0
github.com/yihuang/go-abi/examples/erc20.abi.go:1207.2,1207.27 1 0
github.com/yihuang/go-abi/examples/erc20.abi.go:1211.57,1213.47 2 0
github.com/yihuang/go-abi/examples/erc20.abi.go:1213.47,1215.3 1 0
github.com/yihuang/go-abi/examples/erc20.abi.go:1216.2,1216.17 1 0
github.com/yihuang/go-abi/examples/erc20.abi.go:1220.62,1221.20 1 0
github.com/yihuang/go-abi/examples/erc20.abi.go:1221.20,1223.3 1 0
github.com/yihuang/go-abi/examples/erc20.abi.go:1224.2,1230.16 4 0
github.com/yihuang/go-abi/examples/erc20.abi.go:1230.16,1232.3 1 0
github.com/yihuang/go-abi/examples/erc20.abi.go:1233.2,1233.27 1 0
github.com/yihuang/go-abi/examples/simple.abi.go:33.37,37.2 2 0
github.com/yihuang/go-abi/examples/simple.abi.go:40.57,44.64 2 0
github.com/yihuang/go-abi/examples/simple.abi.go:44.64,46.3 1 0
github.com/yihuang/go-abi/examples/simple.abi.go:49.2,49.69 1 0
github.com/yihuang/go-abi/examples/simple.abi.go:49.69,51.3 1 0
github.com/yihuang/go-abi/examples/simple.abi.go:53.2,53.27 1 0
github.com/yihuang/go-abi/examples/simple.abi.go:57.48,59.47 2 0
github.com/yihuang/go-abi/examples/simple.abi.go:59.47,61.3 1 0
github.com/yihuang/go-abi/examples/simple.abi.go:62.2,62.17 1 0
github.com/yihuang/go-abi/examples/simple.abi.go:66.53,67.20 1 0
github.com/yihuang/go-abi/examples/simple.abi.go:67.20,69.3 1 0
github.com/yihuang/go-abi/examples/simple.abi.go:70.2,76.16 4 0
github.com/yihuang/go-abi/examples/simple.abi.go:76.16,78.3 1 0
github.com/yihuang/go-abi/examples/simple.abi.go:80.2,81.16 2 0
github.com/yihuang/go-abi/examples/simple.abi.go:81.16,83.3 1 0
github.com/yihuang/go-abi/examples/simple.abi.go:84.2,84.27 1 0
github.com/yihuang/go-abi/examples/simple.abi.go:88.56,91.50 3 0
github.com/yihuang/go-abi/examples/simple.abi.go:91.50,93.3 1 0
github.com/yihuang/go-abi/examples/simple.abi.go:94.2,94.20 1 0
github.com/yihuang/go-abi/human.go:37.63,40.16 2 1
github.com/yihuang/go-abi/human.go:40.16,42.3 1 0
github.com/yihuang/go-abi/human.go:45.2,46.32 2 1
github.com/yihuang/go-abi/human.go:46.32,48.50 2 1
github.com/yihuang/go-abi/human.go:48.50,49.12 1 1
github.com/yihuang/go-abi/human.go:53.3,53.30 1 1
github.com/yihuang/go-abi/human.go:53.30,54.12 1 1
github.com/yihuang/go-abi/human.go:57.3,58.17 2 1
github.com/yihuang/go-abi/human.go:58.17,60.4 1 1
github.com/yihuang/go-abi/human.go:61.3,61.18 1 1
github.com/yihuang/go-abi/human.go:61.18,63.4 1 1
github.com/yihuang/go-abi/human.go:66.2,66.23 1 1
github.com/yihuang/go-abi/human.go:66.23,68.3 1 0
github.com/yihuang/go-abi/human.go:70.2,71.16 2 1
github.com/yihuang/go-abi/human.go:71.16,73.3 1 0
github.com/yihuang/go-abi/human.go:75.2,75.23 1 1
github.com/yihuang/go-abi/human.go:79.42,81.2 1 1
github.com/yihuang/go-abi/human.go:84.117,87.16 2 1
github.com/yihuang/go-abi/human.go:87.16,89.3 1 1
github.com/yihuang/go-abi/human.go:90.2,90.17 1 1
github.com/yihuang/go-abi/human.go:90.17,92.3 1 1
github.com/yihuang/go-abi/human.go:95.2,96.16 2 1
github.com/yihuang/go-abi/human.go:96.16,98.3 1 0
github.com/yihuang/go-abi/human.go:99.2,99.17 1 1
github.com/yihuang/go-abi/human.go:99.17,101.3 1 1
github.com/yihuang/go-abi/human.go:104.2,105.16 2 1
github.com/yihuang/go-abi/human.go:105.16,107.3 1 0
github.com/yihuang/go-abi/human.go:108.2,108.17 1 1
github.com/yihuang/go-abi/human.go:108.17,110.3 1 1
github.com/yihuang/go-abi/human.go:113.2,113.46 1 1
github.com/yihuang/go-abi/human.go:113.46,115.3 1 1
github.com/yihuang/go-abi/human.go:117.2,117.66 1 1
github.com/yihuang/go-abi/human.go:121.61,123.2 1 0
github.com/yihuang/go-abi/human.go:126.121,128.20 2 1
github.com/yihuang/go-abi/human.go:128.20,130.3 1 1
github.com/yihuang/go-abi/human.go:132.2,138.21 5 1
github.com/yihuang/go-abi/human.go:138.21,141.46 2 1
github.com/yihuang/go-abi/human.go:141.46,142.22 1 1
github.com/yihuang/go-abi/human.go:142.22,144.5 1 1
github.com/yihuang/go-abi/human.go:144.10,144.29 1 1
github.com/yihuang/go-abi/human.go:144.29,146.24 2 1
github.com/yihuang/go-abi/human.go:146.24,148.11 2 1
github.com/yihuang/go-abi/human.go:155.2,156.39 2 1
github.com/yihuang/go-abi/human.go:156.39,158.25 2 1
github.com/yihuang/go-abi/human.go:158.25,161.23 2 1
github.com/yihuang/go-abi/human.go:161.23,165.40 3 1
github.com/yihuang/go-abi/human.go:165.40,166.24 1 1
github.com/yihuang/go-abi/human.go:166.24,168.7 1 1
github.com/yihuang/go-abi/human.go:168.12,168.31 1 1
github.com/yihuang/go-abi/human.go:168.31,170.26 2 1
github.com/yihuang/go-abi/human.go:170.26,172.13 2 1
github.com/yihuang/go-abi/human.go:181.2,182.24 2 1
github.com/yihuang/go-abi/human.go:182.24,185.33 2 1
github.com/yihuang/go-abi/human.go:185.33,187.28 2 1
github.com/yihuang/go-abi/human.go:187.28,189.5 1 0
github.com/yihuang/go-abi/human.go:189.10,189.32 1 1
github.com/yihuang/go-abi/human.go:189.32,191.5 1 1
github.com/yihuang/go-abi/human.go:191.10,191.32 1 1
github.com/yihuang/go-abi/human.go:191.32,193.5 1 0
github.com/yihuang/go-abi/human.go:195.8,198.30 2 1
github.com/yihuang/go-abi/human.go:198.30,200.30 2 1
github.com/yihuang/go-abi/human.go:200.30,202.5 1 1
github.com/yihuang/go-abi/human.go:202.10,202.34 1 0
github.com/yihuang/go-abi/human.go:202.34,204.5 1 0
github.com/yihuang/go-abi/human.go:204.10,204.34 1 0
github.com/yihuang/go-abi/human.go:204.34,206.5 1 0
github.com/yihuang/go-abi/human.go:210.2,211.16 2 1
github.com/yihuang/go-abi/human.go:211.16,213.3 1 1
github.com/yihuang/go-abi/human.go:215.2,216.22 2 1
github.com/yihuang/go-abi/human.go:216.22,218.17 2 1
github.com/yihuang/go-abi/human.go:218.17,220.4 1 1
github.com/yihuang/go-abi/human.go:223.2,229.8 1 1
github.com/yihuang/go-abi/human.go:233.65,235.2 1 0
github.com/yihuang/go-abi/human.go:238.118,240.20 2 1
github.com/yihuang/go-abi/human.go:240.20,242.3 1 1
github.com/yihuang/go-abi/human.go:244.2,248.16 4 1
github.com/yihuang/go-abi/human.go:248.16,250.3 1 0
github.com/yihuang/go-abi/human.go:252.2,257.8 1 1
github.com/yihuang/go-abi/human.go:261.62,263.2 1 0
github.com/yihuang/go-abi/human.go:266.124,268.20 2 1
github.com/yihuang/go-abi/human.go:268.20,270.3 1 1
github.com/yihuang/go-abi/human.go:272.2,275.27 3 1
github.com/yihuang/go-abi/human.go:275.27,277.3 1 1
github.com/yihuang/go-abi/human.go:279.2,280.16 2 1
github.com/yihuang/go-abi/human.go:280.16,282.3 1 0
github.com/yihuang/go-abi/human.go:284.2,288.8 1 1
github.com/yihuang/go-abi/human.go:292.68,294.2 1 0
github.com/yihuang/go-abi/human.go:297.56,299.20 2 1
github.com/yihuang/go-abi/human.go:299.20,301.3 1 1
github.com/yihuang/go-abi/human.go:303.2,306.27 3 1
github.com/yihuang/go-abi/human.go:306.27,308.3 1 1
github.com/yihuang/go-abi/human.go:310.2,313.3 1 1
github.com/yihuang/go-abi/human.go:317.144,318.40 1 1
github.com/yihuang/go-abi/human.go:318.40,320.3 1 1
github.com/yihuang/go-abi/human.go:323.2,324.16 2 1
github.com/yihuang/go-abi/human.go:324.16,326.3 1 0
github.com/yihuang/go-abi/human.go:328.2,330.31 2 1
github.com/yihuang/go-abi/human.go:330.31,332.18 2 1
github.com/yihuang/go-abi/human.go:332.18,333.12 1 0
github.com/yihuang/go-abi/human.go:337.3,338.17 2 1
github.com/yihuang/go-abi/human.go:338.17,340.4 1 1
github.com/yihuang/go-abi/human.go:342.3,342.36 1 1
github.com/yihuang/go-abi/human.go:345.2,345.20 1 1
github.com/yihuang/go-abi/human.go:349.140,352.38 1 1
github.com/yihuang/go-abi/human.go:352.38,355.31 2 1
github.com/yihuang/go-abi/human.go:355.31,356.17 1 1
github.com/yihuang/go-abi/human.go:356.17,358.5 1 1
github.com/yihuang/go-abi/human.go:358.10,358.24 1 1
github.com/yihuang/go-abi/human.go:358.24,360.24 2 1
github.com/yihuang/go-abi/human.go:360.24,363.6 1 1
github.com/yihuang/go-abi/human.go:369.2,370.20 2 1
github.com/yihuang/go-abi/human.go:370.20,372.3 1 1
github.com/yihuang/go-abi/human.go:374.2,379.20 5 1
github.com/yihuang/go-abi/human.go:379.20,381.3 1 1
github.com/yihuang/go-abi/human.go:382.2,386.20 3 1
github.com/yihuang/go-abi/human.go:386.20,387.60 1 1
github.com/yihuang/go-abi/human.go:387.60,395.15 2 1
github.com/yihuang/go-abi/human.go:395.15,397.5 1 1
github.com/yihuang/go-abi/human.go:398.4,398.22 1 1
github.com/yihuang/go-abi/human.go:403.2,405.16 3 1
github.com/yihuang/go-abi/human.go:405.16,407.3 1 1
github.com/yihuang/go-abi/human.go:409.2,414.13 2 1
github.com/yihuang/go-abi/human.go:414.13,416.3 1 1
github.com/yihuang/go-abi/human.go:418.2,418.22 1 1
github.com/yihuang/go-abi/human.go:422.145,426.30 3 1
github.com/yihuang/go-abi/human.go:426.30,427.16 1 1
github.com/yihuang/go-abi/human.go:427.16,429.4 1 1
github.com/yihuang/go-abi/human.go:429.9,429.23 1 1
github.com/yihuang/go-abi/human.go:429.23,431.23 2 1
github.com/yihuang/go-abi/human.go:431.23,433.10 2 1
github.com/yihuang/go-abi/human.go:438.2,438.20 1 1
github.com/yihuang/go-abi/human.go:438.20,440.3 1 0
github.com/yihuang/go-abi/human.go:443.2,447.16 3 1
github.com/yihuang/go-abi/human.go:447.16,449.3 1 0
github.com/yihuang/go-abi/human.go:452.2,457.32 5 1
github.com/yihuang/go-abi/human.go:457.32,459.22 2 1
github.com/yihuang/go-abi/human.go:459.22,461.42 1 1
github.com/yihuang/go-abi/human.go:461.42,465.5 2 1
github.com/yihuang/go-abi/human.go:465.10,465.113 1 1
github.com/yihuang/go-abi/human.go:465.113,470.5 3 0
github.com/yihuang/go-abi/human.go:470.10,473.5 1 1
github.com/yihuang/go-abi/human.go:477.2,483.13 2 1
github.com/yihuang/go-abi/human.go:483.13,485.3 1 1
github.com/yihuang/go-abi/human.go:485.8,485.25 1 1
github.com/yihuang/go-abi/human.go:485.25,487.3 1 0
github.com/yihuang/go-abi/human.go:492.2,492.22 1 1
github.com/yihuang/go-abi/human.go:496.65,501.23 4 1
github.com/yihuang/go-abi/human.go:501.23,502.16 1 1
github.com/yihuang/go-abi/human.go:502.16,505.4 2 1
github.com/yihuang/go-abi/human.go:505.9,505.23 1 1
github.com/yihuang/go-abi/human.go:505.23,508.4 2 1
github.com/yihuang/go-abi/human.go:508.9,508.42 1 1
github.com/yihuang/go-abi/human.go:508.42,511.18 2 1
github.com/yihuang/go-abi/human.go:511.18,513.5 1 1
github.com/yihuang/go-abi/human.go:514.4,514.19 1 1
github.com/yihuang/go-abi/human.go:515.9,517.4 1 1
github.com/yihuang/go-abi/human.go:521.2,522.16 2 1
github.com/yihuang/go-abi/human.go:522.16,524.3 1 1
github.com/yihuang/go-abi/human.go:527.2,527.21 1 1
github.com/yihuang/go-abi/human.go:527.21,529.3 1 0
github.com/yihuang/go-abi/human.go:531.2,531.19 1 1
github.com/yihuang/go-abi/human.go:535.52,537.38 1 1
github.com/yihuang/go-abi/human.go:537.38,540.17 3 0
github.com/yihuang/go-abi/human.go:540.17,542.4 1 0
github.com/yihuang/go-abi/human.go:543.3,543.36 1 0
github.com/yihuang/go-abi/human.go:547.2,547.86 1 1
github.com/yihuang/go-abi/human.go:547.86,552.17 4 0
github.com/yihuang/go-abi/human.go:552.17,554.4 1 0
github.com/yihuang/go-abi/human.go:556.3,556.50 1 0
github.com/yihuang/go-abi/human.go:556.50,558.4 1 0
github.com/yihuang/go-abi/human.go:560.3,560.51 1 0
github.com/yihuang/go-abi/human.go:564.2,571.55 2 1
github.com/yihuang/go-abi/human.go:571.55,573.3 1 1
github.com/yihuang/go-abi/human.go:576.2,576.41 1 1
github.com/yihuang/go-abi/human.go:576.41,577.23 1 1
github.com/yihuang/go-abi/human.go:577.23,579.81 2 1
github.com/yihuang/go-abi/human.go:579.81,581.5 1 1
github.com/yihuang/go-abi/human.go:583.3,583.59 1 0
github.com/yihuang/go-abi/human.go:587.2,587.77 1 1
github.com/yihuang/go-abi/human.go:587.77,590.41 2 1
github.com/yihuang/go-abi/human.go:590.41,592.4 1 1
github.com/yihuang/go-abi/human.go:592.9,594.4 1 1
github.com/yihuang/go-abi/human.go:596.3,596.34 1 1
github.com/yihuang/go-abi/human.go:596.34,599.4 1 1
github.com/yihuang/go-abi/human.go:601.3,601.33 1 1
github.com/yihuang/go-abi/human.go:601.33,603.82 2 1
github.com/yihuang/go-abi/human.go:603.82,605.5 1 1
github.com/yihuang/go-abi/human.go:607.3,607.61 1 1
github.com/yihuang/go-abi/human.go:611.2,611.72 1 0
github.com/yihuang/go-abi/human.go:611.72,613.3 1 0
github.com/yihuang/go-abi/human.go:617.2,617.21 1 0
github.com/yihuang/go-abi/human.go:621.80,626.29 3 1
github.com/yihuang/go-abi/human.go:626.29,628.50 2 1
github.com/yihuang/go-abi/human.go:628.50,629.12 1 1
github.com/yihuang/go-abi/human.go:632.3,633.21 2 1
github.com/yihuang/go-abi/human.go:633.21,634.12 1 1
github.com/yihuang/go-abi/human.go:637.3,644.33 5 1
github.com/yihuang/go-abi/human.go:644.33,646.18 2 1
github.com/yihuang/go-abi/human.go:646.18,647.13 1 1
github.com/yihuang/go-abi/human.go:651.4,652.22 2 1
github.com/yihuang/go-abi/human.go:652.22,653.13 1 0
github.com/yihuang/go-abi/human.go:656.4,658.22 3 1
github.com/yihuang/go-abi/human.go:658.22,660.5 1 1
github.com/yihuang/go-abi/human.go:663.4,667.46 2 1
github.com/yihuang/go-abi/human.go:670.3,670.27 1 1
github.com/yihuang/go-abi/human.go:670.27,672.4 1 0
github.com/yihuang/go-abi/human.go:674.3,674.36 1 1
github.com/yihuang/go-abi/human.go:678.2,678.47 1 1
github.com/yihuang/go-abi/human.go:678.47,680.17 2 1
github.com/yihuang/go-abi/human.go:680.17,682.4 1 0
github.com/yihuang/go-abi/human.go:683.3,683.27 1 1
github.com/yihuang/go-abi/human.go:686.2,686.21 1 1
github.com/yihuang/go-abi/human.go:690.173,693.35 2 1
github.com/yihuang/go-abi/human.go:693.35,697.44 2 1
github.com/yihuang/go-abi/human.go:697.44,699.12 2 0
github.com/yihuang/go-abi/human.go:702.3,703.21 2 1
github.com/yihuang/go-abi/human.go:703.21,705.4 1 0
github.com/yihuang/go-abi/human.go:707.3,711.56 3 1
github.com/yihuang/go-abi/human.go:711.56,713.28 1 1
github.com/yihuang/go-abi/human.go:713.28,715.5 1 0
github.com/yihuang/go-abi/human.go:718.4,719.32 2 1
github.com/yihuang/go-abi/human.go:719.32,721.5 1 0
github.com/yihuang/go-abi/human.go:722.4,725.18 3 1
github.com/yihuang/go-abi/human.go:725.18,727.5 1 0
github.com/yihuang/go-abi/human.go:730.4,736.47 2 1
github.com/yihuang/go-abi/human.go:737.9,739.54 1 1
github.com/yihuang/go-abi/human.go:739.54,741.5 1 0
github.com/yihuang/go-abi/human.go:742.4,742.42 1 1
github.com/yihuang/go-abi/human.go:746.2,746.24 1 1
github.com/yihuang/go-abi/stdlib.abi.go:27.67,30.2 2 0
github.com/yihuang/go-abi/stdlib.abi.go:33.74,40.29 4 0
github.com/yihuang/go-abi/stdlib.abi.go:40.29,42.17 2 0
github.com/yihuang/go-abi/stdlib.abi.go:42.17,44.4 1 0
github.com/yihuang/go-abi/stdlib.abi.go:45.3,45.14 1 0
github.com/yihuang/go-abi/stdlib.abi.go:48.2,48.25 1 0
github.com/yihuang/go-abi/stdlib.abi.go:52.54,53.11 1 0
github.com/yihuang/go-abi/stdlib.abi.go:53.11,55.3 1 0
github.com/yihuang/go-abi/stdlib.abi.go:56.2,56.16 1 0
github.com/yihuang/go-abi/stdlib.abi.go:60.61,67.29 4 0
github.com/yihuang/go-abi/stdlib.abi.go:67.29,69.17 2 0
github.com/yihuang/go-abi/stdlib.abi.go:69.17,71.4 1 0
github.com/yihuang/go-abi/stdlib.abi.go:72.3,72.14 1 0
github.com/yihuang/go-abi/stdlib.abi.go:75.2,75.25 1 0
github.com/yihuang/go-abi/stdlib.abi.go:79.57,87.2 3 0
github.com/yihuang/go-abi/stdlib.abi.go:90.61,93.2 2 0
github.com/yihuang/go-abi/stdlib.abi.go:96.68,103.29 4 0
github.com/yihuang/go-abi/stdlib.abi.go:103.29,105.17 2 0
github.com/yihuang/go-abi/stdlib.abi.go:105.17,107.4 1 0
github.com/yihuang/go-abi/stdlib.abi.go:108.3,108.14 1 0
github.com/yihuang/go-abi/stdlib.abi.go:111.2,111.25 1 0
github.com/yihuang/go-abi/stdlib.abi.go:115.64,123.29 5 0
github.com/yihuang/go-abi/stdlib.abi.go:123.29,130.17 4 0
github.com/yihuang/go-abi/stdlib.abi.go:130.17,132.4 1 0
github.com/yihuang/go-abi/stdlib.abi.go:133.3,133.21 1 0
github.com/yihuang/go-abi/stdlib.abi.go:136.2,136.32 1 0
github.com/yihuang/go-abi/stdlib.abi.go:140.56,141.15 1 0
github.com/yihuang/go-abi/stdlib.abi.go:141.15,142.27 1 0
github.com/yihuang/go-abi/stdlib.abi.go:142.27,144.4 1 0
github.com/yihuang/go-abi/stdlib.abi.go:146.2,147.16 2 0
github.com/yihuang/go-abi/stdlib.abi.go:151.63,158.29 4 0
github.com/yihuang/go-abi/stdlib.abi.go:158.29,160.17 2 0
github.com/yihuang/go-abi/stdlib.abi.go:160.17,162.4 1 0
github.com/yihuang/go-abi/stdlib.abi.go:163.3,163.14 1 0
github.com/yihuang/go-abi/stdlib.abi.go:166.2,166.25 1 0
github.com/yihuang/go-abi/stdlib.abi.go:170.56,171.15 1 0
github.com/yihuang/go-abi/stdlib.abi.go:171.15,172.27 1 0
github.com/yihuang/go-abi/stdlib.abi.go:172.27,174.4 1 0
github.com/yihuang/go-abi/stdlib.abi.go:176.2,177.16 2 0
github.com/yihuang/go-abi/stdlib.abi.go:181.63,188.29 4 0
github.com/yihuang/go-abi/stdlib.abi.go:188.29,190.17 2 0
github.com/yihuang/go-abi/stdlib.abi.go:190.17,192.4 1 0
github.com/yihuang/go-abi/stdlib.abi.go:193.3,193.14 1 0
github.com/yihuang/go-abi/stdlib.abi.go:196.2,196.25 1 0
github.com/yihuang/go-abi/stdlib.abi.go:200.60,201.60 1 0
github.com/yihuang/go-abi/stdlib.abi.go:201.60,203.3 1 0
github.com/yihuang/go-abi/stdlib.abi.go:204.2,204.16 1 0
github.com/yihuang/go-abi/stdlib.abi.go:208.67,215.29 4 0
github.com/yihuang/go-abi/stdlib.abi.go:215.29,217.17 2 0
github.com/yihuang/go-abi/stdlib.abi.go:217.17,219.4 1 0
github.com/yihuang/go-abi/stdlib.abi.go:220.3,220.14 1 0
github.com/yihuang/go-abi/stdlib.abi.go:223.2,223.25 1 0
github.com/yihuang/go-abi/stdlib.abi.go:227.56,228.15 1 0
github.com/yihuang/go-abi/stdlib.abi.go:228.15,229.27 1 0
github.com/yihuang/go-abi/stdlib.abi.go:229.27,231.4 1 0
github.com/yihuang/go-abi/stdlib.abi.go:233.2,234.16 2 0
github.com/yihuang/go-abi/stdlib.abi.go:238.63,245.29 4 0
github.com/yihuang/go-abi/stdlib.abi.go:245.29,247.17 2 0
github.com/yihuang/go-abi/stdlib.abi.go:247.17,249.4 1 0
github.com/yihuang/go-abi/stdlib.abi.go:250.3,250.14 1 0
github.com/yihuang/go-abi/stdlib.abi.go:253.2,253.25 1 0
github.com/yihuang/go-abi/stdlib.abi.go:257.56,258.15 1 0
github.com/yihuang/go-abi/stdlib.abi.go:258.15,259.27 1 0
github.com/yihuang/go-abi/stdlib.abi.go:259.27,261.4 1 0
github.com/yihuang/go-abi/stdlib.abi.go:263.2,264.16 2 0
github.com/yihuang/go-abi/stdlib.abi.go:268.63,275.29 4 0
github.com/yihuang/go-abi/stdlib.abi.go:275.29,277.17 2 0
github.com/yihuang/go-abi/stdlib.abi.go:277.17,279.4 1 0
github.com/yihuang/go-abi/stdlib.abi.go:280.3,280.14 1 0
github.com/yihuang/go-abi/stdlib.abi.go:283.2,283.25 1 0
github.com/yihuang/go-abi/stdlib.abi.go:287.56,288.15 1 0
github.com/yihuang/go-abi/stdlib.abi.go:288.15,289.27 1 0
github.com/yihuang/go-abi/stdlib.abi.go:289.27,291.4 1 0
github.com/yihuang/go-abi/stdlib.abi.go:293.2,294.16 2 0
github.com/yihuang/go-abi/stdlib.abi.go:298.63,305.29 4 0
github.com/yihuang/go-abi/stdlib.abi.go:305.29,307.17 2 0
github.com/yihuang/go-abi/stdlib.abi.go:307.17,309.4 1 0
github.com/yihuang/go-abi/stdlib.abi.go:310.3,310.14 1 0
github.com/yihuang/go-abi/stdlib.abi.go:313.2,313.25 1 0
github.com/yihuang/go-abi/stdlib.abi.go:317.56,318.15 1 0
github.com/yihuang/go-abi/stdlib.abi.go:318.15,319.27 1 0
github.com/yihuang/go-abi/stdlib.abi.go:319.27,321.4 1 0
github.com/yihuang/go-abi/stdlib.abi.go:323.2,324.16 2 0
github.com/yihuang/go-abi/stdlib.abi.go:328.63,335.29 4 0
github.com/yihuang/go-abi/stdlib.abi.go:335.29,337.17 2 0
github.com/yihuang/go-abi/stdlib.abi.go:337.17,339.4 1 0
github.com/yihuang/go-abi/stdlib.abi.go:340.3,340.14 1 0
github.com/yihuang/go-abi/stdlib.abi.go:343.2,343.25 1 0
github.com/yihuang/go-abi/stdlib.abi.go:347.56,348.15 1 0
github.com/yihuang/go-abi/stdlib.abi.go:348.15,349.27 1 0
github.com/yihuang/go-abi/stdlib.abi.go:349.27,351.4 1 0
github.com/yihuang/go-abi/stdlib.abi.go:353.2,354.16 2 0
github.com/yihuang/go-abi/stdlib.abi.go:358.63,365.29 4 0
github.com/yihuang/go-abi/stdlib.abi.go:365.29,367.17 2 0
github.com/yihuang/go-abi/stdlib.abi.go:367.17,369.4 1 0
github.com/yihuang/go-abi/stdlib.abi.go:370.3,370.14 1 0
github.com/yihuang/go-abi/stdlib.abi.go:373.2,373.25 1 0
github.com/yihuang/go-abi/stdlib.abi.go:377.54,378.15 1 0
github.com/yihuang/go-abi/stdlib.abi.go:378.15,379.27 1 0
github.com/yihuang/go-abi/stdlib.abi.go:379.27,381.4 1 0
github.com/yihuang/go-abi/stdlib.abi.go:383.2,384.16 2 0
github.com/yihuang/go-abi/stdlib.abi.go:388.61,395.29 4 0
github.com/yihuang/go-abi/stdlib.abi.go:395.29,397.17 2 0
github.com/yihuang/go-abi/stdlib.abi.go:397.17,399.4 1 0
github.com/yihuang/go-abi/stdlib.abi.go:400.3,400.14 1 0
github.com/yihuang/go-abi/stdlib.abi.go:403.2,403.25 1 0
github.com/yihuang/go-abi/stdlib.abi.go:407.58,415.2 3 0
github.com/yihuang/go-abi/stdlib.abi.go:418.65,426.29 5 0
github.com/yihuang/go-abi/stdlib.abi.go:426.29,433.17 4 0
github.com/yihuang/go-abi/stdlib.abi.go:433.17,435.4 1 0
github.com/yihuang/go-abi/stdlib.abi.go:436.3,436.21 1 0
github.com/yihuang/go-abi/stdlib.abi.go:439.2,439.32 1 0
github.com/yihuang/go-abi/stdlib.abi.go:443.58,446.2 2 0
github.com/yihuang/go-abi/stdlib.abi.go:449.65,456.29 4 0
github.com/yihuang/go-abi/stdlib.abi.go:456.29,458.17 2 0
github.com/yihuang/go-abi/stdlib.abi.go:458.17,460.4 1 0
github.com/yihuang/go-abi/stdlib.abi.go:461.3,461.14 1 0
github.com/yihuang/go-abi/stdlib.abi.go:464.2,464.25 1 0
github.com/yihuang/go-abi/stdlib.abi.go:468.58,471.2 2 0
github.com/yihuang/go-abi/stdlib.abi.go:474.65,481.29 4 0
github.com/yihuang/go-abi/stdlib.abi.go:481.29,483.17 2 0
github.com/yihuang/go-abi/stdlib.abi.go:483.17,485.4 1 0
github.com/yihuang/go-abi/stdlib.abi.go:486.3,486.14 1 0
github.com/yihuang/go-abi/stdlib.abi.go:489.2,489.25 1 0
github.com/yihuang/go-abi/stdlib.abi.go:493.61,494.61 1 0
github.com/yihuang/go-abi/stdlib.abi.go:494.61,496.3 1 0
github.com/yihuang/go-abi/stdlib.abi.go:497.2,497.16 1 0
github.com/yihuang/go-abi/stdlib.abi.go:501.68,508.29 4 0
github.com/yihuang/go-abi/stdlib.abi.go:508.29,510.17 2 0
github.com/yihuang/go-abi/stdlib.abi.go:510.17,512.4 1 0
github.com/yihuang/go-abi/stdlib.abi.go:513.3,513.14 1 0
github.com/yihuang/go-abi/stdlib.abi.go:516.2,516.25 1 0
github.com/yihuang/go-abi/stdlib.abi.go:520.58,523.2 2 0
github.com/yihuang/go-abi/stdlib.abi.go:526.65,533.29 4 0
github.com/yihuang/go-abi/stdlib.abi.go:533.29,535.17 2 0
github.com/yihuang/go-abi/stdlib.abi.go:535.17,537.4 1 0
github.com/yihuang/go-abi/stdlib.abi.go:538.3,538.14 1 0
github.com/yihuang/go-abi/stdlib.abi.go:541.2,541.25 1 0
github.com/yihuang/go-abi/stdlib.abi.go:545.58,548.2 2 0
github.com/yihuang/go-abi/stdlib.abi.go:551.65,558.29 4 0
github.com/yihuang/go-abi/stdlib.abi.go:558.29,560.17 2 0
github.com/yihuang/go-abi/stdlib.abi.go:560.17,562.4 1 0
github.com/yihuang/go-abi/stdlib.abi.go:563.3,563.14 1 0
github.com/yihuang/go-abi/stdlib.abi.go:566.2,566.25 1 0
github.com/yihuang/go-abi/stdlib.abi.go:570.58,573.2 2 0
github.com/yihuang/go-abi/stdlib.abi.go:576.65,583.29 4 0
github.com/yihuang/go-abi/stdlib.abi.go:583.29,585.17 2 0
github.com/yihuang/go-abi/stdlib.abi.go:585.17,587.4 1 0
github.com/yihuang/go-abi/stdlib.abi.go:588.3,588.14 1 0
github.com/yihuang/go-abi/stdlib.abi.go:591.2,591.25 1 0
github.com/yihuang/go-abi/stdlib.abi.go:595.58,598.2 2 0
github.com/yihuang/go-abi/stdlib.abi.go:601.65,608.29 4 0
github.com/yihuang/go-abi/stdlib.abi.go:608.29,610.17 2 0
github.com/yihuang/go-abi/stdlib.abi.go:610.17,612.4 1 0
github.com/yihuang/go-abi/stdlib.abi.go:613.3,613.14 1 0
github.com/yihuang/go-abi/stdlib.abi.go:616.2,616.25 1 0
github.com/yihuang/go-abi/stdlib.abi.go:620.58,623.2 2 0
github.com/yihuang/go-abi/stdlib.abi.go:626.65,633.29 4 0
github.com/yihuang/go-abi/stdlib.abi.go:633.29,635.17 2 0
github.com/yihuang/go-abi/stdlib.abi.go:635.17,637.4 1 0
github.com/yihuang/go-abi/stdlib.abi.go:638.3,638.14 1 0
github.com/yihuang/go-abi/stdlib.abi.go:641.2,641.25 1 0
github.com/yihuang/go-abi/stdlib.abi.go:645.56,648.2 2 0
github.com/yihuang/go-abi/stdlib.abi.go:651.63,658.29 4 0
github.com/yihuang/go-abi/stdlib.abi.go:658.29,660.17 2 0
github.com/yihuang/go-abi/stdlib.abi.go:660.17,662.4 1 0
github.com/yihuang/go-abi/stdlib.abi.go:663.3,663.14 1 0
github.com/yihuang/go-abi/stdlib.abi.go:666.2,666.25 1 0
github.com/yihuang/go-abi/stdlib.abi.go:670.51,673.2 2 0
github.com/yihuang/go-abi/stdlib.abi.go:676.38,679.2 2 0
github.com/yihuang/go-abi/stdlib.abi.go:682.34,685.2 2 0
github.com/yihuang/go-abi/stdlib.abi.go:688.45,691.2 2 0
github.com/yihuang/go-abi/stdlib.abi.go:694.41,696.29 2 0
github.com/yihuang/go-abi/stdlib.abi.go:696.29,698.3 1 0
github.com/yihuang/go-abi/stdlib.abi.go:699.2,699.13 1 0
github.com/yihuang/go-abi/stdlib.abi.go:703.40,706.2 2 0
github.com/yihuang/go-abi/stdlib.abi.go:709.40,712.2 2 0
github.com/yihuang/go-abi/stdlib.abi.go:715.44,718.2 2 0
github.com/yihuang/go-abi/stdlib.abi.go:721.40,724.2 2 0
github.com/yihuang/go-abi/stdlib.abi.go:727.40,730.2 2 0
github.com/yihuang/go-abi/stdlib.abi.go:733.40,736.2 2 0
github.com/yihuang/go-abi/stdlib.abi.go:739.40,742.2 2 0
github.com/yihuang/go-abi/stdlib.abi.go:745.40,748.2 2 0
github.com/yihuang/go-abi/stdlib.abi.go:751.38,754.2 2 0
github.com/yihuang/go-abi/stdlib.abi.go:757.35,760.2 2 0
github.com/yihuang/go-abi/stdlib.abi.go:763.42,765.29 2 0
github.com/yihuang/go-abi/stdlib.abi.go:765.29,767.3 1 0
github.com/yihuang/go-abi/stdlib.abi.go:768.2,768.13 1 0
github.com/yihuang/go-abi/stdlib.abi.go:772.42,775.2 2 0
github.com/yihuang/go-abi/stdlib.abi.go:778.42,781.2 2 0
github.com/yihuang/go-abi/stdlib.abi.go:784.45,787.2 2 0
github.com/yihuang/go-abi/stdlib.abi.go:790.42,793.2 2 0
github.com/yihuang/go-abi/stdlib.abi.go:796.42,799.2 2 0
github.com/yihuang/go-abi/stdlib.abi.go:802.42,805.2 2 0
github.com/yihuang/go-abi/stdlib.abi.go:808.42,811.2 2 0
github.com/yihuang/go-abi/stdlib.abi.go:814.42,817.2 2 0
github.com/yihuang/go-abi/stdlib.abi.go:820.40,823.2 2 0
github.com/yihuang/go-abi/stdlib.abi.go:826.62,830.2 3 0
github.com/yihuang/go-abi/stdlib.abi.go:833.69,836.20 2 0
github.com/yihuang/go-abi/stdlib.abi.go:836.20,838.3 1 0
github.com/yihuang/go-abi/stdlib.abi.go:839.2,840.27 2 0
github.com/yihuang/go-abi/stdlib.abi.go:840.27,842.3 1 0
github.com/yihuang/go-abi/stdlib.abi.go:843.2,850.30 3 0
github.com/yihuang/go-abi/stdlib.abi.go:850.30,852.17 2 0
github.com/yihuang/go-abi/stdlib.abi.go:852.17,854.4 1 0
github.com/yihuang/go-abi/stdlib.abi.go:855.3,855.14 1 0
github.com/yihuang/go-abi/stdlib.abi.go:857.2,857.33 1 0
github.com/yihuang/go-abi/stdlib.abi.go:861.49,864.2 2 0
github.com/yihuang/go-abi/stdlib.abi.go:867.56,870.20 2 0
github.com/yihuang/go-abi/stdlib.abi.go:870.20,872.3 1 0
github.com/yihuang/go-abi/stdlib.abi.go:873.2,874.27 2 0
github.com/yihuang/go-abi/stdlib.abi.go:874.27,876.3 1 0
github.com/yihuang/go-abi/stdlib.abi.go:877.2,884.30 3 0
github.com/yihuang/go-abi/stdlib.abi.go:884.30,886.17 2 0
github.com/yihuang/go-abi/stdlib.abi.go:886.17,888.4 1 0
github.com/yihuang/go-abi/stdlib.abi.go:889.3,889.14 1 0
github.com/yihuang/go-abi/stdlib.abi.go:891.2,891.33 1 0
github.com/yihuang/go-abi/stdlib.abi.go:895.52,898.34 2 0
github.com/yihuang/go-abi/stdlib.abi.go:898.34,900.3 1 0
github.com/yihuang/go-abi/stdlib.abi.go:903.2,905.40 3 0
github.com/yihuang/go-abi/stdlib.abi.go:909.56,913.2 3 0
github.com/yihuang/go-abi/stdlib.abi.go:916.63,919.20 2 0
github.com/yihuang/go-abi/stdlib.abi.go:919.20,921.3 1 0
github.com/yihuang/go-abi/stdlib.abi.go:922.2,923.27 2 0
github.com/yihuang/go-abi/stdlib.abi.go:923.27,925.3 1 0
github.com/yihuang/go-abi/stdlib.abi.go:926.2,933.30 3 0
github.com/yihuang/go-abi/stdlib.abi.go:933.30,935.17 2 0
github.com/yihuang/go-abi/stdlib.abi.go:935.17,937.4 1 0
github.com/yihuang/go-abi/stdlib.abi.go:938.3,938.14 1 0
github.com/yihuang/go-abi/stdlib.abi.go:940.2,940.33 1 0
github.com/yihuang/go-abi/stdlib.abi.go:944.59,947.20 2 0
github.com/yihuang/go-abi/stdlib.abi.go:947.20,949.3 1 0
github.com/yihuang/go-abi/stdlib.abi.go:950.2,951.27 2 0
github.com/yihuang/go-abi/stdlib.abi.go:951.27,953.3 1 0
github.com/yihuang/go-abi/stdlib.abi.go:954.2,962.30 4 0
github.com/yihuang/go-abi/stdlib.abi.go:962.30,965.27 3 0
github.com/yihuang/go-abi/stdlib.abi.go:965.27,967.4 1 0
github.com/yihuang/go-abi/stdlib.abi.go:968.3,969.17 2 0
github.com/yihuang/go-abi/stdlib.abi.go:969.17,971.4 1 0
github.com/yihuang/go-abi/stdlib.abi.go:972.3,972.21 1 0
github.com/yihuang/go-abi/stdlib.abi.go:974.2,974.40 1 0
github.com/yihuang/go-abi/stdlib.abi.go:978.51,981.23 3 0
github.com/yihuang/go-abi/stdlib.abi.go:981.23,983.3 1 0
github.com/yihuang/go-abi/stdlib.abi.go:984.2,984.24 1 0
github.com/yihuang/go-abi/stdlib.abi.go:988.58,991.20 2 0
github.com/yihuang/go-abi/stdlib.abi.go:991.20,993.3 1 0
github.com/yihuang/go-abi/stdlib.abi.go:994.2,995.27 2 0
github.com/yihuang/go-abi/stdlib.abi.go:995.27,997.3 1 0
github.com/yihuang/go-abi/stdlib.abi.go:998.2,1005.30 3 0
github.com/yihuang/go-abi/stdlib.abi.go:1005.30,1007.17 2 0
github.com/yihuang/go-abi/stdlib.abi.go:1007.17,1009.4 1 0
github.com/yihuang/go-abi/stdlib.abi.go:1010.3,1010.14 1 0
github.com/yihuang/go-abi/stdlib.abi.go:1012.2,1012.33 1 0
github.com/yihuang/go-abi/stdlib.abi.go:1016.51,1019.23 3 0
github.com/yihuang/go-abi/stdlib.abi.go:1019.23,1021.3 1 0
github.com/yihuang/go-abi/stdlib.abi.go:1022.2,1022.24 1 0
github.com/yihuang/go-abi/stdlib.abi.go:1026.58,1029.20 2 0
github.com/yihuang/go-abi/stdlib.abi.go:1029.20,1031.3 1 0
github.com/yihuang/go-abi/stdlib.abi.go:1032.2,1033.27 2 0
github.com/yihuang/go-abi/stdlib.abi.go:1033.27,1035.3 1 0
github.com/yihuang/go-abi/stdlib.abi.go:1036.2,1043.30 3 0
github.com/yihuang/go-abi/stdlib.abi.go:1043.30,1045.17 2 0
github.com/yihuang/go-abi/stdlib.abi.go:1045.17,1047.4 1 0
github.com/yihuang/go-abi/stdlib.abi.go:1048.3,1048.14 1 0
github.com/yihuang/go-abi/stdlib.abi.go:1050.2,1050.33 1 0
github.com/yihuang/go-abi/stdlib.abi.go:1054.55,1056.16 2 0
github.com/yihuang/go-abi/stdlib.abi.go:1056.16,1058.3 1 0
github.com/yihuang/go-abi/stdlib.abi.go:1059.2,1059.24 1 0
github.com/yihuang/go-abi/stdlib.abi.go:1063.62,1066.20 2 0
github.com/yihuang/go-abi/stdlib.abi.go:1066.20,1068.3 1 0
github.com/yihuang/go-abi/stdlib.abi.go:1069.2,1070.27 2 0
github.com/yihuang/go-abi/stdlib.abi.go:1070.27,1072.3 1 0
github.com/yihuang/go-abi/stdlib.abi.go:1073.2,1080.30 3 0
github.com/yihuang/go-abi/stdlib.abi.go:1080.30,1082.17 2 0
github.com/yihuang/go-abi/stdlib.abi.go:1082.17,1084.4 1 0
github.com/yihuang/go-abi/stdlib.abi.go:1085.3,1085.14 1 0
github.com/yihuang/go-abi/stdlib.abi.go:1087.2,1087.33 1 0
github.com/yihuang/go-abi/stdlib.abi.go:1091.51,1094.23 3 0
github.com/yihuang/go-abi/stdlib.abi.go:1094.23,1096.3 1 0
github.com/yihuang/go-abi/stdlib.abi.go:1097.2,1097.24 1 0
github.com/yihuang/go-abi/stdlib.abi.go:1101.58,1104.20 2 0
github.com/yihuang/go-abi/stdlib.abi.go:1104.20,1106.3 1 0
github.com/yihuang/go-abi/stdlib.abi.go:1107.2,1108.27 2 0
github.com/yihuang/go-abi/stdlib.abi.go:1108.27,1110.3 1 0
github.com/yihuang/go-abi/stdlib.abi.go:1111.2,1118.30 3 0
github.com/yihuang/go-abi/stdlib.abi.go:1118.30,1120.17 2 0
github.com/yihuang/go-abi/stdlib.abi.go:1120.17,1122.4 1 0
github.com/yihuang/go-abi/stdlib.abi.go:1123.3,1123.14 1 0
github.com/yihuang/go-abi/stdlib.abi.go:1125.2,1125.33 1 0
github.com/yihuang/go-abi/stdlib.abi.go:1129.51,1132.23 3 0
github.com/yihuang/go-abi/stdlib.abi.go:1132.23,1134.3 1 0
github.com/yihuang/go-abi/stdlib.abi.go:1135.2,1135.24 1 0
github.com/yihuang/go-abi/stdlib.abi.go:1139.58,1142.20 2 0
github.com/yihuang/go-abi/stdlib.abi.go:1142.20,1144.3 1 0
github.com/yihuang/go-abi/stdlib.abi.go:1145.2,1146.27 2 0
github.com/yihuang/go-abi/stdlib.abi.go:1146.27,1148.3 1 0
github.com/yihuang/go-abi/stdlib.abi.go:1149.2,1156.30 3 0
github.com/yihuang/go-abi/stdlib.abi.go:1156.30,1158.17 2 0
github.com/yihuang/go-abi/stdlib.abi.go:1158.17,1160.4 1 0
github.com/yihuang/go-abi/stdlib.abi.go:1161.3,1161.14 1 0
github.com/yihuang/go-abi/stdlib.abi.go:1163.2,1163.33 1 0
github.com/yihuang/go-abi/stdlib.abi.go:1167.51,1170.23 3 0
github.com/yihuang/go-abi/stdlib.abi.go:1170.23,1172.3 1 0
github.com/yihuang/go-abi/stdlib.abi.go:1173.2,1173.24 1 0
github.com/yihuang/go-abi/stdlib.abi.go:1177.58,1180.20 2 0
github.com/yihuang/go-abi/stdlib.abi.go:1180.20,1182.3 1 0
github.com/yihuang/go-abi/stdlib.abi.go:1183.2,1184.27 2 0
github.com/yihuang/go-abi/stdlib.abi.go:1184.27,1186.3 1 0
github.com/yihuang/go-abi/stdlib.abi.go:1187.2,1194.30 3 0
github.com/yihuang/go-abi/stdlib.abi.go:1194.30,1196.17 2 0
github.com/yihuang/go-abi/stdlib.abi.go:1196.17,1198.4 1 0
github.com/yihuang/go-abi/stdlib.abi.go:1199.3,1199.14 1 0
github.com/yihuang/go-abi/stdlib.abi.go:1201.2,1201.33 1 0
github.com/yihuang/go-abi/stdlib.abi.go:1205.51,1208.23 3 0
github.com/yihuang/go-abi/stdlib.abi.go:1208.23,1210.3 1 0
github.com/yihuang/go-abi/stdlib.abi.go:1211.2,1211.24 1 0
github.com/yihuang/go-abi/stdlib.abi.go:1215.58,1218.20 2 0
github.com/yihuang/go-abi/stdlib.abi.go:1218.20,1220.3 1 0
github.com/yihuang/go-abi/stdlib.abi.go:1221.2,1222.27 2 0
github.com/yihuang/go-abi/stdlib.abi.go:1222.27,1224.3 1 0
github.com/yihuang/go-abi/stdlib.abi.go:1225.2,1232.30 3 0
github.com/yihuang/go-abi/stdlib.abi.go:1232.30,1234.17 2 0
github.com/yihuang/go-abi/stdlib.abi.go:1234.17,1236.4 1 0
github.com/yihuang/go-abi/stdlib.abi.go:1237.3,1237.14 1 0
github.com/yihuang/go-abi/stdlib.abi.go:1239.2,1239.33 1 0
github.com/yihuang/go-abi/stdlib.abi.go:1243.51,1246.23 3 0
github.com/yihuang/go-abi/stdlib.abi.go:1246.23,1248.3 1 0
github.com/yihuang/go-abi/stdlib.abi.go:1249.2,1249.24 1 0
github.com/yihuang/go-abi/stdlib.abi.go:1253.58,1256.20 2 0
github.com/yihuang/go-abi/stdlib.abi.go:1256.20,1258.3 1 0
github.com/yihuang/go-abi/stdlib.abi.go:1259.2,1260.27 2 0
github.com/yihuang/go-abi/stdlib.abi.go:1260.27,1262.3 1 0
github.com/yihuang/go-abi/stdlib.abi.go:1263.2,1270.30 3 0
github.com/yihuang/go-abi/stdlib.abi.go:1270.30,1272.17 2 0
github.com/yihuang/go-abi/stdlib.abi.go:1272.17,1274.4 1 0
github.com/yihuang/go-abi/stdlib.abi.go:1275.3,1275.14 1 0
github.com/yihuang/go-abi/stdlib.abi.go:1277.2,1277.33 1 0
github.com/yihuang/go-abi/stdlib.abi.go:1281.49,1284.23 3 0
github.com/yihuang/go-abi/stdlib.abi.go:1284.23,1286.3 1 0
github.com/yihuang/go-abi/stdlib.abi.go:1287.2,1287.24 1 0
github.com/yihuang/go-abi/stdlib.abi.go:1291.56,1294.20 2 0
github.com/yihuang/go-abi/stdlib.abi.go:1294.20,1296.3 1 0
github.com/yihuang/go-abi/stdlib.abi.go:1297.2,1298.27 2 0
github.com/yihuang/go-abi/stdlib.abi.go:1298.27,1300.3 1 0
github.com/yihuang/go-abi/stdlib.abi.go:1301.2,1308.30 3 0
github.com/yihuang/go-abi/stdlib.abi.go:1308.30,1310.17 2 0
github.com/yihuang/go-abi/stdlib.abi.go:1310.17,1312.4 1 0
github.com/yihuang/go-abi/stdlib.abi.go:1313.3,1313.14 1 0
github.com/yihuang/go-abi/stdlib.abi.go:1315.2,1315.33 1 0
github.com/yihuang/go-abi/stdlib.abi.go:1319.53,1322.34 2 0
github.com/yihuang/go-abi/stdlib.abi.go:1322.34,1324.3 1 0
github.com/yihuang/go-abi/stdlib.abi.go:1327.2,1328.40 2 0
github.com/yihuang/go-abi/stdlib.abi.go:1332.60,1335.20 2 0
github.com/yihuang/go-abi/stdlib.abi.go:1335.20,1337.3 1 0
github.com/yihuang/go-abi/stdlib.abi.go:1338.2,1339.27 2 0
github.com/yihuang/go-abi/stdlib.abi.go:1339.27,1341.3 1 0
github.com/yihuang/go-abi/stdlib.abi.go:1342.2,1350.30 4 0
github.com/yihuang/go-abi/stdlib.abi.go:1350.30,1353.27 3 0
github.com/yihuang/go-abi/stdlib.abi.go:1353.27,1355.4 1 0
github.com/yihuang/go-abi/stdlib.abi.go:1356.3,1357.17 2 0
github.com/yihuang/go-abi/stdlib.abi.go:1357.17,1359.4 1 0
github.com/yihuang/go-abi/stdlib.abi.go:1360.3,1360.21 1 0
github.com/yihuang/go-abi/stdlib.abi.go:1362.2,1362.40 1 0
github.com/yihuang/go-abi/stdlib.abi.go:1366.53,1370.2 3 0
github.com/yihuang/go-abi/stdlib.abi.go:1373.60,1376.20 2 0
github.com/yihuang/go-abi/stdlib.abi.go:1376.20,1378.3 1 0
github.com/yihuang/go-abi/stdlib.abi.go:1379.2,1380.27 2 0
github.com/yihuang/go-abi/stdlib.abi.go:1380.27,1382.3 1 0
github.com/yihuang/go-abi/stdlib.abi.go:1383.2,1390.30 3 0
github.com/yihuang/go-abi/stdlib.abi.go:1390.30,1392.17 2 0
github.com/yihuang/go-abi/stdlib.abi.go:1392.17,1394.4 1 0
github.com/yihuang/go-abi/stdlib.abi.go:1395.3,1395.14 1 0
github.com/yihuang/go-abi/stdlib.abi.go:1397.2,1397.33 1 0
github.com/yihuang/go-abi/stdlib.abi.go:1401.53,1405.2 3 0
github.com/yihuang/go-abi/stdlib.abi.go:1408.60,1411.20 2 0
github.com/yihuang/go-abi/stdlib.abi.go:1411.20,1413.3 1 0
github.com/yihuang/go-abi/stdlib.abi.go:1414.2,1415.27 2 0
github.com/yihuang/go-abi/stdlib.abi.go:1415.27,1417.3 1 0
github.com/yihuang/go-abi/stdlib.abi.go:1418.2,1425.30 3 0
github.com/yihuang/go-abi/stdlib.abi.go:1425.30,1427.17 2 0
github.com/yihuang/go-abi/stdlib.abi.go:1427.17,1429.4 1 0
github.com/yihuang/go-abi/stdlib.abi.go:1430.3,1430.14 1 0
github.com/yihuang/go-abi/stdlib.abi.go:1432.2,1432.33 1 0
github.com/yihuang/go-abi/stdlib.abi.go:1436.56,1438.16 2 0
github.com/yihuang/go-abi/stdlib.abi.go:1438.16,1440.3 1 0
github.com/yihuang/go-abi/stdlib.abi.go:1441.2,1441.24 1 0
github.com/yihuang/go-abi/stdlib.abi.go:1445.63,1448.20 2 0
github.com/yihuang/go-abi/stdlib.abi.go:1448.20,1450.3 1 0
github.com/yihuang/go-abi/stdlib.abi.go:1451.2,1452.27 2 0
github.com/yihuang/go-abi/stdlib.abi.go:1452.27,1454.3 1 0
github.com/yihuang/go-abi/stdlib.abi.go:1455.2,1462.30 3 0
github.com/yihuang/go-abi/stdlib.abi.go:1462.30,1464.17 2 0
github.com/yihuang/go-abi/stdlib.abi.go:1464.17,1466.4 1 0
github.com/yihuang/go-abi/stdlib.abi.go:1467.3,1467.14 1 0
github.com/yihuang/go-abi/stdlib.abi.go:1469.2,1469.33 1 0
github.com/yihuang/go-abi/stdlib.abi.go:1473.53,1477.2 3 0
github.com/yihuang/go-abi/stdlib.abi.go:1480.60,1483.20 2 0
github.com/yihuang/go-abi/stdlib.abi.go:1483.20,1485.3 1 0
github.com/yihuang/go-abi/stdlib.abi.go:1486.2,1487.27 2 0
github.com/yihuang/go-abi/stdlib.abi.go:1487.27,1489.3 1 0
github.com/yihuang/go-abi/stdlib.abi.go:1490.2,1497.30 3 0
github.com/yihuang/go-abi/stdlib.abi.go:1497.30,1499.17 2 0
github.com/yihuang/go-abi/stdlib.abi.go:1499.17,1501.4 1 0
github.com/yihuang/go-abi/stdlib.abi.go:1502.3,1502.14 1 0
github.com/yihuang/go-abi/stdlib.abi.go:1504.2,1504.33 1 0
github.com/yihuang/go-abi/stdlib.abi.go:1508.53,1512.2 3 0
github.com/yihuang/go-abi/stdlib.abi.go:1515.60,1518.20 2 0
github.com/yihuang/go-abi/stdlib.abi.go:1518.20,1520.3 1 0
github.com/yihuang/go-abi/stdlib.abi.go:1521.2,1522.27 2 0
github.com/yihuang/go-abi/stdlib.abi.go:1522.27,1524.3 1 0
github.com/yihuang/go-abi/stdlib.abi.go:1525.2,1532.30 3 0
github.com/yihuang/go-abi/stdlib.abi.go:1532.30,1534.17 2 0
github.com/yihuang/go-abi/stdlib.abi.go:1534.17,1536.4 1 0
github.com/yihuang/go-abi/stdlib.abi.go:1537.3,1537.14 1 0
github.com/yihuang/go-abi/stdlib.abi.go:1539.2,1539.33 1 0
github.com/yihuang/go-abi/stdlib.abi.go:1543.53,1547.2 3 0
github.com/yihuang/go-abi/stdlib.abi.go:1550.60,1553.20 2 0
github.com/yihuang/go-abi/stdlib.abi.go:1553.20,1555.3 1 0
github.com/yihuang/go-abi/stdlib.abi.go:1556.2,1557.27 2 0
github.com/yihuang/go-abi/stdlib.abi.go:1557.27,1559.3 1 0
github.com/yihuang/go-abi/stdlib.abi.go:1560.2,1567.30 3 0
github.com/yihuang/go-abi/stdlib.abi.go:1567.30,1569.17 2 0
github.com/yihuang/go-abi/stdlib.abi.go:1569.17,1571.4 1 0
github.com/yihuang/go-abi/stdlib.abi.go:1572.3,1572.14 1 0
github.com/yihuang/go-abi/stdlib.abi.go:1574.2,1574.33 1 0
github.com/yihuang/go-abi/stdlib.abi.go:1578.53,1582.2 3 0
github.com/yihuang/go-abi/stdlib.abi.go:1585.60,1588.20 2 0
github.com/yihuang/go-abi/stdlib.abi.go:1588.20,1590.3 1 0
github.com/yihuang/go-abi/stdlib.abi.go:1591.2,1592.27 2 0
github.com/yihuang/go-abi/stdlib.abi.go:1592.27,1594.3 1 0
github.com/yihuang/go-abi/stdlib.abi.go:1595.2,1602.30 3 0
github.com/yihuang/go-abi/stdlib.abi.go:1602.30,1604.17 2 0
github.com/yihuang/go-abi/stdlib.abi.go:1604.17,1606.4 1 0
github.com/yihuang/go-abi/stdlib.abi.go:1607.3,1607.14 1 0
github.com/yihuang/go-abi/stdlib.abi.go:1609.2,1609.33 1 0
github.com/yihuang/go-abi/stdlib.abi.go:1613.53,1617.2 3 0
github.com/yihuang/go-abi/stdlib.abi.go:1620.60,1623.20 2 0
github.com/yihuang/go-abi/stdlib.abi.go:1623.20,1625.3 1 0
github.com/yihuang/go-abi/stdlib.abi.go:1626.2,1627.27 2 0
github.com/yihuang/go-abi/stdlib.abi.go:1627.27,1629.3 1 0
github.com/yihuang/go-abi/stdlib.abi.go:1630.2,1637.30 3 0
github.com/yihuang/go-abi/stdlib.abi.go:1637.30,1639.17 2 0
github.com/yihuang/go-abi/stdlib.abi.go:1639.17,1641.4 1 0
github.com/yihuang/go-abi/stdlib.abi.go:1642.3,1642.14 1 0
github.com/yihuang/go-abi/stdlib.abi.go:1644.2,1644.33 1 0
github.com/yihuang/go-abi/stdlib.abi.go:1648.51,1652.2 3 0
github.com/yihuang/go-abi/stdlib.abi.go:1655.58,1658.20 2 0
github.com/yihuang/go-abi/stdlib.abi.go:1658.20,1660.3 1 0
github.com/yihuang/go-abi/stdlib.abi.go:1661.2,1662.27 2 0
github.com/yihuang/go-abi/stdlib.abi.go:1662.27,1664.3 1 0
github.com/yihuang/go-abi/stdlib.abi.go:1665.2,1672.30 3 0
github.com/yihuang/go-abi/stdlib.abi.go:1672.30,1674.17 2 0
github.com/yihuang/go-abi/stdlib.abi.go:1674.17,1676.4 1 0
github.com/yihuang/go-abi/stdlib.abi.go:1677.3,1677.14 1 0
github.com/yihuang/go-abi/stdlib.abi.go:1679.2,1679.33 1 0
github.com/yihuang/go-abi/stdlib.abi.go:1763.39,1806.2 41 0
github.com/yihuang/go-abi/stdlib.abi.go:1809.59,1817.61 3 0
github.com/yihuang/go-abi/stdlib.abi.go:1817.61,1819.3 1 0
github.com/yihuang/go-abi/stdlib.abi.go:1822.2,1822.65 1 0
github.com/yihuang/go-abi/stdlib.abi.go:1822.65,1824.3 1 0
github.com/yihuang/go-abi/stdlib.abi.go:1827.2,1827.65 1 0
github.com/yihuang/go-abi/stdlib.abi.go:1827.65,1829.3 1 0
github.com/yihuang/go-abi/stdlib.abi.go:1833.2,1836.16 3 0
github.com/yihuang/go-abi/stdlib.abi.go:1836.16,1838.3 1 0
github.com/yihuang/go-abi/stdlib.abi.go:1839.2,1846.16 4 0
github.com/yihuang/go-abi/stdlib.abi.go:1846.16,1848.3 1 0
github.com/yihuang/go-abi/stdlib.abi.go:1849.2,1852.64 2 0
github.com/yihuang/go-abi/stdlib.abi.go:1852.64,1854.3 1 0
github.com/yihuang/go-abi/stdlib.abi.go:1857.2,1857.63 1 0
github.com/yihuang/go-abi/stdlib.abi.go:1857.63,1859.3 1 0
github.com/yihuang/go-abi/stdlib.abi.go:1862.2,1862.65 1 0
github.com/yihuang/go-abi/stdlib.abi.go:1862.65,1864.3 1 0
github.com/yihuang/go-abi/stdlib.abi.go:1867.2,1867.64 1 0
github.com/yihuang/go-abi/stdlib.abi.go:1867.64,1869.3 1 0
github.com/yihuang/go-abi/stdlib.abi.go:1872.2,1872.66 1 0
github.com/yihuang/go-abi/stdlib.abi.go:1872.66,1874.3 1 0
github.com/yihuang/go-abi/stdlib.abi.go:1877.2,1877.65 1 0
github.com/yihuang/go-abi/stdlib.abi.go:1877.65,1879.3 1 0
github.com/yihuang/go-abi/stdlib.abi.go:1882.2,1882.66 1 0
github.com/yihuang/go-abi/stdlib.abi.go:1882.66,1884.3 1 0
github.com/yihuang/go-abi/stdlib.abi.go:1887.2,1887.65 1 0
github.com/yihuang/go-abi/stdlib.abi.go:1887.65,1889.3 1 0
github.com/yihuang/go-abi/stdlib.abi.go:1892.2,1892.66 1 0
github.com/yihuang/go-abi/stdlib.abi.go:1892.66,1894.3 1 0
github.com/yihuang/go-abi/stdlib.abi.go:1897.2,1897.65 1 0
github.com/yihuang/go-abi/stdlib.abi.go:1897.65,1899.3 1 0
github.com/yihuang/go-abi/stdlib.abi.go:1902.2,1902.66 1 0
github.com/yihuang/go-abi/stdlib.abi.go:1902.66,1904.3 1 0
github.com/yihuang/go-abi/stdlib.abi.go:1907.2,1907.65 1 0
github.com/yihuang/go-abi/stdlib.abi.go:1907.65,1909.3 1 0
github.com/yihuang/go-abi/stdlib.abi.go:1912.2,1912.66 1 0
github.com/yihuang/go-abi/stdlib.abi.go:1912.66,1914.3 1 0
github.com/yihuang/go-abi/stdlib.abi.go:1917.2,1917.65 1 0
github.com/yihuang/go-abi/stdlib.abi.go:1917.65,1919.3 1 0
github.com/yihuang/go-abi/stdlib.abi.go:1922.2,1922.66 1 0
github.com/yihuang/go-abi/stdlib.abi.go:1922.66,1924.3 1 0
github.com/yihuang/go-abi/stdlib.abi.go:1927.2,1927.65 1 0
github.com/yihuang/go-abi/stdlib.abi.go:1927.65,1929.3 1 0
github.com/yihuang/go-abi/stdlib.abi.go:1932.2,1932.67 1 0
github.com/yihuang/go-abi/stdlib.abi.go:1932.67,1934.3 1 0
github.com/yihuang/go-abi/stdlib.abi.go:1937.2,1937.66 1 0
github.com/yihuang/go-abi/stdlib.abi.go:1937.66,1939.3 1 0
github.com/yihuang/go-abi/stdlib.abi.go:1942.2,1942.67 1 0
github.com/yihuang/go-abi/stdlib.abi.go:1942.67,1944.3 1 0
github.com/yihuang/go-abi/stdlib.abi.go:1947.2,1947.66 1 0
github.com/yihuang/go-abi/stdlib.abi.go:1947.66,1949.3 1 0
github.com/yihuang/go-abi/stdlib.abi.go:1952.2,1952.67 1 0
github.com/yihuang/go-abi/stdlib.abi.go:1952.67,1954.3 1 0
github.com/yihuang/go-abi/stdlib.abi.go:1957.2,1957.66 1 0
github.com/yihuang/go-abi/stdlib.abi.go:1957.66,1959.3 1 0
github.com/yihuang/go-abi/stdlib.abi.go:1962.2,1962.67 1 0
github.com/yihuang/go-abi/stdlib.abi.go:1962.67,1964.3 1 0
github.com/yihuang/go-abi/stdlib.abi.go:1967.2,1967.66 1 0
github.com/yihuang/go-abi/stdlib.abi.go:1967.66,1969.3 1 0
github.com/yihuang/go-abi/stdlib.abi.go:1972.2,1972.67 1 0
github.com/yihuang/go-abi/stdlib.abi.go:1972.67,1974.3 1 0
github.com/yihuang/go-abi/stdlib.abi.go:1977.2,1977.66 1 0
github.com/yihuang/go-abi/stdlib.abi.go:1977.66,1979.3 1 0
github.com/yihuang/go-abi/stdlib.abi.go:1982.2,1982.67 1 0
github.com/yihuang/go-abi/stdlib.abi.go:1982.67,1984.3 1 0
github.com/yihuang/go-abi/stdlib.abi.go:1987.2,1987.67 1 0
github.com/yihuang/go-abi/stdlib.abi.go:1987.67,1989.3 1 0
github.com/yihuang/go-abi/stdlib.abi.go:1992.2,1992.68 1 0
github.com/yihuang/go-abi/stdlib.abi.go:1992.68,1994.3 1 0
github.com/yihuang/go-abi/stdlib.abi.go:1997.2,1997.67 1 0
github.com/yihuang/go-abi/stdlib.abi.go:1997.67,1999.3 1 0
github.com/yihuang/go-abi/stdlib.abi.go:2002.2,2002.68 1 0
github.com/yihuang/go-abi/stdlib.abi.go:2002.68,2004.3 1 0
github.com/yihuang/go-abi/stdlib.abi.go:2007.2,2007.67 1 0
github.com/yihuang/go-abi/stdlib.abi.go:2007.67,2009.3 1 0
github.com/yihuang/go-abi/stdlib.abi.go:2013.2,2016.16 3 0
github.com/yihuang/go-abi/stdlib.abi.go:2016.16,2018.3 1 0
github.com/yihuang/go-abi/stdlib.abi.go:2019.2,2026.16 4 0
github.com/yihuang/go-abi/stdlib.abi.go:2026.16,2028.3 1 0
github.com/yihuang/go-abi/stdlib.abi.go:2029.2,2036.16 4 0
github.com/yihuang/go-abi/stdlib.abi.go:2036.16,2038.3 1 0
github.com/yihuang/go-abi/stdlib.abi.go:2039.2,2046.16 4 0
github.com/yihuang/go-abi/stdlib.abi.go:2046.16,2048.3 1 0
github.com/yihuang/go-abi/stdlib.abi.go:2049.2,2056.16 4 0
github.com/yihuang/go-abi/stdlib.abi.go:2056.16,2058.3 1 0
github.com/yihuang/go-abi/stdlib.abi.go:2059.2,2066.16 4 0
github.com/yihuang/go-abi/stdlib.abi.go:2066.16,2068.3 1 0
github.com/yihuang/go-abi/stdlib.abi.go:2069.2,2076.16 4 0
github.com/yihuang/go-abi/stdlib.abi.go:2076.16,2078.3 1 0
github.com/yihuang/go-abi/stdlib.abi.go:2079.2,2086.16 4 0
github.com/yihuang/go-abi/stdlib.abi.go:2086.16,2088.3 1 0
github.com/yihuang/go-abi/stdlib.abi.go:2089.2,2096.16 4 0
github.com/yihuang/go-abi/stdlib.abi.go:2096.16,2098.3 1 0
github.com/yihuang/go-abi/stdlib.abi.go:2099.2,2106.16 4 0
github.com/yihuang/go-abi/stdlib.abi.go:2106.16,2108.3 1 0
github.com/yihuang/go-abi/stdlib.abi.go:2109.2,2116.16 4 0
github.com/yihuang/go-abi/stdlib.abi.go:2116.16,2118.3 1 0
github.com/yihuang/go-abi/stdlib.abi.go:2119.2,2126.16 4 0
github.com/yihuang/go-abi/stdlib.abi.go:2126.16,2128.3 1 0
github.com/yihuang/go-abi/stdlib.abi.go:2129.2,2136.16 4 0
github.com/yihuang/go-abi/stdlib.abi.go:2136.16,2138.3 1 0
github.com/yihuang/go-abi/stdlib.abi.go:2139.2,2146.16 4 0
github.com/yihuang/go-abi/stdlib.abi.go:2146.16,2148.3 1 0
github.com/yihuang/go-abi/stdlib.abi.go:2149.2,2156.16 4 0
github.com/yihuang/go-abi/stdlib.abi.go:2156.16,2158.3 1 0
github.com/yihuang/go-abi/stdlib.abi.go:2159.2,2166.16 4 0
github.com/yihuang/go-abi/stdlib.abi.go:2166.16,2168.3 1 0
github.com/yihuang/go-abi/stdlib.abi.go:2169.2,2176.16 4 0
github.com/yihuang/go-abi/stdlib.abi.go:2176.16,2178.3 1 0
github.com/yihuang/go-abi/stdlib.abi.go:2179.2,2186.16 4 0
github.com/yihuang/go-abi/stdlib.abi.go:2186.16,2188.3 1 0
github.com/yihuang/go-abi/stdlib.abi.go:2189.2,2196.16 4 0
github.com/yihuang/go-abi/stdlib.abi.go:2196.16,2198.3 1 0
github.com/yihuang/go-abi/stdlib.abi.go:2199.2,2206.16 4 0
github.com/yihuang/go-abi/stdlib.abi.go:2206.16,2208.3 1 0
github.com/yihuang/go-abi/stdlib.abi.go:2209.2,2216.16 4 0
github.com/yihuang/go-abi/stdlib.abi.go:2216.16,2218.3 1 0
github.com/yihuang/go-abi/stdlib.abi.go:2219.2,2226.16 4 0
github.com/yihuang/go-abi/stdlib.abi.go:2226.16,2228.3 1 0
github.com/yihuang/go-abi/stdlib.abi.go:2229.2,2236.16 4 0
github.com/yihuang/go-abi/stdlib.abi.go:2236.16,2238.3 1 0
github.com/yihuang/go-abi/stdlib.abi.go:2239.2,2246.16 4 0
github.com/yihuang/go-abi/stdlib.abi.go:2246.16,2248.3 1 0
github.com/yihuang/go-abi/stdlib.abi.go:2249.2,2256.16 4 0
github.com/yihuang/go-abi/stdlib.abi.go:2256.16,2258.3 1 0
github.com/yihuang/go-abi/stdlib.abi.go:2259.2,2266.16 4 0
github.com/yihuang/go-abi/stdlib.abi.go:2266.16,2268.3 1 0
github.com/yihuang/go-abi/stdlib.abi.go:2269.2,2276.16 4 0
github.com/yihuang/go-abi/stdlib.abi.go:2276.16,2278.3 1 0
github.com/yihuang/go-abi/stdlib.abi.go:2279.2,2286.16 4 0
github.com/yihuang/go-abi/stdlib.abi.go:2286.16,2288.3 1 0
github.com/yihuang/go-abi/stdlib.abi.go:2289.2,2296.16 4 0
github.com/yihuang/go-abi/stdlib.abi.go:2296.16,2298.3 1 0
github.com/yihuang/go-abi/stdlib.abi.go:2299.2,2306.16 4 0
github.com/yihuang/go-abi/stdlib.abi.go:2306.16,2308.3 1 0
github.com/yihuang/go-abi/stdlib.abi.go:2309.2,2316.16 4 0
github.com/yihuang/go-abi/stdlib.abi.go:2316.16,2318.3 1 0
github.com/yihuang/go-abi/stdlib.abi.go:2319.2,2326.16 4 0
github.com/yihuang/go-abi/stdlib.abi.go:2326.16,2328.3 1 0
github.com/yihuang/go-abi/stdlib.abi.go:2329.2,2336.16 4 0
github.com/yihuang/go-abi/stdlib.abi.go:2336.16,2338.3 1 0
github.com/yihuang/go-abi/stdlib.abi.go:2339.2,2346.16 4 0
github.com/yihuang/go-abi/stdlib.abi.go:2346.16,2348.3 1 0
github.com/yihuang/go-abi/stdlib.abi.go:2349.2,2356.16 4 0
github.com/yihuang/go-abi/stdlib.abi.go:2356.16,2358.3 1 0
github.com/yihuang/go-abi/stdlib.abi.go:2359.2,2366.16 4 0
github.com/yihuang/go-abi/stdlib.abi.go:2366.16,2368.3 1 0
github.com/yihuang/go-abi/stdlib.abi.go:2369.2,2376.16 4 0
github.com/yihuang/go-abi/stdlib.abi.go:2376.16,2378.3 1 0
github.com/yihuang/go-abi/stdlib.abi.go:2379.2,2381.27 2 0
github.com/yihuang/go-abi/stdlib.abi.go:2385.50,2387.47 2 0
github.com/yihuang/go-abi/stdlib.abi.go:2387.47,2389.3 1 0
github.com/yihuang/go-abi/stdlib.abi.go:2390.2,2390.17 1 0
github.com/yihuang/go-abi/stdlib.abi.go:2394.55,2395.22 1 0
github.com/yihuang/go-abi/stdlib.abi.go:2395.22,2397.3 1 0
github.com/yihuang/go-abi/stdlib.abi.go:2398.2,2405.16 4 0
github.com/yihuang/go-abi/stdlib.abi.go:2405.16,2407.3 1 0
github.com/yihuang/go-abi/stdlib.abi.go:2409.2,2410.16 2 0
github.com/yihuang/go-abi/stdlib.abi.go:2410.16,2412.3 1 0
github.com/yihuang/go-abi/stdlib.abi.go:2414.2,2415.16 2 0
github.com/yihuang/go-abi/stdlib.abi.go:2415.16,2417.3 1 0
github.com/yihuang/go-abi/stdlib.abi.go:2419.2,2421.30 2 0
github.com/yihuang/go-abi/stdlib.abi.go:2421.30,2423.4 1 0
github.com/yihuang/go-abi/stdlib.abi.go:2424.3,2425.17 2 0
github.com/yihuang/go-abi/stdlib.abi.go:2425.17,2427.4 1 0
github.com/yihuang/go-abi/stdlib.abi.go:2428.3,2428.21 1 0
github.com/yihuang/go-abi/stdlib.abi.go:2431.2,2433.30 2 0
github.com/yihuang/go-abi/stdlib.abi.go:2433.30,2435.4 1 0
github.com/yihuang/go-abi/stdlib.abi.go:2436.3,2437.17 2 0
github.com/yihuang/go-abi/stdlib.abi.go:2437.17,2439.4 1 0
github.com/yihuang/go-abi/stdlib.abi.go:2440.3,2440.21 1 0
github.com/yihuang/go-abi/stdlib.abi.go:2443.2,2444.16 2 0
github.com/yihuang/go-abi/stdlib.abi.go:2444.16,2446.3 1 0
github.com/yihuang/go-abi/stdlib.abi.go:2448.2,2449.16 2 0
github.com/yihuang/go-abi/stdlib.abi.go:2449.16,2451.3 1 0
github.com/yihuang/go-abi/stdlib.abi.go:2453.2,2454.16 2 0
github.com/yihuang/go-abi/stdlib.abi.go:2454.16,2456.3 1 0
github.com/yihuang/go-abi/stdlib.abi.go:2458.2,2459.16 2 0
github.com/yihuang/go-abi/stdlib.abi.go:2459.16,2461.3 1 0
github.com/yihuang/go-abi/stdlib.abi.go:2463.2,2464.16 2 0
github.com/yihuang/go-abi/stdlib.abi.go:2464.16,2466.3 1 0
github.com/yihuang/go-abi/stdlib.abi.go:2468.2,2469.16 2 0
github.com/yihuang/go-abi/stdlib.abi.go:2469.16,2471.3 1 0
github.com/yihuang/go-abi/stdlib.abi.go:2473.2,2474.16 2 0
github.com/yihuang/go-abi/stdlib.abi.go:2474.16,2476.3 1 0
github.com/yihuang/go-abi/stdlib.abi.go:2478.2,2479.16 2 0
github.com/yihuang/go-abi/stdlib.abi.go:2479.16,2481.3 1 0
github.com/yihuang/go-abi/stdlib.abi.go:2483.2,2484.16 2 0
github.com/yihuang/go-abi/stdlib.abi.go:2484.16,2486.3 1 0
github.com/yihuang/go-abi/stdlib.abi.go:2488.2,2489.16 2 0
github.com/yihuang/go-abi/stdlib.abi.go:2489.16,2491.3 1 0
github.com/yihuang/go-abi/stdlib.abi.go:2493.2,2494.16 2 0
github.com/yihuang/go-abi/stdlib.abi.go:2494.16,2496.3 1 0
github.com/yihuang/go-abi/stdlib.abi.go:2498.2,2499.16 2 0
github.com/yihuang/go-abi/stdlib.abi.go:2499.16,2501.3 1 0
github.com/yihuang/go-abi/stdlib.abi.go:2503.2,2504.16 2 0
github.com/yihuang/go-abi/stdlib.abi.go:2504.16,2506.3 1 0
github.com/yihuang/go-abi/stdlib.abi.go:2508.2,2509.16 2 0
github.com/yihuang/go-abi/stdlib.abi.go:2509.16,2511.3 1 0
github.com/yihuang/go-abi/stdlib.abi.go:2513.2,2514.16 2 0
github.com/yihuang/go-abi/stdlib.abi.go:2514.16,2516.3 1 0
github.com/yihuang/go-abi/stdlib.abi.go:2518.2,2519.16 2 0
github.com/yihuang/go-abi/stdlib.abi.go:2519.16,2521.3 1 0
github.com/yihuang/go-abi/stdlib.abi.go:2523.2,2524.16 2 0
github.com/yihuang/go-abi/stdlib.abi.go:2524.16,2526.3 1 0
github.com/yihuang/go-abi/stdlib.abi.go:2528.2,2529.16 2 0
github.com/yihuang/go-abi/stdlib.abi.go:2529.16,2531.3 1 0
github.com/yihuang/go-abi/stdlib.abi.go:2533.2,2534.16 2 0
github.com/yihuang/go-abi/stdlib.abi.go:2534.16,2536.3 1 0
github.com/yihuang/go-abi/stdlib.abi.go:2538.2,2539.16 2 0
github.com/yihuang/go-abi/stdlib.abi.go:2539.16,2541.3 1 0
github.com/yihuang/go-abi/stdlib.abi.go:2543.2,2544.16 2 0
github.com/yihuang/go-abi/stdlib.abi.go:2544.16,2546.3 1 0
github.com/yihuang/go-abi/stdlib.abi.go:2548.2,2549.16 2 0
github.com/yihuang/go-abi/stdlib.abi.go:2549.16,2551.3 1 0
github.com/yihuang/go-abi/stdlib.abi.go:2553.2,2554.16 2 0
github.com/yihuang/go-abi/stdlib.abi.go:2554.16,2556.3 1 0
github.com/yihuang/go-abi/stdlib.abi.go:2558.2,2559.16 2 0
github.com/yihuang/go-abi/stdlib.abi.go:2559.16,2561.3 1 0
github.com/yihuang/go-abi/stdlib.abi.go:2563.2,2564.16 2 0
github.com/yihuang/go-abi/stdlib.abi.go:2564.16,2566.3 1 0
github.com/yihuang/go-abi/stdlib.abi.go:2568.2,2569.16 2 0
github.com/yihuang/go-abi/stdlib.abi.go:2569.16,2571.3 1 0
github.com/yihuang/go-abi/stdlib.abi.go:2573.2,2574.16 2 0
github.com/yihuang/go-abi/stdlib.abi.go:2574.16,2576.3 1 0
github.com/yihuang/go-abi/stdlib.abi.go:2578.2,2579.16 2 0
github.com/yihuang/go-abi/stdlib.abi.go:2579.16,2581.3 1 0
github.com/yihuang/go-abi/stdlib.abi.go:2583.2,2584.16 2 0
github.com/yihuang/go-abi/stdlib.abi.go:2584.16,2586.3 1 0
github.com/yihuang/go-abi/stdlib.abi.go:2588.2,2589.16 2 0
github.com/yihuang/go-abi/stdlib.abi.go:2589.16,2591.3 1 0
github.com/yihuang/go-abi/stdlib.abi.go:2593.2,2594.16 2 0
github.com/yihuang/go-abi/stdlib.abi.go:2594.16,2596.3 1 0
github.com/yihuang/go-abi/stdlib.abi.go:2598.2,2599.16 2 0
github.com/yihuang/go-abi/stdlib.abi.go:2599.16,2601.3 1 0
github.com/yihuang/go-abi/stdlib.abi.go:2603.2,2605.30 2 0
github.com/yihuang/go-abi/stdlib.abi.go:2605.30,2607.4 1 0
github.com/yihuang/go-abi/stdlib.abi.go:2608.3,2609.17 2 0
github.com/yihuang/go-abi/stdlib.abi.go:2609.17,2611.4 1 0
github.com/yihuang/go-abi/stdlib.abi.go:2612.3,2612.21 1 0
github.com/yihuang/go-abi/stdlib.abi.go:2615.2,2617.30 2 0
github.com/yihuang/go-abi/stdlib.abi.go:2617.30,2619.4 1 0
github.com/yihuang/go-abi/stdlib.abi.go:2620.3,2621.17 2 0
github.com/yihuang/go-abi/stdlib.abi.go:2621.17,2623.4 1 0
github.com/yihuang/go-abi/stdlib.abi.go:2624.3,2624.21 1 0
github.com/yihuang/go-abi/stdlib.abi.go:2627.2,2629.30 2 0
github.com/yihuang/go-abi/stdlib.abi.go:2629.30,2631.4 1 0
github.com/yihuang/go-abi/stdlib.abi.go:2632.3,2633.17 2 0
github.com/yihuang/go-abi/stdlib.abi.go:2633.17,2635.4 1 0
github.com/yihuang/go-abi/stdlib.abi.go:2636.3,2636.21 1 0
github.com/yihuang/go-abi/stdlib.abi.go:2639.2,2641.30 2 0
github.com/yihuang/go-abi/stdlib.abi.go:2641.30,2643.4 1 0
github.com/yihuang/go-abi/stdlib.abi.go:2644.3,2645.17 2 0
github.com/yihuang/go-abi/stdlib.abi.go:2645.17,2647.4 1 0
github.com/yihuang/go-abi/stdlib.abi.go:2648.3,2648.21 1 0
github.com/yihuang/go-abi/stdlib.abi.go:2651.2,2653.30 2 0
github.com/yihuang/go-abi/stdlib.abi.go:2653.30,2655.4 1 0
github.com/yihuang/go-abi/stdlib.abi.go:2656.3,2657.17 2 0
github.com/yihuang/go-abi/stdlib.abi.go:2657.17,2659.4 1 0
github.com/yihuang/go-abi/stdlib.abi.go:2660.3,2660.21 1 0
github.com/yihuang/go-abi/stdlib.abi.go:2663.2,2665.30 2 0
github.com/yihuang/go-abi/stdlib.abi.go:2665.30,2667.4 1 0
github.com/yihuang/go-abi/stdlib.abi.go:2668.3,2669.17 2 0
github.com/yihuang/go-abi/stdlib.abi.go:2669.17,2671.4 1 0
github.com/yihuang/go-abi/stdlib.abi.go:2672.3,2672.21 1 0
github.com/yihuang/go-abi/stdlib.abi.go:2675.2,2677.30 2 0
github.com/yihuang/go-abi/stdlib.abi.go:2677.30,2679.4 1 0
github.com/yihuang/go-abi/stdlib.abi.go:2680.3,2681.17 2 0
github.com/yihuang/go-abi/stdlib.abi.go:2681.17,2683.4 1 0
github.com/yihuang/go-abi/stdlib.abi.go:2684.3,2684.21 1 0
github.com/yihuang/go-abi/stdlib.abi.go:2687.2,2689.30 2 0
github.com/yihuang/go-abi/stdlib.abi.go:2689.30,2691.4 1 0
github.com/yihuang/go-abi/stdlib.abi.go:2692.3,2693.17 2 0
github.com/yihuang/go-abi/stdlib.abi.go:2693.17,2695.4 1 0
github.com/yihuang/go-abi/stdlib.abi.go:2696.3,2696.21 1 0
github.com/yihuang/go-abi/stdlib.abi.go:2699.2,2701.30 2 0
github.com/yihuang/go-abi/stdlib.abi.go:2701.30,2703.4 1 0
github.com/yihuang/go-abi/stdlib.abi.go:2704.3,2705.17 2 0
github.com/yihuang/go-abi/stdlib.abi.go:2705.17,2707.4 1 0
github.com/yihuang/go-abi/stdlib.abi.go:2708.3,2708.21 1 0
github.com/yihuang/go-abi/stdlib.abi.go:2711.2,2713.30 2 0
github.com/yihuang/go-abi/stdlib.abi.go:2713.30,2715.4 1 0
github.com/yihuang/go-abi/stdlib.abi.go:2716.3,2717.17 2 0
github.com/yihuang/go-abi/stdlib.abi.go:2717.17,2719.4 1 0
github.com/yihuang/go-abi/stdlib.abi.go:2720.3,2720.21 1 0
github.com/yihuang/go-abi/stdlib.abi.go:2723.2,2725.30 2 0
github.com/yihuang/go-abi/stdlib.abi.go:2725.30,2727.4 1 0
github.com/yihuang/go-abi/stdlib.abi.go:2728.3,2729.17 2 0
github.com/yihuang/go-abi/stdlib.abi.go:2729.17,2731.4 1 0
github.com/yihuang/go-abi/stdlib.abi.go:2732.3,2732.21 1 0
github.com/yihuang/go-abi/stdlib.abi.go:2735.2,2737.30 2 0
github.com/yihuang/go-abi/stdlib.abi.go:2737.30,2739.4 1 0
github.com/yihuang/go-abi/stdlib.abi.go:2740.3,2741.17 2 0
github.com/yihuang/go-abi/stdlib.abi.go:2741.17,2743.4 1 0
github.com/yihuang/go-abi/stdlib.abi.go:2744.3,2744.21 1 0
github.com/yihuang/go-abi/stdlib.abi.go:2747.2,2749.30 2 0
github.com/yihuang/go-abi/stdlib.abi.go:2749.30,2751.4 1 0
github.com/yihuang/go-abi/stdlib.abi.go:2752.3,2753.17 2 0
github.com/yihuang/go-abi/stdlib.abi.go:2753.17,2755.4 1 0
github.com/yihuang/go-abi/stdlib.abi.go:2756.3,2756.21 1 0
github.com/yihuang/go-abi/stdlib.abi.go:2759.2,2761.30 2 0
github.com/yihuang/go-abi/stdlib.abi.go:2761.30,2763.4 1 0
github.com/yihuang/go-abi/stdlib.abi.go:2764.3,2765.17 2 0
github.com/yihuang/go-abi/stdlib.abi.go:2765.17,2767.4 1 0
github.com/yihuang/go-abi/stdlib.abi.go:2768.3,2768.21 1 0
github.com/yihuang/go-abi/stdlib.abi.go:2771.2,2773.30 2 0
github.com/yihuang/go-abi/stdlib.abi.go:2773.30,2775.4 1 0
github.com/yihuang/go-abi/stdlib.abi.go:2776.3,2777.17 2 0
github.com/yihuang/go-abi/stdlib.abi.go:2777.17,2779.4 1 0
github.com/yihuang/go-abi/stdlib.abi.go:2780.3,2780.21 1 0
github.com/yihuang/go-abi/stdlib.abi.go:2783.2,2785.30 2 0
github.com/yihuang/go-abi/stdlib.abi.go:2785.30,2787.4 1 0
github.com/yihuang/go-abi/stdlib.abi.go:2788.3,2789.17 2 0
github.com/yihuang/go-abi/stdlib.abi.go:2789.17,2791.4 1 0
github.com/yihuang/go-abi/stdlib.abi.go:2792.3,2792.21 1 0
github.com/yihuang/go-abi/stdlib.abi.go:2795.2,2797.30 2 0
github.com/yihuang/go-abi/stdlib.abi.go:2797.30,2799.4 1 0
github.com/yihuang/go-abi/stdlib.abi.go:2800.3,2801.17 2 0
github.com/yihuang/go-abi/stdlib.abi.go:2801.17,2803.4 1 0
github.com/yihuang/go-abi/stdlib.abi.go:2804.3,2804.21 1 0
github.com/yihuang/go-abi/stdlib.abi.go:2807.2,2809.30 2 0
github.com/yihuang/go-abi/stdlib.abi.go:2809.30,2811.4 1 0
github.com/yihuang/go-abi/stdlib.abi.go:2812.3,2813.17 2 0
github.com/yihuang/go-abi/stdlib.abi.go:2813.17,2815.4 1 0
github.com/yihuang/go-abi/stdlib.abi.go:2816.3,2816.21 1 0
github.com/yihuang/go-abi/stdlib.abi.go:2819.2,2821.30 2 0
github.com/yihuang/go-abi/stdlib.abi.go:2821.30,2823.4 1 0
github.com/yihuang/go-abi/stdlib.abi.go:2824.3,2825.17 2 0
github.com/yihuang/go-abi/stdlib.abi.go:2825.17,2827.4 1 0
github.com/yihuang/go-abi/stdlib.abi.go:2828.3,2828.21 1 0
github.com/yihuang/go-abi/stdlib.abi.go:2831.2,2833.30 2 0
github.com/yihuang/go-abi/stdlib.abi.go:2833.30,2835.4 1 0
github.com/yihuang/go-abi/stdlib.abi.go:2836.3,2837.17 2 0
github.com/yihuang/go-abi/stdlib.abi.go:2837.17,2839.4 1 0
github.com/yihuang/go-abi/stdlib.abi.go:2840.3,2840.21 1 0
github.com/yihuang/go-abi/stdlib.abi.go:2843.2,2845.30 2 0
github.com/yihuang/go-abi/stdlib.abi.go:2845.30,2847.4 1 0
github.com/yihuang/go-abi/stdlib.abi.go:2848.3,2849.17 2 0
github.com/yihuang/go-abi/stdlib.abi.go:2849.17,2851.4 1 0
github.com/yihuang/go-abi/stdlib.abi.go:2852.3,2852.21 1 0
github.com/yihuang/go-abi/stdlib.abi.go:2855.2,2857.30 2 0
github.com/yihuang/go-abi/stdlib.abi.go:2857.30,2859.4 1 0
github.com/yihuang/go-abi/stdlib.abi.go:2860.3,2861.17 2 0
github.com/yihuang/go-abi/stdlib.abi.go:2861.17,2863.4 1 0
github.com/yihuang/go-abi/stdlib.abi.go:2864.3,2864.21 1 0
github.com/yihuang/go-abi/stdlib.abi.go:2867.2,2869.30 2 0
github.com/yihuang/go-abi/stdlib.abi.go:2869.30,2871.4 1 0
github.com/yihuang/go-abi/stdlib.abi.go:2872.3,2873.17 2 0
github.com/yihuang/go-abi/stdlib.abi.go:2873.17,2875.4 1 0
github.com/yihuang/go-abi/stdlib.abi.go:2876.3,2876.21 1 0
github.com/yihuang/go-abi/stdlib.abi.go:2879.2,2881.30 2 0
github.com/yihuang/go-abi/stdlib.abi.go:2881.30,2883.4 1 0
github.com/yihuang/go-abi/stdlib.abi.go:2884.3,2885.17 2 0
github.com/yihuang/go-abi/stdlib.abi.go:2885.17,2887.4 1 0
github.com/yihuang/go-abi/stdlib.abi.go:2888.3,2888.21 1 0
github.com/yihuang/go-abi/stdlib.abi.go:2891.2,2893.30 2 0
github.com/yihuang/go-abi/stdlib.abi.go:2893.30,2895.4 1 0
github.com/yihuang/go-abi/stdlib.abi.go:2896.3,2897.17 2 0
github.com/yihuang/go-abi/stdlib.abi.go:2897.17,2899.4 1 0
github.com/yihuang/go-abi/stdlib.abi.go:2900.3,2900.21 1 0
github.com/yihuang/go-abi/stdlib.abi.go:2903.2,2905.30 2 0
github.com/yihuang/go-abi/stdlib.abi.go:2905.30,2907.4 1 0
github.com/yihuang/go-abi/stdlib.abi.go:2908.3,2909.17 2 0
github.com/yihuang/go-abi/stdlib.abi.go:2909.17,2911.4 1 0
github.com/yihuang/go-abi/stdlib.abi.go:2912.3,2912.21 1 0
github.com/yihuang/go-abi/stdlib.abi.go:2915.2,2917.30 2 0
github.com/yihuang/go-abi/stdlib.abi.go:2917.30,2919.4 1 0
github.com/yihuang/go-abi/stdlib.abi.go:2920.3,2921.17 2 0
github.com/yihuang/go-abi/stdlib.abi.go:2921.17,2923.4 1 0
github.com/yihuang/go-abi/stdlib.abi.go:2924.3,2924.21 1 0
github.com/yihuang/go-abi/stdlib.abi.go:2927.2,2929.30 2 0
github.com/yihuang/go-abi/stdlib.abi.go:2929.30,2931.4 1 0
github.com/yihuang/go-abi/stdlib.abi.go:2932.3,2933.17 2 0
github.com/yihuang/go-abi/stdlib.abi.go:2933.17,2935.4 1 0
github.com/yihuang/go-abi/stdlib.abi.go:2936.3,2936.21 1 0
github.com/yihuang/go-abi/stdlib.abi.go:2939.2,2941.30 2 0
github.com/yihuang/go-abi/stdlib.abi.go:2941.30,2943.4 1 0
github.com/yihuang/go-abi/stdlib.abi.go:2944.3,2945.17 2 0
github.com/yihuang/go-abi/stdlib.abi.go:2945.17,2947.4 1 0
github.com/yihuang/go-abi/stdlib.abi.go:2948.3,2948.21 1 0
github.com/yihuang/go-abi/stdlib.abi.go:2951.2,2953.30 2 0
github.com/yihuang/go-abi/stdlib.abi.go:2953.30,2955.4 1 0
github.com/yihuang/go-abi/stdlib.abi.go:2956.3,2957.17 2 0
github.com/yihuang/go-abi/stdlib.abi.go:2957.17,2959.4 1 0
github.com/yihuang/go-abi/stdlib.abi.go:2960.3,2960.21 1 0
github.com/yihuang/go-abi/stdlib.abi.go:2963.2,2965.30 2 0
github.com/yihuang/go-abi/stdlib.abi.go:2965.30,2967.4 1 0
github.com/yihuang/go-abi/stdlib.abi.go:2968.3,2969.17 2 0
github.com/yihuang/go-abi/stdlib.abi.go:2969.17,2971.4 1 0
github.com/yihuang/go-abi/stdlib.abi.go:2972.3,2972.21 1 0
github.com/yihuang/go-abi/stdlib.abi.go:2975.2,2977.30 2 0
github.com/yihuang/go-abi/stdlib.abi.go:2977.30,2979.4 1 0
github.com/yihuang/go-abi/stdlib.abi.go:2980.3,2981.17 2 0
github.com/yihuang/go-abi/stdlib.abi.go:2981.17,2983.4 1 0
github.com/yihuang/go-abi/stdlib.abi.go:2984.3,2984.21 1 0
github.com/yihuang/go-abi/stdlib.abi.go:2987.2,2989.30 2 0
github.com/yihuang/go-abi/stdlib.abi.go:2989.30,2991.4 1 0
github.com/yihuang/go-abi/stdlib.abi.go:2992.3,2993.17 2 0
github.com/yihuang/go-abi/stdlib.abi.go:2993.17,2995.4 1 0
github.com/yihuang/go-abi/stdlib.abi.go:2996.3,2996.21 1 0
github.com/yihuang/go-abi/stdlib.abi.go:2999.2,3001.30 2 0
github.com/yihuang/go-abi/stdlib.abi.go:3001.30,3003.4 1 0
github.com/yihuang/go-abi/stdlib.abi.go:3004.3,3005.17 2 0
github.com/yihuang/go-abi/stdlib.abi.go:3005.17,3007.4 1 0
github.com/yihuang/go-abi/stdlib.abi.go:3008.3,3008.21 1 0
github.com/yihuang/go-abi/stdlib.abi.go:3011.2,3013.30 2 0
github.com/yihuang/go-abi/stdlib.abi.go:3013.30,3015.4 1 0
github.com/yihuang/go-abi/stdlib.abi.go:3016.3,3017.17 2 0
github.com/yihuang/go-abi/stdlib.abi.go:3017.17,3019.4 1 0
github.com/yihuang/go-abi/stdlib.abi.go:3020.3,3020.21 1 0
github.com/yihuang/go-abi/stdlib.abi.go:3023.2,3025.30 2 0
github.com/yihuang/go-abi/stdlib.abi.go:3025.30,3027.4 1 0
github.com/yihuang/go-abi/stdlib.abi.go:3028.3,3029.17 2 0
github.com/yihuang/go-abi/stdlib.abi.go:3029.17,3031.4 1 0
github.com/yihuang/go-abi/stdlib.abi.go:3032.3,3032.21 1 0
github.com/yihuang/go-abi/stdlib.abi.go:3035.2,3037.30 2 0
github.com/yihuang/go-abi/stdlib.abi.go:3037.30,3039.4 1 0
github.com/yihuang/go-abi/stdlib.abi.go:3040.3,3041.17 2 0
github.com/yihuang/go-abi/stdlib.abi.go:3041.17,3043.4 1 0
github.com/yihuang/go-abi/stdlib.abi.go:3044.3,3044.21 1 0
github.com/yihuang/go-abi/stdlib.abi.go:3046.2,3046.27 1 0
github.com/yihuang/go-abi/stdlib.abi.go:3050.58,3053.50 3 0
github.com/yihuang/go-abi/stdlib.abi.go:3053.50,3055.3 1 0
github.com/yihuang/go-abi/stdlib.abi.go:3056.2,3056.20 1 0
github.com/yihuang/go-abi/stdlib.go:20.13,22.16 2 1
github.com/yihuang/go-abi/stdlib.go:22.16,23.13 1 0
github.com/yihuang/go-abi/stdlib.go:25.2,26.16 2 1
github.com/yihuang/go-abi/stdlib.go:26.16,27.13 1 0
github.com/yihuang/go-abi/stdlib.go:30.2,31.53 2 1
github.com/yihuang/go-abi/stdlib.go:31.53,33.3 1 1
github.com/yihuang/go-abi/stdlib.go:39.34,51.31 3 0
github.com/yihuang/go-abi/stdlib.go:51.31,54.3 2 0
github.com/yihuang/go-abi/stdlib.go:56.2,57.31 2 0
github.com/yihuang/go-abi/stdlib.go:57.31,59.3 1 0
github.com/yihuang/go-abi/stdlib.go:61.2,61.80 1 0
github.com/yihuang/go-abi/stdlib.go:64.38,67.2 2 0
github.com/yihuang/go-abi/types.go:17.39,19.2 1 0
github.com/yihuang/go-abi/types.go:21.46,23.2 1 0
github.com/yihuang/go-abi/types.go:25.56,27.2 1 0
github.com/yihuang/go-abi/types.go:29.55,31.2 1 0
github.com/yihuang/go-abi/types.go:35.52,37.2 1 0
github.com/yihuang/go-abi/types.go:39.58,41.2 1 0
github.com/yihuang/go-abi/utils.go:16.23,18.2 1 0
github.com/yihuang/go-abi/utils.go:20.62,21.18 1 1
github.com/yihuang/go-abi/utils.go:21.18,22.14 1 1
github.com/yihuang/go-abi/utils.go:22.14,24.4 1 0
github.com/yihuang/go-abi/utils.go:28.3,30.13 3 1
github.com/yihuang/go-abi/utils.go:33.2,34.12 2 1
github.com/yihuang/go-abi/utils.go:34.12,36.3 1 0
github.com/yihuang/go-abi/utils.go:37.2,38.12 2 1
github.com/yihuang/go-abi/utils.go:41.63,42.20 1 1
github.com/yihuang/go-abi/utils.go:42.20,44.3 1 1
github.com/yihuang/go-abi/utils.go:46.2,46.33 1 1
github.com/yihuang/go-abi/utils.go:46.33,49.27 2 1
github.com/yihuang/go-abi/utils.go:49.27,51.4 1 1
github.com/yihuang/go-abi/utils.go:52.3,55.19 4 1
github.com/yihuang/go-abi/utils.go:58.2,59.18 2 1
github.com/yihuang/go-abi/utils.go:64.46,65.13 1 1
github.com/yihuang/go-abi/utils.go:66.21,67.19 1 1
github.com/yihuang/go-abi/utils.go:67.19,69.4 1 1
github.com/yihuang/go-abi/utils.go:70.3,70.19 1 1
github.com/yihuang/go-abi/utils.go:71.20,72.19 1 1
github.com/yihuang/go-abi/utils.go:72.19,74.4 1 1
github.com/yihuang/go-abi/utils.go:75.3,75.18 1 1
github.com/yihuang/go-abi/utils.go:76.24,77.19 1 1
github.com/yihuang/go-abi/utils.go:78.21,79.16 1 1
github.com/yihuang/go-abi/utils.go:80.23,81.18 1 1
github.com/yihuang/go-abi/utils.go:82.22,83.17 1 1
github.com/yihuang/go-abi/utils.go:84.27,85.40 1 1
github.com/yihuang/go-abi/utils.go:86.22,87.60 1 1
github.com/yihuang/go-abi/utils.go:88.22,89.70 1 0
github.com/yihuang/go-abi/utils.go:90.22,91.28 1 0
github.com/yihuang/go-abi/utils.go:92.10,93.73 1 0
github.com/yihuang/go-abi/utils.go:98.47,101.36 2 0
github.com/yihuang/go-abi/utils.go:101.36,103.3 1 0
github.com/yihuang/go-abi/utils.go:105.2,107.45 3 0
github.com/yihuang/go-abi/utils.go:111.44,112.26 1 0
github.com/yihuang/go-abi/utils.go:112.26,114.3 1 0
github.com/yihuang/go-abi/utils.go:118.2,118.30 1 0
github.com/yihuang/go-abi/generator/cmd.go:19.57,24.41 3 0
github.com/yihuang/go-abi/generator/cmd.go:24.41,26.20 1 0
github.com/yihuang/go-abi/generator/cmd.go:26.20,28.4 1 0
github.com/yihuang/go-abi/generator/cmd.go:29.3,30.17 2 0
github.com/yihuang/go-abi/generator/cmd.go:30.17,32.4 1 0
github.com/yihuang/go-abi/generator/cmd.go:33.8,33.50 1 0
github.com/yihuang/go-abi/generator/cmd.go:33.50,36.17 2 0
github.com/yihuang/go-abi/generator/cmd.go:36.17,38.4 1 0
github.com/yihuang/go-abi/generator/cmd.go:40.3,41.17 2 0
github.com/yihuang/go-abi/generator/cmd.go:41.17,43.4 1 0
github.com/yihuang/go-abi/generator/cmd.go:44.8,46.3 1 0
github.com/yihuang/go-abi/generator/cmd.go:49.2,52.16 4 0
github.com/yihuang/go-abi/generator/cmd.go:52.16,55.3 2 0
github.com/yihuang/go-abi/generator/cmd.go:58.2,58.34 1 0
github.com/yihuang/go-abi/generator/cmd.go:58.34,61.3 2 0
github.com/yihuang/go-abi/generator/cmd.go:63.2,69.16 4 0
github.com/yihuang/go-abi/generator/cmd.go:69.16,72.3 2 0
github.com/yihuang/go-abi/generator/cmd.go:74.2,74.66 1 0
github.com/yihuang/go-abi/generator/cmd.go:74.66,76.3 1 0
github.com/yihuang/go-abi/generator/cmd.go:77.2,77.58 1 0
github.com/yihuang/go-abi/generator/cmd.go:81.82,85.16 3 0
github.com/yihuang/go-abi/generator/cmd.go:85.16,87.3 1 0
github.com/yihuang/go-abi/generator/cmd.go:90.2,91.42 2 0
github.com/yihuang/go-abi/generator/cmd.go:91.42,92.70 1 0
github.com/yihuang/go-abi/generator/cmd.go:92.70,93.39 1 0
github.com/yihuang/go-abi/generator/cmd.go:93.39,94.51 1 0
github.com/yihuang/go-abi/generator/cmd.go:94.51,95.43 1 0
github.com/yihuang/go-abi/generator/cmd.go:95.43,96.31 1 0
github.com/yihuang/go-abi/generator/cmd.go:96.31,98.37 1 0
github.com/yihuang/go-abi/generator/cmd.go:98.37,99.91 1 0
github.com/yihuang/go-abi/generator/cmd.go:99.91,102.10 1 0
github.com/yihuang/go-abi/generator/cmd.go:102.15,102.78 1 0
github.com/yihuang/go-abi/generator/cmd.go:102.78,104.43 1 0
github.com/yihuang/go-abi/generator/cmd.go:104.43,105.77 1 0
github.com/yihuang/go-abi/generator/cmd.go:105.77,107.12 1 0
github.com/yihuang/go-abi/generator/cmd.go:111.8,111.20 1 0
github.com/yihuang/go-abi/generator/cmd.go:117.3,117.14 1 0
github.com/yihuang/go-abi/generator/cmd.go:120.2,120.24 1 0
github.com/yihuang/go-abi/generator/cmd.go:120.24,122.3 1 0
github.com/yihuang/go-abi/generator/cmd.go:125.2,126.16 2 0
github.com/yihuang/go-abi/generator/cmd.go:126.16,128.3 1 0
github.com/yihuang/go-abi/generator/cmd.go:131.2,131.46 1 0
github.com/yihuang/go-abi/generator/decoders.go:10.48,12.18 1 0
github.com/yihuang/go-abi/generator/decoders.go:12.18,14.3 1 0
github.com/yihuang/go-abi/generator/decoders.go:14.8,16.3 1 0
github.com/yihuang/go-abi/generator/decoders.go:20.53,25.22 2 0
github.com/yihuang/go-abi/generator/decoders.go:25.22,27.18 1 0
github.com/yihuang/go-abi/generator/decoders.go:27.18,29.4 1 0
github.com/yihuang/go-abi/generator/decoders.go:29.9,29.26 1 0
github.com/yihuang/go-abi/generator/decoders.go:29.26,31.4 1 0
github.com/yihuang/go-abi/generator/decoders.go:31.9,31.26 1 0
github.com/yihuang/go-abi/generator/decoders.go:31.26,33.4 1 0
github.com/yihuang/go-abi/generator/decoders.go:33.9,33.26 1 0
github.com/yihuang/go-abi/generator/decoders.go:33.26,35.4 1 0
github.com/yihuang/go-abi/generator/decoders.go:35.9,39.4 2 0
github.com/yihuang/go-abi/generator/decoders.go:40.8,42.18 1 0
github.com/yihuang/go-abi/generator/decoders.go:42.18,44.4 1 0
github.com/yihuang/go-abi/generator/decoders.go:44.9,44.26 1 0
github.com/yihuang/go-abi/generator/decoders.go:44.26,46.4 1 0
github.com/yihuang/go-abi/generator/decoders.go:46.9,46.26 1 0
github.com/yihuang/go-abi/generator/decoders.go:46.26,48.4 1 0
github.com/yihuang/go-abi/generator/decoders.go:48.9,48.26 1 0
github.com/yihuang/go-abi/generator/decoders.go:48.26,50.4 1 0
github.com/yihuang/go-abi/generator/decoders.go:50.9,54.4 2 0
github.com/yihuang/go-abi/generator/decoders.go:57.2,59.22 2 0
github.com/yihuang/go-abi/generator/decoders.go:59.22,61.21 1 0
github.com/yihuang/go-abi/generator/decoders.go:62.15,66.14 4 0
github.com/yihuang/go-abi/generator/decoders.go:67.16,71.14 4 0
github.com/yihuang/go-abi/generator/decoders.go:72.16,76.14 4 0
github.com/yihuang/go-abi/generator/decoders.go:77.16,81.14 4 0
github.com/yihuang/go-abi/generator/decoders.go:83.8,85.21 1 0
github.com/yihuang/go-abi/generator/decoders.go:86.16,87.37 1 0
github.com/yihuang/go-abi/generator/decoders.go:88.17,89.58 1 0
github.com/yihuang/go-abi/generator/decoders.go:90.17,91.58 1 0
github.com/yihuang/go-abi/generator/decoders.go:92.17,93.58 1 0
github.com/yihuang/go-abi/generator/decoders.go:97.2,97.33 1 0
github.com/yihuang/go-abi/generator/decoders.go:101.51,103.22 2 0
github.com/yihuang/go-abi/generator/decoders.go:103.22,105.3 1 0
github.com/yihuang/go-abi/generator/decoders.go:107.2,111.33 5 0
github.com/yihuang/go-abi/generator/decoders.go:115.42,119.2 3 0
github.com/yihuang/go-abi/generator/decoders.go:122.39,125.2 2 0
github.com/yihuang/go-abi/generator/decoders.go:128.41,138.2 9 0
github.com/yihuang/go-abi/generator/decoders.go:141.40,152.2 10 0
github.com/yihuang/go-abi/generator/decoders.go:155.55,159.2 3 0
github.com/yihuang/go-abi/generator/decoders.go:162.50,181.29 16 0
github.com/yihuang/go-abi/generator/decoders.go:181.29,186.30 4 0
github.com/yihuang/go-abi/generator/decoders.go:186.30,188.4 1 0
github.com/yihuang/go-abi/generator/decoders.go:188.9,190.4 1 0
github.com/yihuang/go-abi/generator/decoders.go:192.3,197.43 6 0
github.com/yihuang/go-abi/generator/decoders.go:198.8,209.30 10 0
github.com/yihuang/go-abi/generator/decoders.go:209.30,211.4 1 0
github.com/yihuang/go-abi/generator/decoders.go:211.9,213.4 1 0
github.com/yihuang/go-abi/generator/decoders.go:215.3,220.50 6 0
github.com/yihuang/go-abi/generator/decoders.go:225.50,229.29 3 0
github.com/yihuang/go-abi/generator/decoders.go:229.29,240.31 10 0
github.com/yihuang/go-abi/generator/decoders.go:240.31,247.4 6 0
github.com/yihuang/go-abi/generator/decoders.go:248.3,248.42 1 0
github.com/yihuang/go-abi/generator/decoders.go:249.8,269.30 18 0
github.com/yihuang/go-abi/generator/decoders.go:269.30,271.4 1 0
github.com/yihuang/go-abi/generator/decoders.go:271.9,273.4 1 0
github.com/yihuang/go-abi/generator/decoders.go:274.3,279.45 6 0
github.com/yihuang/go-abi/generator/encoders.go:11.51,13.18 1 0
github.com/yihuang/go-abi/generator/encoders.go:13.18,15.3 1 0
github.com/yihuang/go-abi/generator/encoders.go:15.8,17.3 1 0
github.com/yihuang/go-abi/generator/encoders.go:21.56,26.25 2 0
github.com/yihuang/go-abi/generator/encoders.go:26.25,28.18 1 0
github.com/yihuang/go-abi/generator/encoders.go:28.18,30.4 1 0
github.com/yihuang/go-abi/generator/encoders.go:30.9,30.26 1 0
github.com/yihuang/go-abi/generator/encoders.go:30.26,32.4 1 0
github.com/yihuang/go-abi/generator/encoders.go:32.9,32.26 1 0
github.com/yihuang/go-abi/generator/encoders.go:32.26,34.4 1 0
github.com/yihuang/go-abi/generator/encoders.go:34.9,34.26 1 0
github.com/yihuang/go-abi/generator/encoders.go:34.26,36.4 1 0
github.com/yihuang/go-abi/generator/encoders.go:36.9,40.4 2 0
github.com/yihuang/go-abi/generator/encoders.go:41.8,43.18 1 0
github.com/yihuang/go-abi/generator/encoders.go:43.18,45.4 1 0
github.com/yihuang/go-abi/generator/encoders.go:45.9,45.26 1 0
github.com/yihuang/go-abi/generator/encoders.go:45.26,47.4 1 0
github.com/yihuang/go-abi/generator/encoders.go:47.9,47.26 1 0
github.com/yihuang/go-abi/generator/encoders.go:47.26,49.4 1 0
github.com/yihuang/go-abi/generator/encoders.go:49.9,49.26 1 0
github.com/yihuang/go-abi/generator/encoders.go:49.26,51.4 1 0
github.com/yihuang/go-abi/generator/encoders.go:51.9,55.4 2 0
github.com/yihuang/go-abi/generator/encoders.go:58.2,58.25 1 0
github.com/yihuang/go-abi/generator/encoders.go:58.25,60.21 1 0
github.com/yihuang/go-abi/generator/encoders.go:61.15,65.34 4 0
github.com/yihuang/go-abi/generator/encoders.go:66.16,70.66 4 0
github.com/yihuang/go-abi/generator/encoders.go:71.16,75.66 4 0
github.com/yihuang/go-abi/generator/encoders.go:76.16,80.66 4 0
github.com/yihuang/go-abi/generator/encoders.go:82.8,84.21 1 0
github.com/yihuang/go-abi/generator/encoders.go:85.16,86.34 1 0
github.com/yihuang/go-abi/generator/encoders.go:87.17,88.66 1 0
github.com/yihuang/go-abi/generator/encoders.go:89.17,90.66 1 0
github.com/yihuang/go-abi/generator/encoders.go:91.17,92.66 1 0
github.com/yihuang/go-abi/generator/encoders.go:96.2,96.25 1 0
github.com/yihuang/go-abi/generator/encoders.go:100.54,102.25 2 0
github.com/yihuang/go-abi/generator/encoders.go:102.25,104.3 1 0
github.com/yihuang/go-abi/generator/encoders.go:106.2,109.25 4 0
github.com/yihuang/go-abi/generator/encoders.go:113.42,116.2 2 0
github.com/yihuang/go-abi/generator/encoders.go:119.39,124.2 4 0
github.com/yihuang/go-abi/generator/encoders.go:127.41,135.2 7 0
github.com/yihuang/go-abi/generator/encoders.go:138.40,146.2 7 0
github.com/yihuang/go-abi/generator/encoders.go:149.58,152.2 2 0
github.com/yihuang/go-abi/generator/encoders.go:155.53,160.29 5 0
github.com/yihuang/go-abi/generator/encoders.go:160.29,172.3 11 0
github.com/yihuang/go-abi/generator/encoders.go:172.8,190.3 17 0
github.com/yihuang/go-abi/generator/encoders.go:194.53,195.29 1 0
github.com/yihuang/go-abi/generator/encoders.go:195.29,199.31 3 0
github.com/yihuang/go-abi/generator/encoders.go:199.31,207.4 5 0
github.com/yihuang/go-abi/generator/encoders.go:208.3,209.34 2 0
github.com/yihuang/go-abi/generator/encoders.go:210.8,221.31 8 0
github.com/yihuang/go-abi/generator/encoders.go:221.31,232.4 9 0
github.com/yihuang/go-abi/generator/encoders.go:233.3,234.37 2 0
github.com/yihuang/go-abi/generator/encoders.go:239.53,244.22 3 1
github.com/yihuang/go-abi/generator/encoders.go:244.22,249.3 4 1
github.com/yihuang/go-abi/generator/encoders.go:251.2,252.36 2 1
github.com/yihuang/go-abi/generator/encoders.go:252.36,255.31 2 1
github.com/yihuang/go-abi/generator/encoders.go:255.31,257.4 1 1
github.com/yihuang/go-abi/generator/encoders.go:257.9,259.4 1 0
github.com/yihuang/go-abi/generator/encoders.go:260.3,263.28 3 1
github.com/yihuang/go-abi/generator/encoders.go:263.28,269.4 4 1
github.com/yihuang/go-abi/generator/encoders.go:269.9,281.4 9 1
github.com/yihuang/go-abi/generator/encoders.go:282.3,282.10 1 1
github.com/yihuang/go-abi/generator/encoders.go:285.2,285.36 1 1
github.com/yihuang/go-abi/generator/generator.go:53.46,58.17 4 1
github.com/yihuang/go-abi/generator/generator.go:58.17,61.3 2 1
github.com/yihuang/go-abi/generator/generator.go:63.2,68.3 1 1
github.com/yihuang/go-abi/generator/generator.go:71.51,74.2 2 1
github.com/yihuang/go-abi/generator/generator.go:76.61,79.2 2 0
github.com/yihuang/go-abi/generator/generator.go:82.72,92.24 5 1
github.com/yihuang/go-abi/generator/generator.go:92.24,94.33 2 1
github.com/yihuang/go-abi/generator/generator.go:94.33,95.23 1 1
github.com/yihuang/go-abi/generator/generator.go:95.23,97.5 1 1
github.com/yihuang/go-abi/generator/generator.go:97.10,99.5 1 1
github.com/yihuang/go-abi/generator/generator.go:101.3,102.10 2 1
github.com/yihuang/go-abi/generator/generator.go:106.2,107.53 2 1
github.com/yihuang/go-abi/generator/generator.go:107.53,109.3 1 1
github.com/yihuang/go-abi/generator/generator.go:112.2,122.29 4 1
github.com/yihuang/go-abi/generator/generator.go:122.29,124.3 1 1
github.com/yihuang/go-abi/generator/generator.go:127.2,127.29 1 1
github.com/yihuang/go-abi/generator/generator.go:127.29,128.24 1 1
github.com/yihuang/go-abi/generator/generator.go:128.24,129.12 1 1
github.com/yihuang/go-abi/generator/generator.go:132.3,132.23 1 1
github.com/yihuang/go-abi/generator/generator.go:136.2,136.29 1 1
github.com/yihuang/go-abi/generator/generator.go:136.29,138.3 1 1
github.com/yihuang/go-abi/generator/generator.go:141.2,141.33 1 1
github.com/yihuang/go-abi/generator/generator.go:141.33,143.3 1 1
github.com/yihuang/go-abi/generator/generator.go:145.2,146.52 2 1
github.com/yihuang/go-abi/generator/generator.go:146.52,148.3 1 0
github.com/yihuang/go-abi/generator/generator.go:150.2,153.52 2 1
github.com/yihuang/go-abi/generator/generator.go:153.52,156.3 2 0
github.com/yihuang/go-abi/generator/generator.go:159.2,159.35 1 1
github.com/yihuang/go-abi/generator/generator.go:163.76,167.37 3 1
github.com/yihuang/go-abi/generator/generator.go:167.37,169.44 2 1
github.com/yihuang/go-abi/generator/generator.go:169.44,171.4 1 1
github.com/yihuang/go-abi/generator/generator.go:174.3,174.14 1 1
github.com/yihuang/go-abi/generator/generator.go:175.39,176.21 1 0
github.com/yihuang/go-abi/generator/generator.go:176.21,178.5 1 0
github.com/yihuang/go-abi/generator/generator.go:179.23,180.38 1 1
github.com/yihuang/go-abi/generator/generator.go:180.38,182.5 1 1
github.com/yihuang/go-abi/generator/generator.go:187.2,187.33 1 1
github.com/yihuang/go-abi/generator/generator.go:187.33,189.39 1 1
github.com/yihuang/go-abi/generator/generator.go:189.39,191.4 1 1
github.com/yihuang/go-abi/generator/generator.go:193.3,193.41 1 1
github.com/yihuang/go-abi/generator/generator.go:193.41,195.4 1 0
github.com/yihuang/go-abi/generator/generator.go:199.2,200.46 2 1
github.com/yihuang/go-abi/generator/generator.go:200.46,202.28 2 1
github.com/yihuang/go-abi/generator/generator.go:202.28,204.12 1 1
github.com/yihuang/go-abi/generator/generator.go:206.3,206.29 1 1
github.com/yihuang/go-abi/generator/generator.go:208.2,208.15 1 1
github.com/yihuang/go-abi/generator/generator.go:211.66,213.51 2 1
github.com/yihuang/go-abi/generator/generator.go:213.51,216.3 1 1
github.com/yihuang/go-abi/generator/generator.go:217.2,217.69 1 0
github.com/yihuang/go-abi/generator/generator.go:221.56,223.37 2 1
github.com/yihuang/go-abi/generator/generator.go:223.37,226.3 1 1
github.com/yihuang/go-abi/generator/generator.go:228.2,235.13 5 0
github.com/yihuang/go-abi/generator/generator.go:236.35,237.22 1 0
github.com/yihuang/go-abi/generator/generator.go:238.24,239.25 1 0
github.com/yihuang/go-abi/generator/generator.go:240.21,241.22 1 0
github.com/yihuang/go-abi/generator/generator.go:242.23,243.24 1 0
github.com/yihuang/go-abi/generator/generator.go:244.22,245.23 1 0
github.com/yihuang/go-abi/generator/generator.go:246.27,247.29 1 0
github.com/yihuang/go-abi/generator/generator.go:248.22,249.24 1 0
github.com/yihuang/go-abi/generator/generator.go:250.22,251.24 1 0
github.com/yihuang/go-abi/generator/generator.go:252.22,253.62 1 0
github.com/yihuang/go-abi/generator/generator.go:254.10,255.80 1 0
github.com/yihuang/go-abi/generator/generator.go:258.2,258.10 1 0
github.com/yihuang/go-abi/generator/generator.go:262.52,264.37 2 1
github.com/yihuang/go-abi/generator/generator.go:264.37,267.3 1 1
github.com/yihuang/go-abi/generator/generator.go:269.2,274.23 4 0
github.com/yihuang/go-abi/generator/generator.go:274.23,277.3 1 0
github.com/yihuang/go-abi/generator/generator.go:277.8,279.14 1 0
github.com/yihuang/go-abi/generator/generator.go:280.24,281.89 1 0
github.com/yihuang/go-abi/generator/generator.go:282.23,283.88 1 0
github.com/yihuang/go-abi/generator/generator.go:284.23,285.30 1 0
github.com/yihuang/go-abi/generator/generator.go:285.30,291.5 4 0
github.com/yihuang/go-abi/generator/generator.go:291.10,294.5 1 0
github.com/yihuang/go-abi/generator/generator.go:295.23,298.32 2 0
github.com/yihuang/go-abi/generator/generator.go:298.32,300.5 1 0
github.com/yihuang/go-abi/generator/generator.go:301.23,303.57 1 0
github.com/yihuang/go-abi/generator/generator.go:304.11,305.23 1 0
github.com/yihuang/go-abi/generator/generator.go:307.3,307.23 1 0
github.com/yihuang/go-abi/generator/generator.go:310.2,310.10 1 0
github.com/yihuang/go-abi/generator/generator.go:314.56,316.37 2 1
github.com/yihuang/go-abi/generator/generator.go:316.37,319.3 1 1
github.com/yihuang/go-abi/generator/generator.go:321.2,328.13 5 0
github.com/yihuang/go-abi/generator/generator.go:329.35,330.22 1 0
github.com/yihuang/go-abi/generator/generator.go:331.24,332.25 1 0
github.com/yihuang/go-abi/generator/generator.go:333.21,334.22 1 0
github.com/yihuang/go-abi/generator/generator.go:335.23,336.24 1 0
github.com/yihuang/go-abi/generator/generator.go:337.22,338.23 1 0
github.com/yihuang/go-abi/generator/generator.go:339.27,340.29 1 0
github.com/yihuang/go-abi/generator/generator.go:341.22,342.24 1 0
github.com/yihuang/go-abi/generator/generator.go:343.22,344.24 1 0
github.com/yihuang/go-abi/generator/generator.go:345.22,346.62 1 0
github.com/yihuang/go-abi/generator/generator.go:347.10,348.80 1 0
github.com/yihuang/go-abi/generator/generator.go:351.2,351.10 1 0
github.com/yihuang/go-abi/generator/generator.go:355.56,360.44 3 1
github.com/yihuang/go-abi/generator/generator.go:360.44,361.28 1 1
github.com/yihuang/go-abi/generator/generator.go:361.28,363.4 1 1
github.com/yihuang/go-abi/generator/generator.go:364.3,364.41 1 1
github.com/yihuang/go-abi/generator/generator.go:368.2,368.33 1 1
github.com/yihuang/go-abi/generator/generator.go:368.33,370.39 1 1
github.com/yihuang/go-abi/generator/generator.go:370.39,372.4 1 1
github.com/yihuang/go-abi/generator/generator.go:374.3,374.41 1 1
github.com/yihuang/go-abi/generator/generator.go:374.41,376.4 1 0
github.com/yihuang/go-abi/generator/generator.go:380.2,380.49 1 1
github.com/yihuang/go-abi/generator/generator.go:380.49,382.58 1 1
github.com/yihuang/go-abi/generator/generator.go:382.58,384.12 1 1
github.com/yihuang/go-abi/generator/generator.go:387.3,389.17 3 1
github.com/yihuang/go-abi/generator/generator.go:394.41,401.29 6 1
github.com/yihuang/go-abi/generator/generator.go:401.29,404.3 2 1
github.com/yihuang/go-abi/generator/generator.go:405.2,408.23 2 1
github.com/yihuang/go-abi/generator/generator.go:412.48,432.2 12 1
github.com/yihuang/go-abi/generator/generator.go:435.55,444.2 6 1
github.com/yihuang/go-abi/generator/generator.go:447.46,453.29 5 1
github.com/yihuang/go-abi/generator/generator.go:453.29,454.30 1 1
github.com/yihuang/go-abi/generator/generator.go:454.30,455.12 1 1
github.com/yihuang/go-abi/generator/generator.go:458.3,458.82 1 1
github.com/yihuang/go-abi/generator/generator.go:461.2,463.10 3 1
github.com/yihuang/go-abi/generator/generator.go:467.68,468.23 1 0
github.com/yihuang/go-abi/generator/generator.go:468.23,471.3 2 0
github.com/yihuang/go-abi/generator/generator.go:473.2,473.13 1 0
github.com/yihuang/go-abi/generator/generator.go:474.23,475.91 1 0
github.com/yihuang/go-abi/generator/generator.go:477.22,478.90 1 0
github.com/yihuang/go-abi/generator/generator.go:480.22,481.29 1 0
github.com/yihuang/go-abi/generator/generator.go:481.29,487.4 4 0
github.com/yihuang/go-abi/generator/generator.go:487.9,490.4 1 0
github.com/yihuang/go-abi/generator/generator.go:492.22,496.11 3 0
github.com/yihuang/go-abi/generator/generator.go:498.22,500.59 1 0
github.com/yihuang/go-abi/generator/generator.go:502.10,503.22 1 0
github.com/yihuang/go-abi/generator/generator.go:508.76,509.23 1 0
github.com/yihuang/go-abi/generator/generator.go:509.23,512.3 2 0
github.com/yihuang/go-abi/generator/generator.go:514.2,514.13 1 0
github.com/yihuang/go-abi/generator/generator.go:515.23,516.93 1 0
github.com/yihuang/go-abi/generator/generator.go:518.22,519.92 1 0
github.com/yihuang/go-abi/generator/generator.go:521.22,522.29 1 0
github.com/yihuang/go-abi/generator/generator.go:522.29,528.4 4 0
github.com/yihuang/go-abi/generator/generator.go:528.9,531.4 1 0
github.com/yihuang/go-abi/generator/generator.go:533.22,537.13 3 0
github.com/yihuang/go-abi/generator/generator.go:539.22,541.61 1 0
github.com/yihuang/go-abi/generator/generator.go:543.10,544.22 1 0
github.com/yihuang/go-abi/generator/generator.go:549.47,560.24 10 1
github.com/yihuang/go-abi/generator/generator.go:560.24,562.3 1 1
github.com/yihuang/go-abi/generator/generator.go:563.2,567.29 4 1
github.com/yihuang/go-abi/generator/generator.go:567.29,569.30 2 1
github.com/yihuang/go-abi/generator/generator.go:569.30,572.34 2 1
github.com/yihuang/go-abi/generator/generator.go:572.34,574.5 1 0
github.com/yihuang/go-abi/generator/generator.go:574.10,576.5 1 1
github.com/yihuang/go-abi/generator/generator.go:577.4,581.34 4 1
github.com/yihuang/go-abi/generator/generator.go:582.9,591.34 7 1
github.com/yihuang/go-abi/generator/generator.go:591.34,593.5 1 1
github.com/yihuang/go-abi/generator/generator.go:593.10,595.5 1 1
github.com/yihuang/go-abi/generator/generator.go:596.4,603.16 6 1
github.com/yihuang/go-abi/generator/generator.go:607.2,608.10 2 1
github.com/yihuang/go-abi/generator/generator.go:611.55,614.28 2 1
github.com/yihuang/go-abi/generator/generator.go:614.28,617.3 2 1
github.com/yihuang/go-abi/generator/generator.go:617.8,623.3 5 0
github.com/yihuang/go-abi/generator/generator.go:625.2,637.29 12 1
github.com/yihuang/go-abi/generator/generator.go:637.29,640.3 2 0
github.com/yihuang/go-abi/generator/generator.go:640.8,646.3 5 1
github.com/yihuang/go-abi/generator/generator.go:649.62,650.23 1 1
github.com/yihuang/go-abi/generator/generator.go:650.23,652.3 1 0
github.com/yihuang/go-abi/generator/generator.go:654.2,657.33 4 1
github.com/yihuang/go-abi/generator/generator.go:657.33,666.3 3 1
github.com/yihuang/go-abi/generator/generator.go:667.2,672.33 5 1
github.com/yihuang/go-abi/generator/generator.go:672.33,677.3 3 1
github.com/yihuang/go-abi/generator/generator.go:678.2,678.10 1 1
github.com/yihuang/go-abi/generator/generator.go:682.65,685.19 1 1
github.com/yihuang/go-abi/generator/generator.go:686.21,688.24 1 1
github.com/yihuang/go-abi/generator/generator.go:688.24,690.4 1 0
github.com/yihuang/go-abi/generator/generator.go:690.9,690.32 1 1
github.com/yihuang/go-abi/generator/generator.go:690.32,692.4 1 0
github.com/yihuang/go-abi/generator/generator.go:692.9,692.32 1 1
github.com/yihuang/go-abi/generator/generator.go:692.32,694.4 1 0
github.com/yihuang/go-abi/generator/generator.go:694.9,694.32 1 1
github.com/yihuang/go-abi/generator/generator.go:694.32,696.4 1 0
github.com/yihuang/go-abi/generator/generator.go:696.9,698.4 1 1
github.com/yihuang/go-abi/generator/generator.go:699.20,701.24 1 0
github.com/yihuang/go-abi/generator/generator.go:701.24,703.4 1 0
github.com/yihuang/go-abi/generator/generator.go:703.9,703.32 1 0
github.com/yihuang/go-abi/generator/generator.go:703.32,705.4 1 0
github.com/yihuang/go-abi/generator/generator.go:705.9,705.32 1 0
github.com/yihuang/go-abi/generator/generator.go:705.32,707.4 1 0
github.com/yihuang/go-abi/generator/generator.go:707.9,707.32 1 0
github.com/yihuang/go-abi/generator/generator.go:707.32,709.4 1 0
github.com/yihuang/go-abi/generator/generator.go:709.9,711.4 1 0
github.com/yihuang/go-abi/generator/generator.go:712.24,713.26 1 1
github.com/yihuang/go-abi/generator/generator.go:714.21,715.16 1 0
github.com/yihuang/go-abi/generator/generator.go:716.23,717.18 1 1
github.com/yihuang/go-abi/generator/generator.go:718.22,719.18 1 0
github.com/yihuang/go-abi/generator/generator.go:720.27,721.47 1 0
github.com/yihuang/go-abi/generator/generator.go:722.22,725.39 2 0
github.com/yihuang/go-abi/generator/generator.go:726.22,729.55 2 0
github.com/yihuang/go-abi/generator/generator.go:730.22,734.75 2 1
github.com/yihuang/go-abi/generator/generator.go:734.75,736.4 1 1
github.com/yihuang/go-abi/generator/generator.go:737.3,737.20 1 1
github.com/yihuang/go-abi/generator/generator.go:738.10,739.67 1 0
github.com/yihuang/go-abi/generator/generator.go:743.87,745.27 1 1
github.com/yihuang/go-abi/generator/generator.go:745.27,748.3 1 1
github.com/yihuang/go-abi/generator/generator.go:750.2,750.78 1 1
github.com/yihuang/go-abi/generator/generator.go:753.72,754.23 1 1
github.com/yihuang/go-abi/generator/generator.go:754.23,755.64 1 0
github.com/yihuang/go-abi/generator/generator.go:758.2,758.27 1 1
github.com/yihuang/go-abi/generator/generator.go:758.27,761.3 1 1
github.com/yihuang/go-abi/generator/generator.go:763.2,763.66 1 1
github.com/yihuang/go-abi/generator/generator.go:766.73,767.27 1 1
github.com/yihuang/go-abi/generator/generator.go:767.27,768.62 1 0
github.com/yihuang/go-abi/generator/generator.go:771.2,771.67 1 1
github.com/yihuang/go-abi/generator/generator.go:775.62,776.22 1 1
github.com/yihuang/go-abi/generator/generator.go:776.22,778.3 1 1
github.com/yihuang/go-abi/generator/generator.go:780.2,783.31 4 0
github.com/yihuang/go-abi/generator/generator.go:783.31,787.30 3 0
github.com/yihuang/go-abi/generator/generator.go:787.30,789.4 1 0
github.com/yihuang/go-abi/generator/generator.go:790.3,790.81 1 0
github.com/yihuang/go-abi/generator/generator.go:792.2,792.10 1 0
github.com/yihuang/go-abi/generator/generator.go:795.50,797.30 1 0
github.com/yihuang/go-abi/generator/generator.go:797.30,798.33 1 0
github.com/yihuang/go-abi/generator/generator.go:798.33,800.4 1 0
github.com/yihuang/go-abi/generator/generator.go:804.2,811.32 4 0
github.com/yihuang/go-abi/generator/generator.go:811.32,813.3 1 0
github.com/yihuang/go-abi/generator/generator.go:813.8,815.3 1 0
github.com/yihuang/go-abi/generator/generator.go:817.2,817.8 1 0
github.com/yihuang/go-abi/generator/generator.go:820.58,831.37 8 0
github.com/yihuang/go-abi/generator/generator.go:831.37,834.3 2 0
github.com/yihuang/go-abi/generator/generator.go:836.2,840.37 4 0
github.com/yihuang/go-abi/generator/generator.go:840.37,841.21 1 0
github.com/yihuang/go-abi/generator/generator.go:841.21,842.12 1 0
github.com/yihuang/go-abi/generator/generator.go:844.3,844.55 1 0
github.com/yihuang/go-abi/generator/generator.go:847.2,850.37 3 0
github.com/yihuang/go-abi/generator/generator.go:850.37,851.20 1 0
github.com/yihuang/go-abi/generator/generator.go:851.20,852.12 1 0
github.com/yihuang/go-abi/generator/generator.go:854.3,854.55 1 0
github.com/yihuang/go-abi/generator/generator.go:857.2,859.10 3 0
github.com/yihuang/go-abi/generator/generator.go:862.57,866.37 3 0
github.com/yihuang/go-abi/generator/generator.go:866.37,867.21 1 0
github.com/yihuang/go-abi/generator/generator.go:867.21,868.12 1 0
github.com/yihuang/go-abi/generator/generator.go:870.3,870.33 1 0
github.com/yihuang/go-abi/generator/generator.go:873.2,873.22 1 0
github.com/yihuang/go-abi/generator/generator.go:873.22,876.3 2 0
github.com/yihuang/go-abi/generator/generator.go:878.2,881.31 3 0
github.com/yihuang/go-abi/generator/generator.go:881.31,885.3 3 0
github.com/yihuang/go-abi/generator/generator.go:886.2,894.31 6 0
github.com/yihuang/go-abi/generator/generator.go:894.31,905.3 7 0
github.com/yihuang/go-abi/generator/generator.go:907.2,922.31 12 0
github.com/yihuang/go-abi/generator/generator.go:922.31,923.65 1 0
github.com/yihuang/go-abi/generator/generator.go:923.65,925.12 1 0
github.com/yihuang/go-abi/generator/generator.go:927.3,927.31 1 0
github.com/yihuang/go-abi/generator/generator.go:930.2,930.27 1 0
github.com/yihuang/go-abi/generator/generator.go:930.27,932.3 1 0
github.com/yihuang/go-abi/generator/generator.go:933.2,933.31 1 0
github.com/yihuang/go-abi/generator/generator.go:933.31,934.36 1 0
github.com/yihuang/go-abi/generator/generator.go:934.36,935.12 1 0
github.com/yihuang/go-abi/generator/generator.go:938.3,943.13 6 0
github.com/yihuang/go-abi/generator/generator.go:946.2,947.10 2 0
github.com/yihuang/go-abi/generator/generator.go:950.64,953.34 3 0
github.com/yihuang/go-abi/generator/generator.go:953.34,959.3 4 0
github.com/yihuang/go-abi/generator/generator.go:959.8,959.22 1 0
github.com/yihuang/go-abi/generator/generator.go:959.22,967.3 6 0
github.com/yihuang/go-abi/generator/generator.go:967.8,974.3 5 0
github.com/yihuang/go-abi/generator/options.go:15.42,21.27 2 1
github.com/yihuang/go-abi/generator/options.go:21.27,23.3 1 1
github.com/yihuang/go-abi/generator/options.go:24.2,24.16 1 1
github.com/yihuang/go-abi/generator/options.go:29.38,30.26 1 0
github.com/yihuang/go-abi/generator/options.go:30.26,32.3 1 0
github.com/yihuang/go-abi/generator/options.go:35.37,36.26 1 0
github.com/yihuang/go-abi/generator/options.go:36.26,38.3 1 0
github.com/yihuang/go-abi/generator/options.go:41.30,42.26 1 0
github.com/yihuang/go-abi/generator/options.go:42.26,44.3 1 0
github.com/yihuang/go-abi/generator/options.go:47.28,48.26 1 0
github.com/yihuang/go-abi/generator/options.go:48.26,50.3 1 0
github.com/yihuang/go-abi/generator/options.go:53.48,54.26 1 1
github.com/yihuang/go-abi/generator/options.go:54.26,56.3 1 1
github.com/yihuang/go-abi/generator/options.go:59.49,60.26 1 1
github.com/yihuang/go-abi/generator/options.go:60.26,62.3 1 1
github.com/yihuang/go-abi/generator/struct.go:15.63,20.2 1 1
github.com/yihuang/go-abi/generator/struct.go:22.72,24.21 2 1
github.com/yihuang/go-abi/generator/struct.go:24.21,26.3 1 0
github.com/yihuang/go-abi/generator/struct.go:27.2,30.3 1 1
github.com/yihuang/go-abi/generator/struct.go:41.70,45.29 4 1
github.com/yihuang/go-abi/generator/struct.go:45.29,47.23 2 1
github.com/yihuang/go-abi/generator/struct.go:47.23,49.4 1 0
github.com/yihuang/go-abi/generator/struct.go:50.3,52.36 3 1
github.com/yihuang/go-abi/generator/struct.go:54.2,58.3 1 1
github.com/yihuang/go-abi/generator/struct.go:61.44,63.30 2 1
github.com/yihuang/go-abi/generator/struct.go:63.30,65.3 1 1
github.com/yihuang/go-abi/generator/struct.go:66.2,70.3 1 1
github.com/yihuang/go-abi/generator/struct.go:73.53,76.37 3 0
github.com/yihuang/go-abi/generator/struct.go:76.37,77.20 1 0
github.com/yihuang/go-abi/generator/struct.go:77.20,78.12 1 0
github.com/yihuang/go-abi/generator/struct.go:80.3,80.39 1 0
github.com/yihuang/go-abi/generator/struct.go:82.2,82.45 1 0
github.com/yihuang/go-abi/generator/struct.go:85.40,87.33 2 1
github.com/yihuang/go-abi/generator/struct.go:87.33,89.3 1 1
github.com/yihuang/go-abi/generator/struct.go:90.2,90.14 1 1
github.com/yihuang/go-abi/generator/struct.go:93.40,94.33 1 0
github.com/yihuang/go-abi/generator/struct.go:94.33,95.33 1 0
github.com/yihuang/go-abi/generator/struct.go:95.33,97.4 1 0
github.com/yihuang/go-abi/generator/struct.go:99.2,99.14 1 0
github.com/yihuang/go-abi/generator/utils.go:16.31,18.29 2 0
github.com/yihuang/go-abi/generator/utils.go:18.29,20.3 1 0
github.com/yihuang/go-abi/generator/utils.go:21.2,21.32 1 0
github.com/yihuang/go-abi/generator/utils.go:24.57,26.19 2 1
github.com/yihuang/go-abi/generator/utils.go:26.19,28.3 1 1
github.com/yihuang/go-abi/generator/utils.go:29.2,30.13 2 1
github.com/yihuang/go-abi/generator/utils.go:40.37,41.24 1 1
github.com/yihuang/go-abi/generator/utils.go:41.24,42.37 1 1
github.com/yihuang/go-abi/generator/utils.go:42.37,43.28 1 1
github.com/yihuang/go-abi/generator/utils.go:43.28,45.5 1 1
github.com/yihuang/go-abi/generator/utils.go:47.3,47.15 1 1
github.com/yihuang/go-abi/generator/utils.go:49.2,49.122 1 1
github.com/yihuang/go-abi/generator/utils.go:60.34,61.51 1 1
github.com/yihuang/go-abi/generator/utils.go:61.51,63.57 1 0
github.com/yihuang/go-abi/generator/utils.go:63.57,65.4 1 0
github.com/yihuang/go-abi/generator/utils.go:66.3,66.21 1 0
github.com/yihuang/go-abi/generator/utils.go:67.8,67.52 1 1
github.com/yihuang/go-abi/generator/utils.go:67.52,69.37 2 0
github.com/yihuang/go-abi/generator/utils.go:69.37,71.4 1 0
github.com/yihuang/go-abi/generator/utils.go:72.3,72.15 1 0
github.com/yihuang/go-abi/generator/utils.go:74.2,74.11 1 1
github.com/yihuang/go-abi/generator/utils.go:77.42,79.29 2 1
github.com/yihuang/go-abi/generator/utils.go:79.29,81.3 1 1
github.com/yihuang/go-abi/generator/utils.go:82.2,82.14 1 1
github.com/yihuang/go-abi/generator/utils.go:87.44,89.2 1 0
github.com/yihuang/go-abi/generator/utils.go:91.53,93.24 2 1
github.com/yihuang/go-abi/generator/utils.go:93.24,94.37 1 1
github.com/yihuang/go-abi/generator/utils.go:94.37,96.4 1 1
github.com/yihuang/go-abi/generator/utils.go:97.8,97.53 1 1
github.com/yihuang/go-abi/generator/utils.go:97.53,99.3 1 0
github.com/yihuang/go-abi/tests/comprehensive.abi.go:59.34,64.2 3 1
github.com/yihuang/go-abi/tests/comprehensive.abi.go:67.54,79.16 5 1
github.com/yihuang/go-abi/tests/comprehensive.abi.go:79.16,81.3 1 0
github.com/yihuang/go-abi/tests/comprehensive.abi.go:82.2,84.27 2 1
github.com/yihuang/go-abi/tests/comprehensive.abi.go:88.45,90.47 2 0
github.com/yihuang/go-abi/tests/comprehensive.abi.go:90.47,92.3 1 0
github.com/yihuang/go-abi/tests/comprehensive.abi.go:93.2,93.17 1 0
github.com/yihuang/go-abi/tests/comprehensive.abi.go:97.50,98.20 1 1
github.com/yihuang/go-abi/tests/comprehensive.abi.go:98.20,100.3 1 1
github.com/yihuang/go-abi/tests/comprehensive.abi.go:101.2,107.2 3 1
github.com/yihuang/go-abi/tests/comprehensive.abi.go:107.2,109.30 2 1
github.com/yihuang/go-abi/tests/comprehensive.abi.go:109.30,111.4 1 0
github.com/yihuang/go-abi/tests/comprehensive.abi.go:112.3,113.17 2 1
github.com/yihuang/go-abi/tests/comprehensive.abi.go:113.17,115.4 1 1
github.com/yihuang/go-abi/tests/comprehensive.abi.go:116.3,116.21 1 1
github.com/yihuang/go-abi/tests/comprehensive.abi.go:118.2,118.27 1 1
github.com/yihuang/go-abi/tests/comprehensive.abi.go:131.33,136.2 3 1
github.com/yihuang/go-abi/tests/comprehensive.abi.go:139.53,147.63 3 1
github.com/yihuang/go-abi/tests/comprehensive.abi.go:147.63,149.3 1 0
github.com/yihuang/go-abi/tests/comprehensive.abi.go:153.2,156.16 3 1
github.com/yihuang/go-abi/tests/comprehensive.abi.go:156.16,158.3 1 0
github.com/yihuang/go-abi/tests/comprehensive.abi.go:159.2,162.66 2 1
github.com/yihuang/go-abi/tests/comprehensive.abi.go:162.66,164.3 1 0
github.com/yihuang/go-abi/tests/comprehensive.abi.go:166.2,166.27 1 1
github.com/yihuang/go-abi/tests/comprehensive.abi.go:170.44,172.47 2 0
github.com/yihuang/go-abi/tests/comprehensive.abi.go:172.47,174.3 1 0
github.com/yihuang/go-abi/tests/comprehensive.abi.go:175.2,175.17 1 0
github.com/yihuang/go-abi/tests/comprehensive.abi.go:179.49,180.20 1 1
github.com/yihuang/go-abi/tests/comprehensive.abi.go:180.20,182.3 1 1
github.com/yihuang/go-abi/tests/comprehensive.abi.go:183.2,190.16 4 1
github.com/yihuang/go-abi/tests/comprehensive.abi.go:190.16,192.3 1 0
github.com/yihuang/go-abi/tests/comprehensive.abi.go:194.2,196.30 2 1
github.com/yihuang/go-abi/tests/comprehensive.abi.go:196.30,198.4 1 0
github.com/yihuang/go-abi/tests/comprehensive.abi.go:199.3,200.17 2 1
github.com/yihuang/go-abi/tests/comprehensive.abi.go:200.17,202.4 1 1
github.com/yihuang/go-abi/tests/comprehensive.abi.go:203.3,203.21 1 1
github.com/yihuang/go-abi/tests/comprehensive.abi.go:206.2,207.16 2 1
github.com/yihuang/go-abi/tests/comprehensive.abi.go:207.16,209.3 1 0
github.com/yihuang/go-abi/tests/comprehensive.abi.go:210.2,210.27 1 1
github.com/yihuang/go-abi/tests/comprehensive.abi.go:221.35,226.2 3 1
github.com/yihuang/go-abi/tests/comprehensive.abi.go:229.55,241.16 5 1
github.com/yihuang/go-abi/tests/comprehensive.abi.go:241.16,243.3 1 0
github.com/yihuang/go-abi/tests/comprehensive.abi.go:244.2,246.27 2 1
github.com/yihuang/go-abi/tests/comprehensive.abi.go:250.46,252.47 2 0
github.com/yihuang/go-abi/tests/comprehensive.abi.go:252.47,254.3 1 0
github.com/yihuang/go-abi/tests/comprehensive.abi.go:255.2,255.17 1 0
github.com/yihuang/go-abi/tests/comprehensive.abi.go:259.51,260.20 1 1
github.com/yihuang/go-abi/tests/comprehensive.abi.go:260.20,262.3 1 1
github.com/yihuang/go-abi/tests/comprehensive.abi.go:263.2,269.2 3 1
github.com/yihuang/go-abi/tests/comprehensive.abi.go:269.2,271.30 2 1
github.com/yihuang/go-abi/tests/comprehensive.abi.go:271.30,273.4 1 0
github.com/yihuang/go-abi/tests/comprehensive.abi.go:274.3,275.17 2 1
github.com/yihuang/go-abi/tests/comprehensive.abi.go:275.17,277.4 1 1
github.com/yihuang/go-abi/tests/comprehensive.abi.go:278.3,278.21 1 1
github.com/yihuang/go-abi/tests/comprehensive.abi.go:280.2,280.27 1 1
github.com/yihuang/go-abi/tests/comprehensive.abi.go:291.35,296.2 3 1
github.com/yihuang/go-abi/tests/comprehensive.abi.go:299.55,311.16 5 1
github.com/yihuang/go-abi/tests/comprehensive.abi.go:311.16,313.3 1 0
github.com/yihuang/go-abi/tests/comprehensive.abi.go:314.2,316.27 2 1
github.com/yihuang/go-abi/tests/comprehensive.abi.go:320.46,322.47 2 0
github.com/yihuang/go-abi/tests/comprehensive.abi.go:322.47,324.3 1 0
github.com/yihuang/go-abi/tests/comprehensive.abi.go:325.2,325.17 1 0
github.com/yihuang/go-abi/tests/comprehensive.abi.go:329.51,330.20 1 1
github.com/yihuang/go-abi/tests/comprehensive.abi.go:330.20,332.3 1 1
github.com/yihuang/go-abi/tests/comprehensive.abi.go:333.2,339.2 3 1
github.com/yihuang/go-abi/tests/comprehensive.abi.go:339.2,341.30 2 1
github.com/yihuang/go-abi/tests/comprehensive.abi.go:341.30,343.4 1 0
github.com/yihuang/go-abi/tests/comprehensive.abi.go:344.3,345.17 2 1
github.com/yihuang/go-abi/tests/comprehensive.abi.go:345.17,347.4 1 1
github.com/yihuang/go-abi/tests/comprehensive.abi.go:348.3,348.21 1 1
github.com/yihuang/go-abi/tests/comprehensive.abi.go:350.2,350.27 1 1
github.com/yihuang/go-abi/tests/comprehensive.abi.go:361.35,366.2 3 1
github.com/yihuang/go-abi/tests/comprehensive.abi.go:369.55,381.16 5 1
github.com/yihuang/go-abi/tests/comprehensive.abi.go:381.16,383.3 1 0
github.com/yihuang/go-abi/tests/comprehensive.abi.go:384.2,386.27 2 1
github.com/yihuang/go-abi/tests/comprehensive.abi.go:390.46,392.47 2 0
github.com/yihuang/go-abi/tests/comprehensive.abi.go:392.47,394.3 1 0
github.com/yihuang/go-abi/tests/comprehensive.abi.go:395.2,395.17 1 0
github.com/yihuang/go-abi/tests/comprehensive.abi.go:399.51,400.20 1 1
github.com/yihuang/go-abi/tests/comprehensive.abi.go:400.20,402.3 1 1
github.com/yihuang/go-abi/tests/comprehensive.abi.go:403.2,409.2 3 1
github.com/yihuang/go-abi/tests/comprehensive.abi.go:409.2,411.30 2 1
github.com/yihuang/go-abi/tests/comprehensive.abi.go:411.30,413.4 1 0
github.com/yihuang/go-abi/tests/comprehensive.abi.go:414.3,415.17 2 1
github.com/yihuang/go-abi/tests/comprehensive.abi.go:415.17,417.4 1 1
github.com/yihuang/go-abi/tests/comprehensive.abi.go:418.3,418.21 1 1
github.com/yihuang/go-abi/tests/comprehensive.abi.go:420.2,420.27 1 1
github.com/yihuang/go-abi/tests/comprehensive.abi.go:432.35,437.2 3 1
github.com/yihuang/go-abi/tests/comprehensive.abi.go:440.55,448.67 3 1
github.com/yihuang/go-abi/tests/comprehensive.abi.go:448.67,450.3 1 0
github.com/yihuang/go-abi/tests/comprehensive.abi.go:454.2,457.16 3 1
github.com/yihuang/go-abi/tests/comprehensive.abi.go:457.16,459.3 1 0
github.com/yihuang/go-abi/tests/comprehensive.abi.go:460.2,462.27 2 1
github.com/yihuang/go-abi/tests/comprehensive.abi.go:466.46,468.47 2 0
github.com/yihuang/go-abi/tests/comprehensive.abi.go:468.47,470.3 1 0
github.com/yihuang/go-abi/tests/comprehensive.abi.go:471.2,471.17 1 0
github.com/yihuang/go-abi/tests/comprehensive.abi.go:475.51,476.20 1 1
github.com/yihuang/go-abi/tests/comprehensive.abi.go:476.20,478.3 1 1
github.com/yihuang/go-abi/tests/comprehensive.abi.go:479.2,486.16 4 1
github.com/yihuang/go-abi/tests/comprehensive.abi.go:486.16,488.3 1 0
github.com/yihuang/go-abi/tests/comprehensive.abi.go:490.2,492.30 2 1
github.com/yihuang/go-abi/tests/comprehensive.abi.go:492.30,494.4 1 0
github.com/yihuang/go-abi/tests/comprehensive.abi.go:495.3,496.17 2 1
github.com/yihuang/go-abi/tests/comprehensive.abi.go:496.17,498.4 1 1
github.com/yihuang/go-abi/tests/comprehensive.abi.go:499.3,499.21 1 1
github.com/yihuang/go-abi/tests/comprehensive.abi.go:501.2,501.27 1 1
github.com/yihuang/go-abi/tests/comprehensive.abi.go:513.34,518.2 3 1
github.com/yihuang/go-abi/tests/comprehensive.abi.go:521.54,529.64 3 1
github.com/yihuang/go-abi/tests/comprehensive.abi.go:529.64,531.3 1 0
github.com/yihuang/go-abi/tests/comprehensive.abi.go:535.2,538.16 3 1
github.com/yihuang/go-abi/tests/comprehensive.abi.go:538.16,540.3 1 0
github.com/yihuang/go-abi/tests/comprehensive.abi.go:541.2,543.27 2 1
github.com/yihuang/go-abi/tests/comprehensive.abi.go:547.45,549.47 2 0
github.com/yihuang/go-abi/tests/comprehensive.abi.go:549.47,551.3 1 0
github.com/yihuang/go-abi/tests/comprehensive.abi.go:552.2,552.17 1 0
github.com/yihuang/go-abi/tests/comprehensive.abi.go:556.50,557.20 1 1
github.com/yihuang/go-abi/tests/comprehensive.abi.go:557.20,559.3 1 1
github.com/yihuang/go-abi/tests/comprehensive.abi.go:560.2,567.16 4 1
github.com/yihuang/go-abi/tests/comprehensive.abi.go:567.16,569.3 1 0
github.com/yihuang/go-abi/tests/comprehensive.abi.go:571.2,573.30 2 1
github.com/yihuang/go-abi/tests/comprehensive.abi.go:573.30,575.4 1 0
github.com/yihuang/go-abi/tests/comprehensive.abi.go:576.3,577.17 2 1
github.com/yihuang/go-abi/tests/comprehensive.abi.go:577.17,579.4 1 1
github.com/yihuang/go-abi/tests/comprehensive.abi.go:580.3,580.21 1 1
github.com/yihuang/go-abi/tests/comprehensive.abi.go:582.2,582.27 1 1
github.com/yihuang/go-abi/tests/comprehensive.abi.go:594.42,599.2 3 1
github.com/yihuang/go-abi/tests/comprehensive.abi.go:602.62,610.71 3 1
github.com/yihuang/go-abi/tests/comprehensive.abi.go:610.71,612.3 1 0
github.com/yihuang/go-abi/tests/comprehensive.abi.go:616.2,619.16 3 1
github.com/yihuang/go-abi/tests/comprehensive.abi.go:619.16,621.3 1 0
github.com/yihuang/go-abi/tests/comprehensive.abi.go:622.2,624.27 2 1
github.com/yihuang/go-abi/tests/comprehensive.abi.go:628.53,630.47 2 0
github.com/yihuang/go-abi/tests/comprehensive.abi.go:630.47,632.3 1 0
github.com/yihuang/go-abi/tests/comprehensive.abi.go:633.2,633.17 1 0
github.com/yihuang/go-abi/tests/comprehensive.abi.go:637.58,638.20 1 1
github.com/yihuang/go-abi/tests/comprehensive.abi.go:638.20,640.3 1 1
github.com/yihuang/go-abi/tests/comprehensive.abi.go:641.2,648.16 4 1
github.com/yihuang/go-abi/tests/comprehensive.abi.go:648.16,650.3 1 0
github.com/yihuang/go-abi/tests/comprehensive.abi.go:652.2,654.30 2 1
github.com/yihuang/go-abi/tests/comprehensive.abi.go:654.30,656.4 1 0
github.com/yihuang/go-abi/tests/comprehensive.abi.go:657.3,658.17 2 1
github.com/yihuang/go-abi/tests/comprehensive.abi.go:658.17,660.4 1 1
github.com/yihuang/go-abi/tests/comprehensive.abi.go:661.3,661.21 1 1
github.com/yihuang/go-abi/tests/comprehensive.abi.go:663.2,663.27 1 1
github.com/yihuang/go-abi/tests/comprehensive.abi.go:676.40,683.2 5 1
github.com/yihuang/go-abi/tests/comprehensive.abi.go:686.60,698.16 5 1
github.com/yihuang/go-abi/tests/comprehensive.abi.go:698.16,700.3 1 0
github.com/yihuang/go-abi/tests/comprehensive.abi.go:701.2,708.16 4 1
github.com/yihuang/go-abi/tests/comprehensive.abi.go:708.16,710.3 1 0
github.com/yihuang/go-abi/tests/comprehensive.abi.go:711.2,718.16 4 1
github.com/yihuang/go-abi/tests/comprehensive.abi.go:718.16,720.3 1 0
github.com/yihuang/go-abi/tests/comprehensive.abi.go:721.2,723.27 2 1
github.com/yihuang/go-abi/tests/comprehensive.abi.go:727.51,729.47 2 0
github.com/yihuang/go-abi/tests/comprehensive.abi.go:729.47,731.3 1 0
github.com/yihuang/go-abi/tests/comprehensive.abi.go:732.2,732.17 1 0
github.com/yihuang/go-abi/tests/comprehensive.abi.go:736.56,737.20 1 1
github.com/yihuang/go-abi/tests/comprehensive.abi.go:737.20,739.3 1 1
github.com/yihuang/go-abi/tests/comprehensive.abi.go:740.2,746.2 3 1
github.com/yihuang/go-abi/tests/comprehensive.abi.go:746.2,748.30 2 1
github.com/yihuang/go-abi/tests/comprehensive.abi.go:748.30,750.4 1 0
github.com/yihuang/go-abi/tests/comprehensive.abi.go:751.3,752.17 2 1
github.com/yihuang/go-abi/tests/comprehensive.abi.go:752.17,754.4 1 1
github.com/yihuang/go-abi/tests/comprehensive.abi.go:755.3,755.21 1 1
github.com/yihuang/go-abi/tests/comprehensive.abi.go:758.2,760.30 2 1
github.com/yihuang/go-abi/tests/comprehensive.abi.go:760.30,762.4 1 0
github.com/yihuang/go-abi/tests/comprehensive.abi.go:763.3,764.17 2 1
github.com/yihuang/go-abi/tests/comprehensive.abi.go:764.17,766.4 1 1
github.com/yihuang/go-abi/tests/comprehensive.abi.go:767.3,767.21 1 1
github.com/yihuang/go-abi/tests/comprehensive.abi.go:770.2,772.30 2 1
github.com/yihuang/go-abi/tests/comprehensive.abi.go:772.30,774.4 1 0
github.com/yihuang/go-abi/tests/comprehensive.abi.go:775.3,776.17 2 1
github.com/yihuang/go-abi/tests/comprehensive.abi.go:776.17,778.4 1 1
github.com/yihuang/go-abi/tests/comprehensive.abi.go:779.3,779.21 1 1
github.com/yihuang/go-abi/tests/comprehensive.abi.go:781.2,781.27 1 1
github.com/yihuang/go-abi/tests/comprehensive.abi.go:785.76,787.64 1 1
github.com/yihuang/go-abi/tests/comprehensive.abi.go:787.64,789.3 1 0
github.com/yihuang/go-abi/tests/comprehensive.abi.go:790.2,790.65 1 1
github.com/yihuang/go-abi/tests/comprehensive.abi.go:790.65,792.3 1 0
github.com/yihuang/go-abi/tests/comprehensive.abi.go:793.2,793.65 1 1
github.com/yihuang/go-abi/tests/comprehensive.abi.go:793.65,795.3 1 0
github.com/yihuang/go-abi/tests/comprehensive.abi.go:796.2,796.65 1 1
github.com/yihuang/go-abi/tests/comprehensive.abi.go:796.65,798.3 1 0
github.com/yihuang/go-abi/tests/comprehensive.abi.go:799.2,799.66 1 1
github.com/yihuang/go-abi/tests/comprehensive.abi.go:799.66,801.3 1 0
github.com/yihuang/go-abi/tests/comprehensive.abi.go:803.2,803.17 1 1
github.com/yihuang/go-abi/tests/comprehensive.abi.go:807.83,816.16 5 1
github.com/yihuang/go-abi/tests/comprehensive.abi.go:816.16,818.3 1 0
github.com/yihuang/go-abi/tests/comprehensive.abi.go:819.2,823.16 4 1
github.com/yihuang/go-abi/tests/comprehensive.abi.go:823.16,825.3 1 0
github.com/yihuang/go-abi/tests/comprehensive.abi.go:826.2,830.16 4 1
github.com/yihuang/go-abi/tests/comprehensive.abi.go:830.16,832.3 1 0
github.com/yihuang/go-abi/tests/comprehensive.abi.go:833.2,835.27 2 1
github.com/yihuang/go-abi/tests/comprehensive.abi.go:839.90,847.29 5 1
github.com/yihuang/go-abi/tests/comprehensive.abi.go:847.29,854.17 4 1
github.com/yihuang/go-abi/tests/comprehensive.abi.go:854.17,856.4 1 0
github.com/yihuang/go-abi/tests/comprehensive.abi.go:857.3,857.21 1 1
github.com/yihuang/go-abi/tests/comprehensive.abi.go:860.2,860.32 1 1
github.com/yihuang/go-abi/tests/comprehensive.abi.go:864.70,866.64 1 1
github.com/yihuang/go-abi/tests/comprehensive.abi.go:866.64,868.3 1 0
github.com/yihuang/go-abi/tests/comprehensive.abi.go:869.2,869.65 1 1
github.com/yihuang/go-abi/tests/comprehensive.abi.go:869.65,871.3 1 0
github.com/yihuang/go-abi/tests/comprehensive.abi.go:873.2,873.16 1 1
github.com/yihuang/go-abi/tests/comprehensive.abi.go:877.56,878.15 1 1
github.com/yihuang/go-abi/tests/comprehensive.abi.go:878.15,879.27 1 1
github.com/yihuang/go-abi/tests/comprehensive.abi.go:879.27,881.4 1 1
github.com/yihuang/go-abi/tests/comprehensive.abi.go:883.2,884.16 2 1
github.com/yihuang/go-abi/tests/comprehensive.abi.go:888.61,896.29 5 1
github.com/yihuang/go-abi/tests/comprehensive.abi.go:896.29,903.17 4 1
github.com/yihuang/go-abi/tests/comprehensive.abi.go:903.17,905.4 1 0
github.com/yihuang/go-abi/tests/comprehensive.abi.go:906.3,906.21 1 1
github.com/yihuang/go-abi/tests/comprehensive.abi.go:909.2,909.32 1 1
github.com/yihuang/go-abi/tests/comprehensive.abi.go:913.72,921.29 5 1
github.com/yihuang/go-abi/tests/comprehensive.abi.go:921.29,928.17 4 0
github.com/yihuang/go-abi/tests/comprehensive.abi.go:928.17,930.4 1 0
github.com/yihuang/go-abi/tests/comprehensive.abi.go:931.3,931.21 1 0
github.com/yihuang/go-abi/tests/comprehensive.abi.go:934.2,934.32 1 1
github.com/yihuang/go-abi/tests/comprehensive.abi.go:938.70,940.64 1 1
github.com/yihuang/go-abi/tests/comprehensive.abi.go:940.64,942.3 1 0
github.com/yihuang/go-abi/tests/comprehensive.abi.go:943.2,943.65 1 1
github.com/yihuang/go-abi/tests/comprehensive.abi.go:943.65,945.3 1 0
github.com/yihuang/go-abi/tests/comprehensive.abi.go:946.2,946.65 1 1
github.com/yihuang/go-abi/tests/comprehensive.abi.go:946.65,948.3 1 0
github.com/yihuang/go-abi/tests/comprehensive.abi.go:950.2,950.16 1 1
github.com/yihuang/go-abi/tests/comprehensive.abi.go:954.75,962.29 5 1
github.com/yihuang/go-abi/tests/comprehensive.abi.go:962.29,969.17 4 1
github.com/yihuang/go-abi/tests/comprehensive.abi.go:969.17,971.4 1 0
github.com/yihuang/go-abi/tests/comprehensive.abi.go:972.3,972.21 1 1
github.com/yihuang/go-abi/tests/comprehensive.abi.go:975.2,975.32 1 1
github.com/yihuang/go-abi/tests/comprehensive.abi.go:979.58,982.2 2 1
github.com/yihuang/go-abi/tests/comprehensive.abi.go:985.63,993.29 5 1
github.com/yihuang/go-abi/tests/comprehensive.abi.go:993.29,1000.17 4 1
github.com/yihuang/go-abi/tests/comprehensive.abi.go:1000.17,1002.4 1 0
github.com/yihuang/go-abi/tests/comprehensive.abi.go:1003.3,1003.21 1 1
github.com/yihuang/go-abi/tests/comprehensive.abi.go:1006.2,1006.32 1 1
github.com/yihuang/go-abi/tests/comprehensive.abi.go:1010.61,1018.29 5 1
github.com/yihuang/go-abi/tests/comprehensive.abi.go:1018.29,1025.17 4 1
github.com/yihuang/go-abi/tests/comprehensive.abi.go:1025.17,1027.4 1 0
github.com/yihuang/go-abi/tests/comprehensive.abi.go:1028.3,1028.21 1 1
github.com/yihuang/go-abi/tests/comprehensive.abi.go:1031.2,1031.32 1 1
github.com/yihuang/go-abi/tests/comprehensive.abi.go:1035.60,1041.2 5 1
github.com/yihuang/go-abi/tests/comprehensive.abi.go:1044.67,1046.29 2 1
github.com/yihuang/go-abi/tests/comprehensive.abi.go:1046.29,1048.3 1 1
github.com/yihuang/go-abi/tests/comprehensive.abi.go:1049.2,1049.13 1 1
github.com/yihuang/go-abi/tests/comprehensive.abi.go:1053.38,1055.29 2 1
github.com/yihuang/go-abi/tests/comprehensive.abi.go:1055.29,1057.3 1 1
github.com/yihuang/go-abi/tests/comprehensive.abi.go:1058.2,1058.13 1 1
github.com/yihuang/go-abi/tests/comprehensive.abi.go:1062.49,1064.29 2 1
github.com/yihuang/go-abi/tests/comprehensive.abi.go:1064.29,1066.3 1 0
github.com/yihuang/go-abi/tests/comprehensive.abi.go:1067.2,1067.13 1 1
github.com/yihuang/go-abi/tests/comprehensive.abi.go:1071.52,1073.29 2 1
github.com/yihuang/go-abi/tests/comprehensive.abi.go:1073.29,1075.3 1 1
github.com/yihuang/go-abi/tests/comprehensive.abi.go:1076.2,1076.13 1 1
github.com/yihuang/go-abi/tests/comprehensive.abi.go:1080.40,1082.29 2 1
github.com/yihuang/go-abi/tests/comprehensive.abi.go:1082.29,1084.3 1 1
github.com/yihuang/go-abi/tests/comprehensive.abi.go:1085.2,1085.13 1 1
github.com/yihuang/go-abi/tests/comprehensive.abi.go:1089.38,1091.29 2 1
github.com/yihuang/go-abi/tests/comprehensive.abi.go:1091.29,1093.3 1 1
github.com/yihuang/go-abi/tests/comprehensive.abi.go:1094.2,1094.13 1 1
github.com/yihuang/go-abi/tests/comprehensive.abi.go:1098.71,1104.21 2 1
github.com/yihuang/go-abi/tests/comprehensive.abi.go:1104.21,1106.3 1 0
github.com/yihuang/go-abi/tests/comprehensive.abi.go:1108.2,1109.16 2 1
github.com/yihuang/go-abi/tests/comprehensive.abi.go:1109.16,1111.3 1 0
github.com/yihuang/go-abi/tests/comprehensive.abi.go:1113.2,1114.16 2 1
github.com/yihuang/go-abi/tests/comprehensive.abi.go:1114.16,1116.3 1 0
github.com/yihuang/go-abi/tests/comprehensive.abi.go:1118.2,1119.16 2 1
github.com/yihuang/go-abi/tests/comprehensive.abi.go:1119.16,1121.3 1 0
github.com/yihuang/go-abi/tests/comprehensive.abi.go:1123.2,1124.16 2 1
github.com/yihuang/go-abi/tests/comprehensive.abi.go:1124.16,1126.3 1 0
github.com/yihuang/go-abi/tests/comprehensive.abi.go:1128.2,1129.16 2 1
github.com/yihuang/go-abi/tests/comprehensive.abi.go:1129.16,1131.3 1 0
github.com/yihuang/go-abi/tests/comprehensive.abi.go:1132.2,1132.25 1 1
github.com/yihuang/go-abi/tests/comprehensive.abi.go:1136.78,1139.20 2 1
github.com/yihuang/go-abi/tests/comprehensive.abi.go:1139.20,1141.3 1 1
github.com/yihuang/go-abi/tests/comprehensive.abi.go:1142.2,1148.25 4 1
github.com/yihuang/go-abi/tests/comprehensive.abi.go:1148.25,1151.27 3 1
github.com/yihuang/go-abi/tests/comprehensive.abi.go:1151.27,1153.4 1 0
github.com/yihuang/go-abi/tests/comprehensive.abi.go:1154.3,1155.17 2 1
github.com/yihuang/go-abi/tests/comprehensive.abi.go:1155.17,1157.4 1 1
github.com/yihuang/go-abi/tests/comprehensive.abi.go:1158.3,1158.21 1 1
github.com/yihuang/go-abi/tests/comprehensive.abi.go:1160.2,1160.35 1 1
github.com/yihuang/go-abi/tests/comprehensive.abi.go:1164.85,1167.20 2 1
github.com/yihuang/go-abi/tests/comprehensive.abi.go:1167.20,1169.3 1 1
github.com/yihuang/go-abi/tests/comprehensive.abi.go:1170.2,1171.27 2 1
github.com/yihuang/go-abi/tests/comprehensive.abi.go:1171.27,1173.3 1 1
github.com/yihuang/go-abi/tests/comprehensive.abi.go:1174.2,1182.30 4 1
github.com/yihuang/go-abi/tests/comprehensive.abi.go:1182.30,1185.27 3 1
github.com/yihuang/go-abi/tests/comprehensive.abi.go:1185.27,1187.4 1 0
github.com/yihuang/go-abi/tests/comprehensive.abi.go:1188.3,1189.17 2 1
github.com/yihuang/go-abi/tests/comprehensive.abi.go:1189.17,1191.4 1 1
github.com/yihuang/go-abi/tests/comprehensive.abi.go:1192.3,1192.21 1 1
github.com/yihuang/go-abi/tests/comprehensive.abi.go:1194.2,1194.40 1 1
github.com/yihuang/go-abi/tests/comprehensive.abi.go:1198.65,1204.20 2 1
github.com/yihuang/go-abi/tests/comprehensive.abi.go:1204.20,1206.3 1 0
github.com/yihuang/go-abi/tests/comprehensive.abi.go:1208.2,1209.16 2 1
github.com/yihuang/go-abi/tests/comprehensive.abi.go:1209.16,1211.3 1 0
github.com/yihuang/go-abi/tests/comprehensive.abi.go:1213.2,1214.16 2 1
github.com/yihuang/go-abi/tests/comprehensive.abi.go:1214.16,1216.3 1 0
github.com/yihuang/go-abi/tests/comprehensive.abi.go:1217.2,1217.24 1 1
github.com/yihuang/go-abi/tests/comprehensive.abi.go:1221.51,1224.23 3 1
github.com/yihuang/go-abi/tests/comprehensive.abi.go:1224.23,1226.3 1 1
github.com/yihuang/go-abi/tests/comprehensive.abi.go:1227.2,1227.24 1 1
github.com/yihuang/go-abi/tests/comprehensive.abi.go:1231.56,1234.20 2 1
github.com/yihuang/go-abi/tests/comprehensive.abi.go:1234.20,1236.3 1 1
github.com/yihuang/go-abi/tests/comprehensive.abi.go:1237.2,1238.27 2 1
github.com/yihuang/go-abi/tests/comprehensive.abi.go:1238.27,1240.3 1 1
github.com/yihuang/go-abi/tests/comprehensive.abi.go:1241.2,1249.30 4 1
github.com/yihuang/go-abi/tests/comprehensive.abi.go:1249.30,1252.27 3 1
github.com/yihuang/go-abi/tests/comprehensive.abi.go:1252.27,1254.4 1 0
github.com/yihuang/go-abi/tests/comprehensive.abi.go:1255.3,1256.17 2 1
github.com/yihuang/go-abi/tests/comprehensive.abi.go:1256.17,1258.4 1 1
github.com/yihuang/go-abi/tests/comprehensive.abi.go:1259.3,1259.21 1 1
github.com/yihuang/go-abi/tests/comprehensive.abi.go:1261.2,1261.40 1 1
github.com/yihuang/go-abi/tests/comprehensive.abi.go:1265.67,1268.20 2 1
github.com/yihuang/go-abi/tests/comprehensive.abi.go:1268.20,1270.3 1 1
github.com/yihuang/go-abi/tests/comprehensive.abi.go:1271.2,1272.27 2 1
github.com/yihuang/go-abi/tests/comprehensive.abi.go:1272.27,1274.3 1 0
github.com/yihuang/go-abi/tests/comprehensive.abi.go:1275.2,1283.30 4 1
github.com/yihuang/go-abi/tests/comprehensive.abi.go:1283.30,1286.27 3 0
github.com/yihuang/go-abi/tests/comprehensive.abi.go:1286.27,1288.4 1 0
github.com/yihuang/go-abi/tests/comprehensive.abi.go:1289.3,1290.17 2 0
github.com/yihuang/go-abi/tests/comprehensive.abi.go:1290.17,1292.4 1 0
github.com/yihuang/go-abi/tests/comprehensive.abi.go:1293.3,1293.21 1 0
github.com/yihuang/go-abi/tests/comprehensive.abi.go:1295.2,1295.40 1 1
github.com/yihuang/go-abi/tests/comprehensive.abi.go:1299.65,1305.20 2 1
github.com/yihuang/go-abi/tests/comprehensive.abi.go:1305.20,1307.3 1 0
github.com/yihuang/go-abi/tests/comprehensive.abi.go:1309.2,1310.16 2 1
github.com/yihuang/go-abi/tests/comprehensive.abi.go:1310.16,1312.3 1 0
github.com/yihuang/go-abi/tests/comprehensive.abi.go:1314.2,1315.16 2 1
github.com/yihuang/go-abi/tests/comprehensive.abi.go:1315.16,1317.3 1 0
github.com/yihuang/go-abi/tests/comprehensive.abi.go:1319.2,1320.16 2 1
github.com/yihuang/go-abi/tests/comprehensive.abi.go:1320.16,1322.3 1 0
github.com/yihuang/go-abi/tests/comprehensive.abi.go:1323.2,1323.24 1 1
github.com/yihuang/go-abi/tests/comprehensive.abi.go:1327.70,1330.20 2 1
github.com/yihuang/go-abi/tests/comprehensive.abi.go:1330.20,1332.3 1 1
github.com/yihuang/go-abi/tests/comprehensive.abi.go:1333.2,1334.27 2 1
github.com/yihuang/go-abi/tests/comprehensive.abi.go:1334.27,1336.3 1 1
github.com/yihuang/go-abi/tests/comprehensive.abi.go:1337.2,1345.30 4 1
github.com/yihuang/go-abi/tests/comprehensive.abi.go:1345.30,1348.27 3 1
github.com/yihuang/go-abi/tests/comprehensive.abi.go:1348.27,1350.4 1 0
github.com/yihuang/go-abi/tests/comprehensive.abi.go:1351.3,1352.17 2 1
github.com/yihuang/go-abi/tests/comprehensive.abi.go:1352.17,1354.4 1 1
github.com/yihuang/go-abi/tests/comprehensive.abi.go:1355.3,1355.21 1 1
github.com/yihuang/go-abi/tests/comprehensive.abi.go:1357.2,1357.40 1 1
github.com/yihuang/go-abi/tests/comprehensive.abi.go:1361.53,1365.2 3 1
github.com/yihuang/go-abi/tests/comprehensive.abi.go:1368.58,1371.20 2 1
github.com/yihuang/go-abi/tests/comprehensive.abi.go:1371.20,1373.3 1 1
github.com/yihuang/go-abi/tests/comprehensive.abi.go:1374.2,1375.27 2 1
github.com/yihuang/go-abi/tests/comprehensive.abi.go:1375.27,1377.3 1 1
github.com/yihuang/go-abi/tests/comprehensive.abi.go:1378.2,1386.30 4 1
github.com/yihuang/go-abi/tests/comprehensive.abi.go:1386.30,1389.27 3 1
github.com/yihuang/go-abi/tests/comprehensive.abi.go:1389.27,1391.4 1 0
github.com/yihuang/go-abi/tests/comprehensive.abi.go:1392.3,1393.17 2 1
github.com/yihuang/go-abi/tests/comprehensive.abi.go:1393.17,1395.4 1 1
github.com/yihuang/go-abi/tests/comprehensive.abi.go:1396.3,1396.21 1 1
github.com/yihuang/go-abi/tests/comprehensive.abi.go:1398.2,1398.40 1 1
github.com/yihuang/go-abi/tests/comprehensive.abi.go:1402.56,1405.20 2 1
github.com/yihuang/go-abi/tests/comprehensive.abi.go:1405.20,1407.3 1 1
github.com/yihuang/go-abi/tests/comprehensive.abi.go:1408.2,1409.27 2 1
github.com/yihuang/go-abi/tests/comprehensive.abi.go:1409.27,1411.3 1 1
github.com/yihuang/go-abi/tests/comprehensive.abi.go:1412.2,1420.30 4 1
github.com/yihuang/go-abi/tests/comprehensive.abi.go:1420.30,1423.27 3 1
github.com/yihuang/go-abi/tests/comprehensive.abi.go:1423.27,1425.4 1 0
github.com/yihuang/go-abi/tests/comprehensive.abi.go:1426.3,1427.17 2 1
github.com/yihuang/go-abi/tests/comprehensive.abi.go:1427.17,1429.4 1 1
github.com/yihuang/go-abi/tests/comprehensive.abi.go:1430.3,1430.21 1 1
github.com/yihuang/go-abi/tests/comprehensive.abi.go:1432.2,1432.40 1 1
github.com/yihuang/go-abi/tests/comprehensive.abi.go:1443.57,1448.2 3 1
github.com/yihuang/go-abi/tests/comprehensive.abi.go:1451.77,1463.16 5 1
github.com/yihuang/go-abi/tests/comprehensive.abi.go:1463.16,1465.3 1 0
github.com/yihuang/go-abi/tests/comprehensive.abi.go:1466.2,1468.27 2 1
github.com/yihuang/go-abi/tests/comprehensive.abi.go:1472.68,1474.47 2 1
github.com/yihuang/go-abi/tests/comprehensive.abi.go:1474.47,1476.3 1 0
github.com/yihuang/go-abi/tests/comprehensive.abi.go:1477.2,1477.17 1 1
github.com/yihuang/go-abi/tests/comprehensive.abi.go:1481.73,1482.20 1 1
github.com/yihuang/go-abi/tests/comprehensive.abi.go:1482.20,1484.3 1 1
github.com/yihuang/go-abi/tests/comprehensive.abi.go:1485.2,1491.2 3 1
github.com/yihuang/go-abi/tests/comprehensive.abi.go:1491.2,1493.30 2 1
github.com/yihuang/go-abi/tests/comprehensive.abi.go:1493.30,1495.4 1 0
github.com/yihuang/go-abi/tests/comprehensive.abi.go:1496.3,1497.17 2 1
github.com/yihuang/go-abi/tests/comprehensive.abi.go:1497.17,1499.4 1 1
github.com/yihuang/go-abi/tests/comprehensive.abi.go:1500.3,1500.21 1 1
github.com/yihuang/go-abi/tests/comprehensive.abi.go:1502.2,1502.27 1 1
github.com/yihuang/go-abi/tests/comprehensive.abi.go:1506.76,1509.50 3 1
github.com/yihuang/go-abi/tests/comprehensive.abi.go:1509.50,1511.3 1 0
github.com/yihuang/go-abi/tests/comprehensive.abi.go:1512.2,1512.20 1 1
github.com/yihuang/go-abi/tests/comprehensive.abi.go:1523.59,1527.2 2 0
github.com/yihuang/go-abi/tests/comprehensive.abi.go:1530.79,1534.65 2 0
github.com/yihuang/go-abi/tests/comprehensive.abi.go:1534.65,1536.3 1 0
github.com/yihuang/go-abi/tests/comprehensive.abi.go:1538.2,1538.27 1 0
github.com/yihuang/go-abi/tests/comprehensive.abi.go:1542.70,1544.47 2 0
github.com/yihuang/go-abi/tests/comprehensive.abi.go:1544.47,1546.3 1 0
github.com/yihuang/go-abi/tests/comprehensive.abi.go:1547.2,1547.17 1 0
github.com/yihuang/go-abi/tests/comprehensive.abi.go:1551.75,1552.20 1 0
github.com/yihuang/go-abi/tests/comprehensive.abi.go:1552.20,1554.3 1 0
github.com/yihuang/go-abi/tests/comprehensive.abi.go:1555.2,1561.16 4 0
github.com/yihuang/go-abi/tests/comprehensive.abi.go:1561.16,1563.3 1 0
github.com/yihuang/go-abi/tests/comprehensive.abi.go:1564.2,1564.27 1 0
github.com/yihuang/go-abi/tests/comprehensive.abi.go:1575.49,1580.2 3 1
github.com/yihuang/go-abi/tests/comprehensive.abi.go:1583.69,1595.16 5 1
github.com/yihuang/go-abi/tests/comprehensive.abi.go:1595.16,1597.3 1 0
github.com/yihuang/go-abi/tests/comprehensive.abi.go:1598.2,1600.27 2 1
github.com/yihuang/go-abi/tests/comprehensive.abi.go:1604.60,1606.47 2 1
github.com/yihuang/go-abi/tests/comprehensive.abi.go:1606.47,1608.3 1 0
github.com/yihuang/go-abi/tests/comprehensive.abi.go:1609.2,1609.17 1 1
github.com/yihuang/go-abi/tests/comprehensive.abi.go:1613.65,1614.20 1 1
github.com/yihuang/go-abi/tests/comprehensive.abi.go:1614.20,1616.3 1 1
github.com/yihuang/go-abi/tests/comprehensive.abi.go:1617.2,1623.2 3 1
github.com/yihuang/go-abi/tests/comprehensive.abi.go:1623.2,1625.30 2 1
github.com/yihuang/go-abi/tests/comprehensive.abi.go:1625.30,1627.4 1 0
github.com/yihuang/go-abi/tests/comprehensive.abi.go:1628.3,1629.17 2 1
github.com/yihuang/go-abi/tests/comprehensive.abi.go:1629.17,1631.4 1 1
github.com/yihuang/go-abi/tests/comprehensive.abi.go:1632.3,1632.21 1 1
github.com/yihuang/go-abi/tests/comprehensive.abi.go:1634.2,1634.27 1 1
github.com/yihuang/go-abi/tests/comprehensive.abi.go:1638.68,1641.50 3 1
github.com/yihuang/go-abi/tests/comprehensive.abi.go:1641.50,1643.3 1 0
github.com/yihuang/go-abi/tests/comprehensive.abi.go:1644.2,1644.20 1 1
github.com/yihuang/go-abi/tests/comprehensive.abi.go:1655.51,1659.2 2 0
github.com/yihuang/go-abi/tests/comprehensive.abi.go:1662.71,1666.65 2 0
github.com/yihuang/go-abi/tests/comprehensive.abi.go:1666.65,1668.3 1 0
github.com/yihuang/go-abi/tests/comprehensive.abi.go:1670.2,1670.27 1 0
github.com/yihuang/go-abi/tests/comprehensive.abi.go:1674.62,1676.47 2 0
github.com/yihuang/go-abi/tests/comprehensive.abi.go:1676.47,1678.3 1 0
github.com/yihuang/go-abi/tests/comprehensive.abi.go:1679.2,1679.17 1 0
github.com/yihuang/go-abi/tests/comprehensive.abi.go:1683.67,1684.20 1 0
github.com/yihuang/go-abi/tests/comprehensive.abi.go:1684.20,1686.3 1 0
github.com/yihuang/go-abi/tests/comprehensive.abi.go:1687.2,1693.16 4 0
github.com/yihuang/go-abi/tests/comprehensive.abi.go:1693.16,1695.3 1 0
github.com/yihuang/go-abi/tests/comprehensive.abi.go:1696.2,1696.27 1 0
github.com/yihuang/go-abi/tests/comprehensive.abi.go:1707.50,1712.2 3 1
github.com/yihuang/go-abi/tests/comprehensive.abi.go:1715.70,1727.16 5 1
github.com/yihuang/go-abi/tests/comprehensive.abi.go:1727.16,1729.3 1 0
github.com/yihuang/go-abi/tests/comprehensive.abi.go:1730.2,1732.27 2 1
github.com/yihuang/go-abi/tests/comprehensive.abi.go:1736.61,1738.47 2 1
github.com/yihuang/go-abi/tests/comprehensive.abi.go:1738.47,1740.3 1 0
github.com/yihuang/go-abi/tests/comprehensive.abi.go:1741.2,1741.17 1 1
github.com/yihuang/go-abi/tests/comprehensive.abi.go:1745.66,1746.20 1 1
github.com/yihuang/go-abi/tests/comprehensive.abi.go:1746.20,1748.3 1 1
github.com/yihuang/go-abi/tests/comprehensive.abi.go:1749.2,1755.2 3 1
github.com/yihuang/go-abi/tests/comprehensive.abi.go:1755.2,1757.30 2 1
github.com/yihuang/go-abi/tests/comprehensive.abi.go:1757.30,1759.4 1 0
github.com/yihuang/go-abi/tests/comprehensive.abi.go:1760.3,1761.17 2 1
github.com/yihuang/go-abi/tests/comprehensive.abi.go:1761.17,1763.4 1 1
github.com/yihuang/go-abi/tests/comprehensive.abi.go:1764.3,1764.21 1 1
github.com/yihuang/go-abi/tests/comprehensive.abi.go:1766.2,1766.27 1 1
github.com/yihuang/go-abi/tests/comprehensive.abi.go:1770.69,1773.50 3 1
github.com/yihuang/go-abi/tests/comprehensive.abi.go:1773.50,1775.3 1 0
github.com/yihuang/go-abi/tests/comprehensive.abi.go:1776.2,1776.20 1 1
github.com/yihuang/go-abi/tests/comprehensive.abi.go:1787.52,1791.2 2 0
github.com/yihuang/go-abi/tests/comprehensive.abi.go:1794.72,1798.65 2 0
github.com/yihuang/go-abi/tests/comprehensive.abi.go:1798.65,1800.3 1 0
github.com/yihuang/go-abi/tests/comprehensive.abi.go:1802.2,1802.27 1 0
github.com/yihuang/go-abi/tests/comprehensive.abi.go:1806.63,1808.47 2 0
github.com/yihuang/go-abi/tests/comprehensive.abi.go:1808.47,1810.3 1 0
github.com/yihuang/go-abi/tests/comprehensive.abi.go:1811.2,1811.17 1 0
github.com/yihuang/go-abi/tests/comprehensive.abi.go:1815.68,1816.20 1 0
github.com/yihuang/go-abi/tests/comprehensive.abi.go:1816.20,1818.3 1 0
github.com/yihuang/go-abi/tests/comprehensive.abi.go:1819.2,1825.16 4 0
github.com/yihuang/go-abi/tests/comprehensive.abi.go:1825.16,1827.3 1 0
github.com/yihuang/go-abi/tests/comprehensive.abi.go:1828.2,1828.27 1 0
github.com/yihuang/go-abi/tests/comprehensive.abi.go:1841.48,1845.2 2 1
github.com/yihuang/go-abi/tests/comprehensive.abi.go:1848.68,1852.73 2 1
github.com/yihuang/go-abi/tests/comprehensive.abi.go:1852.73,1854.3 1 0
github.com/yihuang/go-abi/tests/comprehensive.abi.go:1857.2,1857.71 1 1
github.com/yihuang/go-abi/tests/comprehensive.abi.go:1857.71,1859.3 1 0
github.com/yihuang/go-abi/tests/comprehensive.abi.go:1862.2,1862.74 1 1
github.com/yihuang/go-abi/tests/comprehensive.abi.go:1862.74,1864.3 1 0
github.com/yihuang/go-abi/tests/comprehensive.abi.go:1866.2,1866.27 1 1
github.com/yihuang/go-abi/tests/comprehensive.abi.go:1870.59,1872.47 2 1
github.com/yihuang/go-abi/tests/comprehensive.abi.go:1872.47,1874.3 1 0
github.com/yihuang/go-abi/tests/comprehensive.abi.go:1875.2,1875.17 1 1
github.com/yihuang/go-abi/tests/comprehensive.abi.go:1879.64,1880.21 1 1
github.com/yihuang/go-abi/tests/comprehensive.abi.go:1880.21,1882.3 1 1
github.com/yihuang/go-abi/tests/comprehensive.abi.go:1883.2,1889.16 4 1
github.com/yihuang/go-abi/tests/comprehensive.abi.go:1889.16,1891.3 1 0
github.com/yihuang/go-abi/tests/comprehensive.abi.go:1893.2,1894.16 2 1
github.com/yihuang/go-abi/tests/comprehensive.abi.go:1894.16,1896.3 1 0
github.com/yihuang/go-abi/tests/comprehensive.abi.go:1898.2,1899.16 2 1
github.com/yihuang/go-abi/tests/comprehensive.abi.go:1899.16,1901.3 1 0
github.com/yihuang/go-abi/tests/comprehensive.abi.go:1902.2,1902.27 1 1
github.com/yihuang/go-abi/tests/comprehensive.abi.go:1906.67,1909.50 3 1
github.com/yihuang/go-abi/tests/comprehensive.abi.go:1909.50,1911.3 1 0
github.com/yihuang/go-abi/tests/comprehensive.abi.go:1912.2,1912.20 1 1
github.com/yihuang/go-abi/tests/comprehensive.abi.go:1923.50,1927.2 2 0
github.com/yihuang/go-abi/tests/comprehensive.abi.go:1930.70,1934.65 2 0
github.com/yihuang/go-abi/tests/comprehensive.abi.go:1934.65,1936.3 1 0
github.com/yihuang/go-abi/tests/comprehensive.abi.go:1938.2,1938.27 1 0
github.com/yihuang/go-abi/tests/comprehensive.abi.go:1942.61,1944.47 2 0
github.com/yihuang/go-abi/tests/comprehensive.abi.go:1944.47,1946.3 1 0
github.com/yihuang/go-abi/tests/comprehensive.abi.go:1947.2,1947.17 1 0
github.com/yihuang/go-abi/tests/comprehensive.abi.go:1951.66,1952.20 1 0
github.com/yihuang/go-abi/tests/comprehensive.abi.go:1952.20,1954.3 1 0
github.com/yihuang/go-abi/tests/comprehensive.abi.go:1955.2,1961.16 4 0
github.com/yihuang/go-abi/tests/comprehensive.abi.go:1961.16,1963.3 1 0
github.com/yihuang/go-abi/tests/comprehensive.abi.go:1964.2,1964.27 1 0
github.com/yihuang/go-abi/tests/comprehensive.abi.go:1979.47,1985.2 4 1
github.com/yihuang/go-abi/tests/comprehensive.abi.go:1988.67,1996.71 3 1
github.com/yihuang/go-abi/tests/comprehensive.abi.go:1996.71,1998.3 1 0
github.com/yihuang/go-abi/tests/comprehensive.abi.go:2002.2,2005.16 3 1
github.com/yihuang/go-abi/tests/comprehensive.abi.go:2005.16,2007.3 1 0
github.com/yihuang/go-abi/tests/comprehensive.abi.go:2008.2,2011.64 2 1
github.com/yihuang/go-abi/tests/comprehensive.abi.go:2011.64,2013.3 1 0
github.com/yihuang/go-abi/tests/comprehensive.abi.go:2016.2,2016.66 1 1
github.com/yihuang/go-abi/tests/comprehensive.abi.go:2016.66,2018.3 1 0
github.com/yihuang/go-abi/tests/comprehensive.abi.go:2022.2,2025.16 3 1
github.com/yihuang/go-abi/tests/comprehensive.abi.go:2025.16,2027.3 1 0
github.com/yihuang/go-abi/tests/comprehensive.abi.go:2028.2,2030.27 2 1
github.com/yihuang/go-abi/tests/comprehensive.abi.go:2034.58,2036.47 2 1
github.com/yihuang/go-abi/tests/comprehensive.abi.go:2036.47,2038.3 1 0
github.com/yihuang/go-abi/tests/comprehensive.abi.go:2039.2,2039.17 1 1
github.com/yihuang/go-abi/tests/comprehensive.abi.go:2043.63,2044.21 1 1
github.com/yihuang/go-abi/tests/comprehensive.abi.go:2044.21,2046.3 1 1
github.com/yihuang/go-abi/tests/comprehensive.abi.go:2047.2,2054.16 4 1
github.com/yihuang/go-abi/tests/comprehensive.abi.go:2054.16,2056.3 1 0
github.com/yihuang/go-abi/tests/comprehensive.abi.go:2058.2,2060.30 2 1
github.com/yihuang/go-abi/tests/comprehensive.abi.go:2060.30,2062.4 1 0
github.com/yihuang/go-abi/tests/comprehensive.abi.go:2063.3,2064.17 2 1
github.com/yihuang/go-abi/tests/comprehensive.abi.go:2064.17,2066.4 1 1
github.com/yihuang/go-abi/tests/comprehensive.abi.go:2067.3,2067.21 1 1
github.com/yihuang/go-abi/tests/comprehensive.abi.go:2070.2,2071.16 2 1
github.com/yihuang/go-abi/tests/comprehensive.abi.go:2071.16,2073.3 1 0
github.com/yihuang/go-abi/tests/comprehensive.abi.go:2075.2,2076.16 2 1
github.com/yihuang/go-abi/tests/comprehensive.abi.go:2076.16,2078.3 1 0
github.com/yihuang/go-abi/tests/comprehensive.abi.go:2080.2,2082.30 2 1
github.com/yihuang/go-abi/tests/comprehensive.abi.go:2082.30,2084.4 1 0
github.com/yihuang/go-abi/tests/comprehensive.abi.go:2085.3,2086.17 2 1
github.com/yihuang/go-abi/tests/comprehensive.abi.go:2086.17,2088.4 1 1
github.com/yihuang/go-abi/tests/comprehensive.abi.go:2089.3,2089.21 1 1
github.com/yihuang/go-abi/tests/comprehensive.abi.go:2091.2,2091.27 1 1
github.com/yihuang/go-abi/tests/comprehensive.abi.go:2095.66,2098.50 3 1
github.com/yihuang/go-abi/tests/comprehensive.abi.go:2098.50,2100.3 1 0
github.com/yihuang/go-abi/tests/comprehensive.abi.go:2101.2,2101.20 1 1
github.com/yihuang/go-abi/tests/comprehensive.abi.go:2112.49,2116.2 2 0
github.com/yihuang/go-abi/tests/comprehensive.abi.go:2119.69,2123.65 2 0
github.com/yihuang/go-abi/tests/comprehensive.abi.go:2123.65,2125.3 1 0
github.com/yihuang/go-abi/tests/comprehensive.abi.go:2127.2,2127.27 1 0
github.com/yihuang/go-abi/tests/comprehensive.abi.go:2131.60,2133.47 2 0
github.com/yihuang/go-abi/tests/comprehensive.abi.go:2133.47,2135.3 1 0
github.com/yihuang/go-abi/tests/comprehensive.abi.go:2136.2,2136.17 1 0
github.com/yihuang/go-abi/tests/comprehensive.abi.go:2140.65,2141.20 1 0
github.com/yihuang/go-abi/tests/comprehensive.abi.go:2141.20,2143.3 1 0
github.com/yihuang/go-abi/tests/comprehensive.abi.go:2144.2,2150.16 4 0
github.com/yihuang/go-abi/tests/comprehensive.abi.go:2150.16,2152.3 1 0
github.com/yihuang/go-abi/tests/comprehensive.abi.go:2153.2,2153.27 1 0
github.com/yihuang/go-abi/tests/comprehensive.abi.go:2166.56,2173.2 5 1
github.com/yihuang/go-abi/tests/comprehensive.abi.go:2176.76,2188.16 5 1
github.com/yihuang/go-abi/tests/comprehensive.abi.go:2188.16,2190.3 1 0
github.com/yihuang/go-abi/tests/comprehensive.abi.go:2191.2,2198.16 4 1
github.com/yihuang/go-abi/tests/comprehensive.abi.go:2198.16,2200.3 1 0
github.com/yihuang/go-abi/tests/comprehensive.abi.go:2201.2,2208.16 4 1
github.com/yihuang/go-abi/tests/comprehensive.abi.go:2208.16,2210.3 1 0
github.com/yihuang/go-abi/tests/comprehensive.abi.go:2211.2,2213.27 2 1
github.com/yihuang/go-abi/tests/comprehensive.abi.go:2217.67,2219.47 2 1
github.com/yihuang/go-abi/tests/comprehensive.abi.go:2219.47,2221.3 1 0
github.com/yihuang/go-abi/tests/comprehensive.abi.go:2222.2,2222.17 1 1
github.com/yihuang/go-abi/tests/comprehensive.abi.go:2226.72,2227.20 1 1
github.com/yihuang/go-abi/tests/comprehensive.abi.go:2227.20,2229.3 1 1
github.com/yihuang/go-abi/tests/comprehensive.abi.go:2230.2,2236.2 3 1
github.com/yihuang/go-abi/tests/comprehensive.abi.go:2236.2,2238.30 2 1
github.com/yihuang/go-abi/tests/comprehensive.abi.go:2238.30,2240.4 1 0
github.com/yihuang/go-abi/tests/comprehensive.abi.go:2241.3,2242.17 2 1
github.com/yihuang/go-abi/tests/comprehensive.abi.go:2242.17,2244.4 1 1
github.com/yihuang/go-abi/tests/comprehensive.abi.go:2245.3,2245.21 1 1
github.com/yihuang/go-abi/tests/comprehensive.abi.go:2248.2,2250.30 2 1
github.com/yihuang/go-abi/tests/comprehensive.abi.go:2250.30,2252.4 1 0
github.com/yihuang/go-abi/tests/comprehensive.abi.go:2253.3,2254.17 2 1
github.com/yihuang/go-abi/tests/comprehensive.abi.go:2254.17,2256.4 1 1
github.com/yihuang/go-abi/tests/comprehensive.abi.go:2257.3,2257.21 1 1
github.com/yihuang/go-abi/tests/comprehensive.abi.go:2260.2,2262.30 2 1
github.com/yihuang/go-abi/tests/comprehensive.abi.go:2262.30,2264.4 1 0
github.com/yihuang/go-abi/tests/comprehensive.abi.go:2265.3,2266.17 2 1
github.com/yihuang/go-abi/tests/comprehensive.abi.go:2266.17,2268.4 1 1
github.com/yihuang/go-abi/tests/comprehensive.abi.go:2269.3,2269.21 1 1
github.com/yihuang/go-abi/tests/comprehensive.abi.go:2271.2,2271.27 1 1
github.com/yihuang/go-abi/tests/comprehensive.abi.go:2275.75,2278.50 3 1
github.com/yihuang/go-abi/tests/comprehensive.abi.go:2278.50,2280.3 1 0
github.com/yihuang/go-abi/tests/comprehensive.abi.go:2281.2,2281.20 1 1
github.com/yihuang/go-abi/tests/comprehensive.abi.go:2292.58,2296.2 2 0
github.com/yihuang/go-abi/tests/comprehensive.abi.go:2299.78,2303.65 2 0
github.com/yihuang/go-abi/tests/comprehensive.abi.go:2303.65,2305.3 1 0
github.com/yihuang/go-abi/tests/comprehensive.abi.go:2307.2,2307.27 1 0
github.com/yihuang/go-abi/tests/comprehensive.abi.go:2311.69,2313.47 2 0
github.com/yihuang/go-abi/tests/comprehensive.abi.go:2313.47,2315.3 1 0
github.com/yihuang/go-abi/tests/comprehensive.abi.go:2316.2,2316.17 1 0
github.com/yihuang/go-abi/tests/comprehensive.abi.go:2320.74,2321.20 1 0
github.com/yihuang/go-abi/tests/comprehensive.abi.go:2321.20,2323.3 1 0
github.com/yihuang/go-abi/tests/comprehensive.abi.go:2324.2,2330.16 4 0
github.com/yihuang/go-abi/tests/comprehensive.abi.go:2330.16,2332.3 1 0
github.com/yihuang/go-abi/tests/comprehensive.abi.go:2333.2,2333.27 1 0
github.com/yihuang/go-abi/tests/comprehensive.abi.go:2344.49,2349.2 3 1
github.com/yihuang/go-abi/tests/comprehensive.abi.go:2352.69,2364.16 5 1
github.com/yihuang/go-abi/tests/comprehensive.abi.go:2364.16,2366.3 1 0
github.com/yihuang/go-abi/tests/comprehensive.abi.go:2367.2,2369.27 2 1
github.com/yihuang/go-abi/tests/comprehensive.abi.go:2373.60,2375.47 2 1
github.com/yihuang/go-abi/tests/comprehensive.abi.go:2375.47,2377.3 1 0
github.com/yihuang/go-abi/tests/comprehensive.abi.go:2378.2,2378.17 1 1
github.com/yihuang/go-abi/tests/comprehensive.abi.go:2382.65,2383.20 1 1
github.com/yihuang/go-abi/tests/comprehensive.abi.go:2383.20,2385.3 1 1
github.com/yihuang/go-abi/tests/comprehensive.abi.go:2386.2,2392.2 3 1
github.com/yihuang/go-abi/tests/comprehensive.abi.go:2392.2,2394.30 2 1
github.com/yihuang/go-abi/tests/comprehensive.abi.go:2394.30,2396.4 1 0
github.com/yihuang/go-abi/tests/comprehensive.abi.go:2397.3,2398.17 2 1
github.com/yihuang/go-abi/tests/comprehensive.abi.go:2398.17,2400.4 1 1
github.com/yihuang/go-abi/tests/comprehensive.abi.go:2401.3,2401.21 1 1
github.com/yihuang/go-abi/tests/comprehensive.abi.go:2403.2,2403.27 1 1
github.com/yihuang/go-abi/tests/comprehensive.abi.go:2407.68,2410.50 3 1
github.com/yihuang/go-abi/tests/comprehensive.abi.go:2410.50,2412.3 1 0
github.com/yihuang/go-abi/tests/comprehensive.abi.go:2413.2,2413.20 1 1
github.com/yihuang/go-abi/tests/comprehensive.abi.go:2424.51,2428.2 2 0
github.com/yihuang/go-abi/tests/comprehensive.abi.go:2431.71,2435.65 2 0
github.com/yihuang/go-abi/tests/comprehensive.abi.go:2435.65,2437.3 1 0
github.com/yihuang/go-abi/tests/comprehensive.abi.go:2439.2,2439.27 1 0
github.com/yihuang/go-abi/tests/comprehensive.abi.go:2443.62,2445.47 2 0
github.com/yihuang/go-abi/tests/comprehensive.abi.go:2445.47,2447.3 1 0
github.com/yihuang/go-abi/tests/comprehensive.abi.go:2448.2,2448.17 1 0
github.com/yihuang/go-abi/tests/comprehensive.abi.go:2452.67,2453.20 1 0
github.com/yihuang/go-abi/tests/comprehensive.abi.go:2453.20,2455.3 1 0
github.com/yihuang/go-abi/tests/comprehensive.abi.go:2456.2,2462.16 4 0
github.com/yihuang/go-abi/tests/comprehensive.abi.go:2462.16,2464.3 1 0
github.com/yihuang/go-abi/tests/comprehensive.abi.go:2465.2,2465.27 1 0
github.com/yihuang/go-abi/tests/comprehensive.abi.go:2487.56,2491.2 2 1
github.com/yihuang/go-abi/tests/comprehensive.abi.go:2494.76,2498.64 2 1
github.com/yihuang/go-abi/tests/comprehensive.abi.go:2498.64,2500.3 1 0
github.com/yihuang/go-abi/tests/comprehensive.abi.go:2503.2,2503.61 1 1
github.com/yihuang/go-abi/tests/comprehensive.abi.go:2503.61,2505.3 1 0
github.com/yihuang/go-abi/tests/comprehensive.abi.go:2508.2,2508.65 1 1
github.com/yihuang/go-abi/tests/comprehensive.abi.go:2508.65,2510.3 1 0
github.com/yihuang/go-abi/tests/comprehensive.abi.go:2513.2,2513.66 1 1
github.com/yihuang/go-abi/tests/comprehensive.abi.go:2513.66,2515.3 1 0
github.com/yihuang/go-abi/tests/comprehensive.abi.go:2518.2,2518.67 1 1
github.com/yihuang/go-abi/tests/comprehensive.abi.go:2518.67,2520.3 1 0
github.com/yihuang/go-abi/tests/comprehensive.abi.go:2523.2,2523.68 1 1
github.com/yihuang/go-abi/tests/comprehensive.abi.go:2523.68,2525.3 1 0
github.com/yihuang/go-abi/tests/comprehensive.abi.go:2528.2,2528.65 1 1
github.com/yihuang/go-abi/tests/comprehensive.abi.go:2528.65,2530.3 1 0
github.com/yihuang/go-abi/tests/comprehensive.abi.go:2533.2,2533.61 1 1
github.com/yihuang/go-abi/tests/comprehensive.abi.go:2533.61,2535.3 1 0
github.com/yihuang/go-abi/tests/comprehensive.abi.go:2538.2,2538.65 1 1
github.com/yihuang/go-abi/tests/comprehensive.abi.go:2538.65,2540.3 1 0
github.com/yihuang/go-abi/tests/comprehensive.abi.go:2543.2,2543.66 1 1
github.com/yihuang/go-abi/tests/comprehensive.abi.go:2543.66,2545.3 1 0
github.com/yihuang/go-abi/tests/comprehensive.abi.go:2548.2,2548.66 1 1
github.com/yihuang/go-abi/tests/comprehensive.abi.go:2548.66,2550.3 1 0
github.com/yihuang/go-abi/tests/comprehensive.abi.go:2553.2,2553.67 1 1
github.com/yihuang/go-abi/tests/comprehensive.abi.go:2553.67,2555.3 1 0
github.com/yihuang/go-abi/tests/comprehensive.abi.go:2557.2,2557.27 1 1
github.com/yihuang/go-abi/tests/comprehensive.abi.go:2561.67,2563.47 2 1
github.com/yihuang/go-abi/tests/comprehensive.abi.go:2563.47,2565.3 1 0
github.com/yihuang/go-abi/tests/comprehensive.abi.go:2566.2,2566.17 1 1
github.com/yihuang/go-abi/tests/comprehensive.abi.go:2570.72,2571.21 1 1
github.com/yihuang/go-abi/tests/comprehensive.abi.go:2571.21,2573.3 1 1
github.com/yihuang/go-abi/tests/comprehensive.abi.go:2574.2,2580.16 4 1
github.com/yihuang/go-abi/tests/comprehensive.abi.go:2580.16,2582.3 1 0
github.com/yihuang/go-abi/tests/comprehensive.abi.go:2584.2,2585.16 2 1
github.com/yihuang/go-abi/tests/comprehensive.abi.go:2585.16,2587.3 1 0
github.com/yihuang/go-abi/tests/comprehensive.abi.go:2589.2,2590.16 2 1
github.com/yihuang/go-abi/tests/comprehensive.abi.go:2590.16,2592.3 1 0
github.com/yihuang/go-abi/tests/comprehensive.abi.go:2594.2,2595.16 2 1
github.com/yihuang/go-abi/tests/comprehensive.abi.go:2595.16,2597.3 1 0
github.com/yihuang/go-abi/tests/comprehensive.abi.go:2599.2,2600.16 2 1
github.com/yihuang/go-abi/tests/comprehensive.abi.go:2600.16,2602.3 1 0
github.com/yihuang/go-abi/tests/comprehensive.abi.go:2604.2,2605.16 2 1
github.com/yihuang/go-abi/tests/comprehensive.abi.go:2605.16,2607.3 1 0
github.com/yihuang/go-abi/tests/comprehensive.abi.go:2609.2,2610.16 2 1
github.com/yihuang/go-abi/tests/comprehensive.abi.go:2610.16,2612.3 1 0
github.com/yihuang/go-abi/tests/comprehensive.abi.go:2614.2,2615.16 2 1
github.com/yihuang/go-abi/tests/comprehensive.abi.go:2615.16,2617.3 1 0
github.com/yihuang/go-abi/tests/comprehensive.abi.go:2619.2,2620.16 2 1
github.com/yihuang/go-abi/tests/comprehensive.abi.go:2620.16,2622.3 1 0
github.com/yihuang/go-abi/tests/comprehensive.abi.go:2624.2,2625.16 2 1
github.com/yihuang/go-abi/tests/comprehensive.abi.go:2625.16,2627.3 1 0
github.com/yihuang/go-abi/tests/comprehensive.abi.go:2629.2,2630.16 2 1
github.com/yihuang/go-abi/tests/comprehensive.abi.go:2630.16,2632.3 1 0
github.com/yihuang/go-abi/tests/comprehensive.abi.go:2634.2,2635.16 2 1
github.com/yihuang/go-abi/tests/comprehensive.abi.go:2635.16,2637.3 1 0
github.com/yihuang/go-abi/tests/comprehensive.abi.go:2638.2,2638.27 1 1
github.com/yihuang/go-abi/tests/comprehensive.abi.go:2642.75,2645.50 3 1
github.com/yihuang/go-abi/tests/comprehensive.abi.go:2645.50,2647.3 1 0
github.com/yihuang/go-abi/tests/comprehensive.abi.go:2648.2,2648.20 1 1
github.com/yihuang/go-abi/tests/comprehensive.abi.go:2659.58,2663.2 2 0
github.com/yihuang/go-abi/tests/comprehensive.abi.go:2666.78,2670.65 2 0
github.com/yihuang/go-abi/tests/comprehensive.abi.go:2670.65,2672.3 1 0
github.com/yihuang/go-abi/tests/comprehensive.abi.go:2674.2,2674.27 1 0
github.com/yihuang/go-abi/tests/comprehensive.abi.go:2678.69,2680.47 2 0
github.com/yihuang/go-abi/tests/comprehensive.abi.go:2680.47,2682.3 1 0
github.com/yihuang/go-abi/tests/comprehensive.abi.go:2683.2,2683.17 1 0
github.com/yihuang/go-abi/tests/comprehensive.abi.go:2687.74,2688.20 1 0
github.com/yihuang/go-abi/tests/comprehensive.abi.go:2688.20,2690.3 1 0
github.com/yihuang/go-abi/tests/comprehensive.abi.go:2691.2,2697.16 4 0
github.com/yihuang/go-abi/tests/comprehensive.abi.go:2697.16,2699.3 1 0
github.com/yihuang/go-abi/tests/comprehensive.abi.go:2700.2,2700.27 1 0
github.com/yihuang/go-abi/tests/comprehensive.abi.go:2718.50,2722.2 2 1
github.com/yihuang/go-abi/tests/comprehensive.abi.go:2725.70,2729.62 2 1
github.com/yihuang/go-abi/tests/comprehensive.abi.go:2729.62,2731.3 1 0
github.com/yihuang/go-abi/tests/comprehensive.abi.go:2734.2,2734.65 1 1
github.com/yihuang/go-abi/tests/comprehensive.abi.go:2734.65,2736.3 1 0
github.com/yihuang/go-abi/tests/comprehensive.abi.go:2739.2,2739.65 1 1
github.com/yihuang/go-abi/tests/comprehensive.abi.go:2739.65,2741.3 1 0
github.com/yihuang/go-abi/tests/comprehensive.abi.go:2744.2,2744.65 1 1
github.com/yihuang/go-abi/tests/comprehensive.abi.go:2744.65,2746.3 1 0
github.com/yihuang/go-abi/tests/comprehensive.abi.go:2749.2,2749.63 1 1
github.com/yihuang/go-abi/tests/comprehensive.abi.go:2749.63,2751.3 1 0
github.com/yihuang/go-abi/tests/comprehensive.abi.go:2754.2,2754.65 1 1
github.com/yihuang/go-abi/tests/comprehensive.abi.go:2754.65,2756.3 1 0
github.com/yihuang/go-abi/tests/comprehensive.abi.go:2759.2,2759.65 1 1
github.com/yihuang/go-abi/tests/comprehensive.abi.go:2759.65,2761.3 1 0
github.com/yihuang/go-abi/tests/comprehensive.abi.go:2764.2,2764.65 1 1
github.com/yihuang/go-abi/tests/comprehensive.abi.go:2764.65,2766.3 1 0
github.com/yihuang/go-abi/tests/comprehensive.abi.go:2768.2,2768.27 1 1
github.com/yihuang/go-abi/tests/comprehensive.abi.go:2772.61,2774.47 2 1
github.com/yihuang/go-abi/tests/comprehensive.abi.go:2774.47,2776.3 1 0
github.com/yihuang/go-abi/tests/comprehensive.abi.go:2777.2,2777.17 1 1
github.com/yihuang/go-abi/tests/comprehensive.abi.go:2781.66,2782.21 1 1
github.com/yihuang/go-abi/tests/comprehensive.abi.go:2782.21,2784.3 1 1
github.com/yihuang/go-abi/tests/comprehensive.abi.go:2785.2,2791.16 4 1
github.com/yihuang/go-abi/tests/comprehensive.abi.go:2791.16,2793.3 1 0
github.com/yihuang/go-abi/tests/comprehensive.abi.go:2795.2,2796.16 2 1
github.com/yihuang/go-abi/tests/comprehensive.abi.go:2796.16,2798.3 1 0
github.com/yihuang/go-abi/tests/comprehensive.abi.go:2800.2,2801.16 2 1
github.com/yihuang/go-abi/tests/comprehensive.abi.go:2801.16,2803.3 1 0
github.com/yihuang/go-abi/tests/comprehensive.abi.go:2805.2,2806.16 2 1
github.com/yihuang/go-abi/tests/comprehensive.abi.go:2806.16,2808.3 1 0
github.com/yihuang/go-abi/tests/comprehensive.abi.go:2810.2,2811.16 2 1
github.com/yihuang/go-abi/tests/comprehensive.abi.go:2811.16,2813.3 1 0
github.com/yihuang/go-abi/tests/comprehensive.abi.go:2815.2,2816.16 2 1
github.com/yihuang/go-abi/tests/comprehensive.abi.go:2816.16,2818.3 1 0
github.com/yihuang/go-abi/tests/comprehensive.abi.go:2820.2,2821.16 2 1
github.com/yihuang/go-abi/tests/comprehensive.abi.go:2821.16,2823.3 1 0
github.com/yihuang/go-abi/tests/comprehensive.abi.go:2825.2,2826.16 2 1
github.com/yihuang/go-abi/tests/comprehensive.abi.go:2826.16,2828.3 1 0
github.com/yihuang/go-abi/tests/comprehensive.abi.go:2829.2,2829.27 1 1
github.com/yihuang/go-abi/tests/comprehensive.abi.go:2833.69,2836.50 3 1
github.com/yihuang/go-abi/tests/comprehensive.abi.go:2836.50,2838.3 1 0
github.com/yihuang/go-abi/tests/comprehensive.abi.go:2839.2,2839.20 1 1
github.com/yihuang/go-abi/tests/comprehensive.abi.go:2850.52,2854.2 2 0
github.com/yihuang/go-abi/tests/comprehensive.abi.go:2857.72,2861.65 2 0
github.com/yihuang/go-abi/tests/comprehensive.abi.go:2861.65,2863.3 1 0
github.com/yihuang/go-abi/tests/comprehensive.abi.go:2865.2,2865.27 1 0
github.com/yihuang/go-abi/tests/comprehensive.abi.go:2869.63,2871.47 2 0
github.com/yihuang/go-abi/tests/comprehensive.abi.go:2871.47,2873.3 1 0
github.com/yihuang/go-abi/tests/comprehensive.abi.go:2874.2,2874.17 1 0
github.com/yihuang/go-abi/tests/comprehensive.abi.go:2878.68,2879.20 1 0
github.com/yihuang/go-abi/tests/comprehensive.abi.go:2879.20,2881.3 1 0
github.com/yihuang/go-abi/tests/comprehensive.abi.go:2882.2,2888.16 4 0
github.com/yihuang/go-abi/tests/comprehensive.abi.go:2888.16,2890.3 1 0
github.com/yihuang/go-abi/tests/comprehensive.abi.go:2891.2,2891.27 1 0
github.com/yihuang/go-abi/tests/comprehensive.abi.go:2917.16,2927.2 1 0
github.com/yihuang/go-abi/tests/comprehensive.abi.go:2935.68,2938.2 3 1
github.com/yihuang/go-abi/tests/comprehensive.abi.go:2938.2,2941.65 2 1
github.com/yihuang/go-abi/tests/comprehensive.abi.go:2941.65,2943.4 1 0
github.com/yihuang/go-abi/tests/comprehensive.abi.go:2944.3,2944.32 1 1
github.com/yihuang/go-abi/tests/comprehensive.abi.go:2946.2,2946.20 1 1
github.com/yihuang/go-abi/tests/comprehensive.abi.go:2950.72,2951.22 1 1
github.com/yihuang/go-abi/tests/comprehensive.abi.go:2951.22,2953.3 1 0
github.com/yihuang/go-abi/tests/comprehensive.abi.go:2954.2,2954.36 1 1
github.com/yihuang/go-abi/tests/comprehensive.abi.go:2954.36,2956.3 1 0
github.com/yihuang/go-abi/tests/comprehensive.abi.go:2957.2,2959.16 3 1
github.com/yihuang/go-abi/tests/comprehensive.abi.go:2959.16,2961.3 1 0
github.com/yihuang/go-abi/tests/comprehensive.abi.go:2962.2,2962.12 1 1
github.com/yihuang/go-abi/tests/comprehensive.abi.go:2974.45,2980.2 4 1
github.com/yihuang/go-abi/tests/comprehensive.abi.go:2983.65,2995.16 5 1
github.com/yihuang/go-abi/tests/comprehensive.abi.go:2995.16,2997.3 1 0
github.com/yihuang/go-abi/tests/comprehensive.abi.go:2998.2,3005.16 4 1
github.com/yihuang/go-abi/tests/comprehensive.abi.go:3005.16,3007.3 1 0
github.com/yihuang/go-abi/tests/comprehensive.abi.go:3008.2,3010.27 2 1
github.com/yihuang/go-abi/tests/comprehensive.abi.go:3014.56,3016.47 2 1
github.com/yihuang/go-abi/tests/comprehensive.abi.go:3016.47,3018.3 1 0
github.com/yihuang/go-abi/tests/comprehensive.abi.go:3019.2,3019.17 1 1
github.com/yihuang/go-abi/tests/comprehensive.abi.go:3023.61,3024.20 1 1
github.com/yihuang/go-abi/tests/comprehensive.abi.go:3024.20,3026.3 1 1
github.com/yihuang/go-abi/tests/comprehensive.abi.go:3027.2,3033.2 3 1
github.com/yihuang/go-abi/tests/comprehensive.abi.go:3033.2,3035.30 2 1
github.com/yihuang/go-abi/tests/comprehensive.abi.go:3035.30,3037.4 1 0
github.com/yihuang/go-abi/tests/comprehensive.abi.go:3038.3,3039.17 2 1
github.com/yihuang/go-abi/tests/comprehensive.abi.go:3039.17,3041.4 1 1
github.com/yihuang/go-abi/tests/comprehensive.abi.go:3042.3,3042.21 1 1
github.com/yihuang/go-abi/tests/comprehensive.abi.go:3045.2,3047.30 2 1
github.com/yihuang/go-abi/tests/comprehensive.abi.go:3047.30,3049.4 1 0
github.com/yihuang/go-abi/tests/comprehensive.abi.go:3050.3,3051.17 2 1
github.com/yihuang/go-abi/tests/comprehensive.abi.go:3051.17,3053.4 1 1
github.com/yihuang/go-abi/tests/comprehensive.abi.go:3054.3,3054.21 1 1
github.com/yihuang/go-abi/tests/comprehensive.abi.go:3056.2,3056.27 1 1
github.com/yihuang/go-abi/tests/comprehensive.abi.go:3068.18,3075.2 1 0
github.com/yihuang/go-abi/tests/comprehensive.abi.go:3083.70,3086.2 3 0
github.com/yihuang/go-abi/tests/comprehensive.abi.go:3086.2,3089.65 2 0
github.com/yihuang/go-abi/tests/comprehensive.abi.go:3089.65,3091.4 1 0
github.com/yihuang/go-abi/tests/comprehensive.abi.go:3092.3,3092.32 1 0
github.com/yihuang/go-abi/tests/comprehensive.abi.go:3094.2,3094.20 1 0
github.com/yihuang/go-abi/tests/comprehensive.abi.go:3098.74,3099.22 1 0
github.com/yihuang/go-abi/tests/comprehensive.abi.go:3099.22,3101.3 1 0
github.com/yihuang/go-abi/tests/comprehensive.abi.go:3102.2,3102.38 1 0
github.com/yihuang/go-abi/tests/comprehensive.abi.go:3102.38,3104.3 1 0
github.com/yihuang/go-abi/tests/comprehensive.abi.go:3105.2,3107.16 3 0
github.com/yihuang/go-abi/tests/comprehensive.abi.go:3107.16,3109.3 1 0
github.com/yihuang/go-abi/tests/comprehensive.abi.go:3110.2,3110.12 1 0
github.com/yihuang/go-abi/tests/comprehensive.abi.go:3126.17,3136.2 1 1
github.com/yihuang/go-abi/tests/comprehensive.abi.go:3145.69,3148.2 3 1
github.com/yihuang/go-abi/tests/comprehensive.abi.go:3148.2,3151.63 2 1
github.com/yihuang/go-abi/tests/comprehensive.abi.go:3151.63,3153.4 1 0
github.com/yihuang/go-abi/tests/comprehensive.abi.go:3154.3,3154.32 1 1
github.com/yihuang/go-abi/tests/comprehensive.abi.go:3156.2,3159.61 2 1
github.com/yihuang/go-abi/tests/comprehensive.abi.go:3159.61,3161.4 1 0
github.com/yihuang/go-abi/tests/comprehensive.abi.go:3162.3,3162.32 1 1
github.com/yihuang/go-abi/tests/comprehensive.abi.go:3164.2,3164.20 1 1
github.com/yihuang/go-abi/tests/comprehensive.abi.go:3168.73,3169.22 1 1
github.com/yihuang/go-abi/tests/comprehensive.abi.go:3169.22,3171.3 1 0
github.com/yihuang/go-abi/tests/comprehensive.abi.go:3172.2,3172.37 1 1
github.com/yihuang/go-abi/tests/comprehensive.abi.go:3172.37,3174.3 1 0
github.com/yihuang/go-abi/tests/comprehensive.abi.go:3175.2,3177.16 3 1
github.com/yihuang/go-abi/tests/comprehensive.abi.go:3177.16,3179.3 1 0
github.com/yihuang/go-abi/tests/comprehensive.abi.go:3180.2,3181.16 2 1
github.com/yihuang/go-abi/tests/comprehensive.abi.go:3181.16,3183.3 1 0
github.com/yihuang/go-abi/tests/comprehensive.abi.go:3184.2,3184.12 1 1
github.com/yihuang/go-abi/tests/comprehensive.abi.go:3195.46,3199.2 2 1
github.com/yihuang/go-abi/tests/comprehensive.abi.go:3202.66,3206.67 2 1
github.com/yihuang/go-abi/tests/comprehensive.abi.go:3206.67,3208.3 1 0
github.com/yihuang/go-abi/tests/comprehensive.abi.go:3210.2,3210.27 1 1
github.com/yihuang/go-abi/tests/comprehensive.abi.go:3214.57,3216.47 2 1
github.com/yihuang/go-abi/tests/comprehensive.abi.go:3216.47,3218.3 1 0
github.com/yihuang/go-abi/tests/comprehensive.abi.go:3219.2,3219.17 1 1
github.com/yihuang/go-abi/tests/comprehensive.abi.go:3223.62,3224.20 1 1
github.com/yihuang/go-abi/tests/comprehensive.abi.go:3224.20,3226.3 1 1
github.com/yihuang/go-abi/tests/comprehensive.abi.go:3227.2,3233.16 4 1
github.com/yihuang/go-abi/tests/comprehensive.abi.go:3233.16,3235.3 1 0
github.com/yihuang/go-abi/tests/comprehensive.abi.go:3236.2,3236.27 1 1
github.com/yihuang/go-abi/tests/comprehensive.abi.go:3249.20,3258.2 1 0
github.com/yihuang/go-abi/tests/comprehensive.abi.go:3266.72,3269.2 3 1
github.com/yihuang/go-abi/tests/comprehensive.abi.go:3269.2,3272.66 2 1
github.com/yihuang/go-abi/tests/comprehensive.abi.go:3272.66,3274.4 1 0
github.com/yihuang/go-abi/tests/comprehensive.abi.go:3275.3,3275.32 1 1
github.com/yihuang/go-abi/tests/comprehensive.abi.go:3277.2,3277.20 1 1
github.com/yihuang/go-abi/tests/comprehensive.abi.go:3281.76,3282.22 1 1
github.com/yihuang/go-abi/tests/comprehensive.abi.go:3282.22,3284.3 1 0
github.com/yihuang/go-abi/tests/comprehensive.abi.go:3285.2,3285.40 1 1
github.com/yihuang/go-abi/tests/comprehensive.abi.go:3285.40,3287.3 1 0
github.com/yihuang/go-abi/tests/comprehensive.abi.go:3288.2,3290.16 3 1
github.com/yihuang/go-abi/tests/comprehensive.abi.go:3290.16,3292.3 1 0
github.com/yihuang/go-abi/tests/comprehensive.abi.go:3293.2,3293.12 1 1
github.com/yihuang/go-abi/tests/comprehensive.abi.go:3304.49,3309.2 3 1
github.com/yihuang/go-abi/tests/comprehensive.abi.go:3312.69,3324.16 5 1
github.com/yihuang/go-abi/tests/comprehensive.abi.go:3324.16,3326.3 1 0
github.com/yihuang/go-abi/tests/comprehensive.abi.go:3327.2,3329.27 2 1
github.com/yihuang/go-abi/tests/comprehensive.abi.go:3333.60,3335.47 2 1
github.com/yihuang/go-abi/tests/comprehensive.abi.go:3335.47,3337.3 1 0
github.com/yihuang/go-abi/tests/comprehensive.abi.go:3338.2,3338.17 1 1
github.com/yihuang/go-abi/tests/comprehensive.abi.go:3342.65,3343.20 1 1
github.com/yihuang/go-abi/tests/comprehensive.abi.go:3343.20,3345.3 1 1
github.com/yihuang/go-abi/tests/comprehensive.abi.go:3346.2,3352.2 3 1
github.com/yihuang/go-abi/tests/comprehensive.abi.go:3352.2,3354.30 2 1
github.com/yihuang/go-abi/tests/comprehensive.abi.go:3354.30,3356.4 1 0
github.com/yihuang/go-abi/tests/comprehensive.abi.go:3357.3,3358.17 2 1
github.com/yihuang/go-abi/tests/comprehensive.abi.go:3358.17,3360.4 1 1
github.com/yihuang/go-abi/tests/comprehensive.abi.go:3361.3,3361.21 1 1
github.com/yihuang/go-abi/tests/comprehensive.abi.go:3363.2,3363.27 1 1
github.com/yihuang/go-abi/tests/nested.abi.go:60.46,65.2 3 1
github.com/yihuang/go-abi/tests/nested.abi.go:68.66,76.66 3 1
github.com/yihuang/go-abi/tests/nested.abi.go:76.66,78.3 1 0
github.com/yihuang/go-abi/tests/nested.abi.go:82.2,85.16 3 1
github.com/yihuang/go-abi/tests/nested.abi.go:85.16,87.3 1 0
github.com/yihuang/go-abi/tests/nested.abi.go:88.2,90.27 2 1
github.com/yihuang/go-abi/tests/nested.abi.go:94.57,96.47 2 0
github.com/yihuang/go-abi/tests/nested.abi.go:96.47,98.3 1 0
github.com/yihuang/go-abi/tests/nested.abi.go:99.2,99.17 1 0
github.com/yihuang/go-abi/tests/nested.abi.go:103.62,104.20 1 1
github.com/yihuang/go-abi/tests/nested.abi.go:104.20,106.3 1 0
github.com/yihuang/go-abi/tests/nested.abi.go:107.2,114.16 4 1
github.com/yihuang/go-abi/tests/nested.abi.go:114.16,116.3 1 0
github.com/yihuang/go-abi/tests/nested.abi.go:118.2,120.30 2 1
github.com/yihuang/go-abi/tests/nested.abi.go:120.30,122.4 1 0
github.com/yihuang/go-abi/tests/nested.abi.go:123.3,124.17 2 1
github.com/yihuang/go-abi/tests/nested.abi.go:124.17,126.4 1 0
github.com/yihuang/go-abi/tests/nested.abi.go:127.3,127.21 1 1
github.com/yihuang/go-abi/tests/nested.abi.go:129.2,129.27 1 1
github.com/yihuang/go-abi/tests/nested.abi.go:143.42,149.2 4 1
github.com/yihuang/go-abi/tests/nested.abi.go:152.62,160.65 3 1
github.com/yihuang/go-abi/tests/nested.abi.go:160.65,162.3 1 0
github.com/yihuang/go-abi/tests/nested.abi.go:165.2,165.67 1 1
github.com/yihuang/go-abi/tests/nested.abi.go:165.67,167.3 1 0
github.com/yihuang/go-abi/tests/nested.abi.go:171.2,174.16 3 1
github.com/yihuang/go-abi/tests/nested.abi.go:174.16,176.3 1 0
github.com/yihuang/go-abi/tests/nested.abi.go:177.2,184.16 4 1
github.com/yihuang/go-abi/tests/nested.abi.go:184.16,186.3 1 0
github.com/yihuang/go-abi/tests/nested.abi.go:187.2,189.27 2 1
github.com/yihuang/go-abi/tests/nested.abi.go:193.53,195.47 2 0
github.com/yihuang/go-abi/tests/nested.abi.go:195.47,197.3 1 0
github.com/yihuang/go-abi/tests/nested.abi.go:198.2,198.17 1 0
github.com/yihuang/go-abi/tests/nested.abi.go:202.58,203.21 1 1
github.com/yihuang/go-abi/tests/nested.abi.go:203.21,205.3 1 0
github.com/yihuang/go-abi/tests/nested.abi.go:206.2,213.16 4 1
github.com/yihuang/go-abi/tests/nested.abi.go:213.16,215.3 1 0
github.com/yihuang/go-abi/tests/nested.abi.go:217.2,218.16 2 1
github.com/yihuang/go-abi/tests/nested.abi.go:218.16,220.3 1 0
github.com/yihuang/go-abi/tests/nested.abi.go:222.2,224.30 2 1
github.com/yihuang/go-abi/tests/nested.abi.go:224.30,226.4 1 0
github.com/yihuang/go-abi/tests/nested.abi.go:227.3,228.17 2 1
github.com/yihuang/go-abi/tests/nested.abi.go:228.17,230.4 1 0
github.com/yihuang/go-abi/tests/nested.abi.go:231.3,231.21 1 1
github.com/yihuang/go-abi/tests/nested.abi.go:234.2,236.30 2 1
github.com/yihuang/go-abi/tests/nested.abi.go:236.30,238.4 1 0
github.com/yihuang/go-abi/tests/nested.abi.go:239.3,240.17 2 1
github.com/yihuang/go-abi/tests/nested.abi.go:240.17,242.4 1 0
github.com/yihuang/go-abi/tests/nested.abi.go:243.3,243.21 1 1
github.com/yihuang/go-abi/tests/nested.abi.go:245.2,245.27 1 1
github.com/yihuang/go-abi/tests/nested.abi.go:260.41,265.2 3 1
github.com/yihuang/go-abi/tests/nested.abi.go:268.61,276.65 3 1
github.com/yihuang/go-abi/tests/nested.abi.go:276.65,278.3 1 0
github.com/yihuang/go-abi/tests/nested.abi.go:282.2,285.16 3 1
github.com/yihuang/go-abi/tests/nested.abi.go:285.16,287.3 1 0
github.com/yihuang/go-abi/tests/nested.abi.go:288.2,291.64 2 1
github.com/yihuang/go-abi/tests/nested.abi.go:291.64,293.3 1 0
github.com/yihuang/go-abi/tests/nested.abi.go:296.2,296.67 1 1
github.com/yihuang/go-abi/tests/nested.abi.go:296.67,298.3 1 0
github.com/yihuang/go-abi/tests/nested.abi.go:301.2,301.68 1 1
github.com/yihuang/go-abi/tests/nested.abi.go:301.68,303.3 1 0
github.com/yihuang/go-abi/tests/nested.abi.go:305.2,305.27 1 1
github.com/yihuang/go-abi/tests/nested.abi.go:309.52,311.47 2 0
github.com/yihuang/go-abi/tests/nested.abi.go:311.47,313.3 1 0
github.com/yihuang/go-abi/tests/nested.abi.go:314.2,314.17 1 0
github.com/yihuang/go-abi/tests/nested.abi.go:318.57,319.21 1 1
github.com/yihuang/go-abi/tests/nested.abi.go:319.21,321.3 1 0
github.com/yihuang/go-abi/tests/nested.abi.go:322.2,329.16 4 1
github.com/yihuang/go-abi/tests/nested.abi.go:329.16,331.3 1 0
github.com/yihuang/go-abi/tests/nested.abi.go:333.2,335.30 2 1
github.com/yihuang/go-abi/tests/nested.abi.go:335.30,337.4 1 0
github.com/yihuang/go-abi/tests/nested.abi.go:338.3,339.17 2 1
github.com/yihuang/go-abi/tests/nested.abi.go:339.17,341.4 1 0
github.com/yihuang/go-abi/tests/nested.abi.go:342.3,342.21 1 1
github.com/yihuang/go-abi/tests/nested.abi.go:345.2,346.16 2 1
github.com/yihuang/go-abi/tests/nested.abi.go:346.16,348.3 1 0
github.com/yihuang/go-abi/tests/nested.abi.go:350.2,351.16 2 1
github.com/yihuang/go-abi/tests/nested.abi.go:351.16,353.3 1 0
github.com/yihuang/go-abi/tests/nested.abi.go:355.2,356.16 2 1
github.com/yihuang/go-abi/tests/nested.abi.go:356.16,358.3 1 0
github.com/yihuang/go-abi/tests/nested.abi.go:359.2,359.27 1 1
github.com/yihuang/go-abi/tests/nested.abi.go:371.39,375.2 2 0
github.com/yihuang/go-abi/tests/nested.abi.go:378.59,382.67 2 1
github.com/yihuang/go-abi/tests/nested.abi.go:382.67,384.3 1 0
github.com/yihuang/go-abi/tests/nested.abi.go:387.2,387.69 1 1
github.com/yihuang/go-abi/tests/nested.abi.go:387.69,389.3 1 0
github.com/yihuang/go-abi/tests/nested.abi.go:391.2,391.27 1 1
github.com/yihuang/go-abi/tests/nested.abi.go:395.50,397.47 2 0
github.com/yihuang/go-abi/tests/nested.abi.go:397.47,399.3 1 0
github.com/yihuang/go-abi/tests/nested.abi.go:400.2,400.17 1 0
github.com/yihuang/go-abi/tests/nested.abi.go:404.55,405.20 1 1
github.com/yihuang/go-abi/tests/nested.abi.go:405.20,407.3 1 0
github.com/yihuang/go-abi/tests/nested.abi.go:408.2,414.16 4 1
github.com/yihuang/go-abi/tests/nested.abi.go:414.16,416.3 1 0
github.com/yihuang/go-abi/tests/nested.abi.go:418.2,419.16 2 1
github.com/yihuang/go-abi/tests/nested.abi.go:419.16,421.3 1 0
github.com/yihuang/go-abi/tests/nested.abi.go:422.2,422.27 1 1
github.com/yihuang/go-abi/tests/nested.abi.go:436.45,442.2 4 1
github.com/yihuang/go-abi/tests/nested.abi.go:445.65,457.16 5 1
github.com/yihuang/go-abi/tests/nested.abi.go:457.16,459.3 1 0
github.com/yihuang/go-abi/tests/nested.abi.go:460.2,463.65 2 1
github.com/yihuang/go-abi/tests/nested.abi.go:463.65,465.3 1 0
github.com/yihuang/go-abi/tests/nested.abi.go:468.2,468.66 1 1
github.com/yihuang/go-abi/tests/nested.abi.go:468.66,470.3 1 0
github.com/yihuang/go-abi/tests/nested.abi.go:474.2,477.16 3 1
github.com/yihuang/go-abi/tests/nested.abi.go:477.16,479.3 1 0
github.com/yihuang/go-abi/tests/nested.abi.go:480.2,482.27 2 1
github.com/yihuang/go-abi/tests/nested.abi.go:486.56,488.47 2 0
github.com/yihuang/go-abi/tests/nested.abi.go:488.47,490.3 1 0
github.com/yihuang/go-abi/tests/nested.abi.go:491.2,491.17 1 0
github.com/yihuang/go-abi/tests/nested.abi.go:495.61,496.21 1 1
github.com/yihuang/go-abi/tests/nested.abi.go:496.21,498.3 1 0
github.com/yihuang/go-abi/tests/nested.abi.go:499.2,505.2 3 1
github.com/yihuang/go-abi/tests/nested.abi.go:505.2,507.30 2 1
github.com/yihuang/go-abi/tests/nested.abi.go:507.30,509.4 1 0
github.com/yihuang/go-abi/tests/nested.abi.go:510.3,511.17 2 1
github.com/yihuang/go-abi/tests/nested.abi.go:511.17,513.4 1 0
github.com/yihuang/go-abi/tests/nested.abi.go:514.3,514.21 1 1
github.com/yihuang/go-abi/tests/nested.abi.go:517.2,518.16 2 1
github.com/yihuang/go-abi/tests/nested.abi.go:518.16,520.3 1 0
github.com/yihuang/go-abi/tests/nested.abi.go:522.2,523.16 2 1
github.com/yihuang/go-abi/tests/nested.abi.go:523.16,525.3 1 0
github.com/yihuang/go-abi/tests/nested.abi.go:527.2,529.30 2 1
github.com/yihuang/go-abi/tests/nested.abi.go:529.30,531.4 1 0
github.com/yihuang/go-abi/tests/nested.abi.go:532.3,533.17 2 1
github.com/yihuang/go-abi/tests/nested.abi.go:533.17,535.4 1 0
github.com/yihuang/go-abi/tests/nested.abi.go:536.3,536.21 1 1
github.com/yihuang/go-abi/tests/nested.abi.go:538.2,538.27 1 1
github.com/yihuang/go-abi/tests/nested.abi.go:542.93,550.29 5 1
github.com/yihuang/go-abi/tests/nested.abi.go:550.29,557.17 4 1
github.com/yihuang/go-abi/tests/nested.abi.go:557.17,559.4 1 0
github.com/yihuang/go-abi/tests/nested.abi.go:560.3,560.21 1 1
github.com/yihuang/go-abi/tests/nested.abi.go:563.2,563.32 1 1
github.com/yihuang/go-abi/tests/nested.abi.go:567.85,575.29 5 0
github.com/yihuang/go-abi/tests/nested.abi.go:575.29,582.17 4 0
github.com/yihuang/go-abi/tests/nested.abi.go:582.17,584.4 1 0
github.com/yihuang/go-abi/tests/nested.abi.go:585.3,585.21 1 0
github.com/yihuang/go-abi/tests/nested.abi.go:588.2,588.32 1 0
github.com/yihuang/go-abi/tests/nested.abi.go:592.79,599.29 4 1
github.com/yihuang/go-abi/tests/nested.abi.go:599.29,601.17 2 1
github.com/yihuang/go-abi/tests/nested.abi.go:601.17,603.4 1 0
github.com/yihuang/go-abi/tests/nested.abi.go:604.3,604.14 1 1
github.com/yihuang/go-abi/tests/nested.abi.go:607.2,607.25 1 1
github.com/yihuang/go-abi/tests/nested.abi.go:611.70,613.29 2 1
github.com/yihuang/go-abi/tests/nested.abi.go:613.29,615.3 1 1
github.com/yihuang/go-abi/tests/nested.abi.go:616.2,616.13 1 1
github.com/yihuang/go-abi/tests/nested.abi.go:620.62,622.29 2 0
github.com/yihuang/go-abi/tests/nested.abi.go:622.29,624.3 1 0
github.com/yihuang/go-abi/tests/nested.abi.go:625.2,625.13 1 0
github.com/yihuang/go-abi/tests/nested.abi.go:629.56,632.2 2 1
github.com/yihuang/go-abi/tests/nested.abi.go:635.88,638.20 2 1
github.com/yihuang/go-abi/tests/nested.abi.go:638.20,640.3 1 0
github.com/yihuang/go-abi/tests/nested.abi.go:641.2,642.27 2 1
github.com/yihuang/go-abi/tests/nested.abi.go:642.27,644.3 1 0
github.com/yihuang/go-abi/tests/nested.abi.go:645.2,653.30 4 1
github.com/yihuang/go-abi/tests/nested.abi.go:653.30,656.27 3 1
github.com/yihuang/go-abi/tests/nested.abi.go:656.27,658.4 1 0
github.com/yihuang/go-abi/tests/nested.abi.go:659.3,660.17 2 1
github.com/yihuang/go-abi/tests/nested.abi.go:660.17,662.4 1 0
github.com/yihuang/go-abi/tests/nested.abi.go:663.3,663.21 1 1
github.com/yihuang/go-abi/tests/nested.abi.go:665.2,665.40 1 1
github.com/yihuang/go-abi/tests/nested.abi.go:669.80,672.20 2 0
github.com/yihuang/go-abi/tests/nested.abi.go:672.20,674.3 1 0
github.com/yihuang/go-abi/tests/nested.abi.go:675.2,676.27 2 0
github.com/yihuang/go-abi/tests/nested.abi.go:676.27,678.3 1 0
github.com/yihuang/go-abi/tests/nested.abi.go:679.2,687.30 4 0
github.com/yihuang/go-abi/tests/nested.abi.go:687.30,690.27 3 0
github.com/yihuang/go-abi/tests/nested.abi.go:690.27,692.4 1 0
github.com/yihuang/go-abi/tests/nested.abi.go:693.3,694.17 2 0
github.com/yihuang/go-abi/tests/nested.abi.go:694.17,696.4 1 0
github.com/yihuang/go-abi/tests/nested.abi.go:697.3,697.21 1 0
github.com/yihuang/go-abi/tests/nested.abi.go:699.2,699.40 1 0
github.com/yihuang/go-abi/tests/nested.abi.go:703.74,706.20 2 1
github.com/yihuang/go-abi/tests/nested.abi.go:706.20,708.3 1 0
github.com/yihuang/go-abi/tests/nested.abi.go:709.2,710.27 2 1
github.com/yihuang/go-abi/tests/nested.abi.go:710.27,712.3 1 0
github.com/yihuang/go-abi/tests/nested.abi.go:713.2,720.30 3 1
github.com/yihuang/go-abi/tests/nested.abi.go:720.30,722.17 2 1
github.com/yihuang/go-abi/tests/nested.abi.go:722.17,724.4 1 0
github.com/yihuang/go-abi/tests/nested.abi.go:725.3,725.14 1 1
github.com/yihuang/go-abi/tests/nested.abi.go:727.2,727.33 1 1
github.com/yihuang/go-abi/tests/nested.abi.go:736.72,739.50 3 0
github.com/yihuang/go-abi/tests/nested.abi.go:739.50,741.3 1 0
github.com/yihuang/go-abi/tests/nested.abi.go:742.2,742.20 1 0
github.com/yihuang/go-abi/tests/nested.abi.go:753.55,758.2 3 1
github.com/yihuang/go-abi/tests/nested.abi.go:761.75,773.16 5 1
github.com/yihuang/go-abi/tests/nested.abi.go:773.16,775.3 1 0
github.com/yihuang/go-abi/tests/nested.abi.go:776.2,778.27 2 1
github.com/yihuang/go-abi/tests/nested.abi.go:782.66,784.47 2 1
github.com/yihuang/go-abi/tests/nested.abi.go:784.47,786.3 1 0
github.com/yihuang/go-abi/tests/nested.abi.go:787.2,787.17 1 1
github.com/yihuang/go-abi/tests/nested.abi.go:791.71,792.20 1 1
github.com/yihuang/go-abi/tests/nested.abi.go:792.20,794.3 1 0
github.com/yihuang/go-abi/tests/nested.abi.go:795.2,801.2 3 1
github.com/yihuang/go-abi/tests/nested.abi.go:801.2,803.30 2 1
github.com/yihuang/go-abi/tests/nested.abi.go:803.30,805.4 1 0
github.com/yihuang/go-abi/tests/nested.abi.go:806.3,807.17 2 1
github.com/yihuang/go-abi/tests/nested.abi.go:807.17,809.4 1 0
github.com/yihuang/go-abi/tests/nested.abi.go:810.3,810.21 1 1
github.com/yihuang/go-abi/tests/nested.abi.go:812.2,812.27 1 1
github.com/yihuang/go-abi/tests/nested.abi.go:821.68,824.50 3 0
github.com/yihuang/go-abi/tests/nested.abi.go:824.50,826.3 1 0
github.com/yihuang/go-abi/tests/nested.abi.go:827.2,827.20 1 0
github.com/yihuang/go-abi/tests/nested.abi.go:838.51,843.2 3 1
github.com/yihuang/go-abi/tests/nested.abi.go:846.71,858.16 5 1
github.com/yihuang/go-abi/tests/nested.abi.go:858.16,860.3 1 0
github.com/yihuang/go-abi/tests/nested.abi.go:861.2,863.27 2 1
github.com/yihuang/go-abi/tests/nested.abi.go:867.62,869.47 2 1
github.com/yihuang/go-abi/tests/nested.abi.go:869.47,871.3 1 0
github.com/yihuang/go-abi/tests/nested.abi.go:872.2,872.17 1 1
github.com/yihuang/go-abi/tests/nested.abi.go:876.67,877.20 1 1
github.com/yihuang/go-abi/tests/nested.abi.go:877.20,879.3 1 0
github.com/yihuang/go-abi/tests/nested.abi.go:880.2,886.2 3 1
github.com/yihuang/go-abi/tests/nested.abi.go:886.2,888.30 2 1
github.com/yihuang/go-abi/tests/nested.abi.go:888.30,890.4 1 0
github.com/yihuang/go-abi/tests/nested.abi.go:891.3,892.17 2 1
github.com/yihuang/go-abi/tests/nested.abi.go:892.17,894.4 1 0
github.com/yihuang/go-abi/tests/nested.abi.go:895.3,895.21 1 1
github.com/yihuang/go-abi/tests/nested.abi.go:897.2,897.27 1 1
github.com/yihuang/go-abi/tests/nested.abi.go:906.67,909.50 3 0
github.com/yihuang/go-abi/tests/nested.abi.go:909.50,911.3 1 0
github.com/yihuang/go-abi/tests/nested.abi.go:912.2,912.20 1 0
github.com/yihuang/go-abi/tests/nested.abi.go:923.50,928.2 3 1
github.com/yihuang/go-abi/tests/nested.abi.go:931.70,943.16 5 1
github.com/yihuang/go-abi/tests/nested.abi.go:943.16,945.3 1 0
github.com/yihuang/go-abi/tests/nested.abi.go:946.2,948.27 2 1
github.com/yihuang/go-abi/tests/nested.abi.go:952.61,954.47 2 1
github.com/yihuang/go-abi/tests/nested.abi.go:954.47,956.3 1 0
github.com/yihuang/go-abi/tests/nested.abi.go:957.2,957.17 1 1
github.com/yihuang/go-abi/tests/nested.abi.go:961.66,962.20 1 1
github.com/yihuang/go-abi/tests/nested.abi.go:962.20,964.3 1 0
github.com/yihuang/go-abi/tests/nested.abi.go:965.2,971.2 3 1
github.com/yihuang/go-abi/tests/nested.abi.go:971.2,973.30 2 1
github.com/yihuang/go-abi/tests/nested.abi.go:973.30,975.4 1 0
github.com/yihuang/go-abi/tests/nested.abi.go:976.3,977.17 2 1
github.com/yihuang/go-abi/tests/nested.abi.go:977.17,979.4 1 0
github.com/yihuang/go-abi/tests/nested.abi.go:980.3,980.21 1 1
github.com/yihuang/go-abi/tests/nested.abi.go:982.2,982.27 1 1
github.com/yihuang/go-abi/tests/nested.abi.go:991.70,994.50 3 0
github.com/yihuang/go-abi/tests/nested.abi.go:994.50,996.3 1 0
github.com/yihuang/go-abi/tests/nested.abi.go:997.2,997.20 1 0
github.com/yihuang/go-abi/tests/nested.abi.go:1010.53,1015.2 3 1
github.com/yihuang/go-abi/tests/nested.abi.go:1018.73,1026.68 3 1
github.com/yihuang/go-abi/tests/nested.abi.go:1026.68,1028.3 1 0
github.com/yihuang/go-abi/tests/nested.abi.go:1032.2,1035.16 3 1
github.com/yihuang/go-abi/tests/nested.abi.go:1035.16,1037.3 1 0
github.com/yihuang/go-abi/tests/nested.abi.go:1038.2,1041.66 2 1
github.com/yihuang/go-abi/tests/nested.abi.go:1041.66,1043.3 1 0
github.com/yihuang/go-abi/tests/nested.abi.go:1045.2,1045.27 1 1
github.com/yihuang/go-abi/tests/nested.abi.go:1049.64,1051.47 2 1
github.com/yihuang/go-abi/tests/nested.abi.go:1051.47,1053.3 1 0
github.com/yihuang/go-abi/tests/nested.abi.go:1054.2,1054.17 1 1
github.com/yihuang/go-abi/tests/nested.abi.go:1058.69,1059.20 1 1
github.com/yihuang/go-abi/tests/nested.abi.go:1059.20,1061.3 1 0
github.com/yihuang/go-abi/tests/nested.abi.go:1062.2,1069.16 4 1
github.com/yihuang/go-abi/tests/nested.abi.go:1069.16,1071.3 1 0
github.com/yihuang/go-abi/tests/nested.abi.go:1073.2,1075.30 2 1
github.com/yihuang/go-abi/tests/nested.abi.go:1075.30,1077.4 1 0
github.com/yihuang/go-abi/tests/nested.abi.go:1078.3,1079.17 2 1
github.com/yihuang/go-abi/tests/nested.abi.go:1079.17,1081.4 1 0
github.com/yihuang/go-abi/tests/nested.abi.go:1082.3,1082.21 1 1
github.com/yihuang/go-abi/tests/nested.abi.go:1085.2,1086.16 2 1
github.com/yihuang/go-abi/tests/nested.abi.go:1086.16,1088.3 1 0
github.com/yihuang/go-abi/tests/nested.abi.go:1089.2,1089.27 1 1
github.com/yihuang/go-abi/tests/nested.abi.go:1098.71,1101.50 3 0
github.com/yihuang/go-abi/tests/nested.abi.go:1101.50,1103.3 1 0
github.com/yihuang/go-abi/tests/nested.abi.go:1104.2,1104.20 1 0
github.com/yihuang/go-abi/tests/nested.abi.go:1115.54,1120.2 3 0
github.com/yihuang/go-abi/tests/nested.abi.go:1123.74,1135.16 5 0
github.com/yihuang/go-abi/tests/nested.abi.go:1135.16,1137.3 1 0
github.com/yihuang/go-abi/tests/nested.abi.go:1138.2,1140.27 2 0
github.com/yihuang/go-abi/tests/nested.abi.go:1144.65,1146.47 2 0
github.com/yihuang/go-abi/tests/nested.abi.go:1146.47,1148.3 1 0
github.com/yihuang/go-abi/tests/nested.abi.go:1149.2,1149.17 1 0
github.com/yihuang/go-abi/tests/nested.abi.go:1153.70,1154.20 1 0
github.com/yihuang/go-abi/tests/nested.abi.go:1154.20,1156.3 1 0
github.com/yihuang/go-abi/tests/nested.abi.go:1157.2,1163.2 3 0
github.com/yihuang/go-abi/tests/nested.abi.go:1163.2,1165.30 2 0
github.com/yihuang/go-abi/tests/nested.abi.go:1165.30,1167.4 1 0
github.com/yihuang/go-abi/tests/nested.abi.go:1168.3,1169.17 2 0
github.com/yihuang/go-abi/tests/nested.abi.go:1169.17,1171.4 1 0
github.com/yihuang/go-abi/tests/nested.abi.go:1172.3,1172.21 1 0
github.com/yihuang/go-abi/tests/nested.abi.go:1174.2,1174.27 1 0
github.com/yihuang/go-abi/tests/nested.abi.go:1183.65,1186.50 3 0
github.com/yihuang/go-abi/tests/nested.abi.go:1186.50,1188.3 1 0
github.com/yihuang/go-abi/tests/nested.abi.go:1189.2,1189.20 1 0
github.com/yihuang/go-abi/tests/nested.abi.go:1200.48,1204.2 2 1
github.com/yihuang/go-abi/tests/nested.abi.go:1207.68,1211.58 2 1
github.com/yihuang/go-abi/tests/nested.abi.go:1211.58,1213.3 1 0
github.com/yihuang/go-abi/tests/nested.abi.go:1215.2,1215.27 1 1
github.com/yihuang/go-abi/tests/nested.abi.go:1219.59,1221.47 2 1
github.com/yihuang/go-abi/tests/nested.abi.go:1221.47,1223.3 1 0
github.com/yihuang/go-abi/tests/nested.abi.go:1224.2,1224.17 1 1
github.com/yihuang/go-abi/tests/nested.abi.go:1228.64,1229.20 1 1
github.com/yihuang/go-abi/tests/nested.abi.go:1229.20,1231.3 1 0
github.com/yihuang/go-abi/tests/nested.abi.go:1232.2,1238.16 4 1
github.com/yihuang/go-abi/tests/nested.abi.go:1238.16,1240.3 1 0
github.com/yihuang/go-abi/tests/nested.abi.go:1241.2,1241.27 1 1
github.com/yihuang/go-abi/tests/nested.abi.go:1250.65,1253.50 3 0
github.com/yihuang/go-abi/tests/nested.abi.go:1253.50,1255.3 1 0
github.com/yihuang/go-abi/tests/nested.abi.go:1256.2,1256.20 1 0
github.com/yihuang/go-abi/tests/nested.abi.go:1267.48,1272.2 3 1
github.com/yihuang/go-abi/tests/nested.abi.go:1275.68,1287.16 5 1
github.com/yihuang/go-abi/tests/nested.abi.go:1287.16,1289.3 1 0
github.com/yihuang/go-abi/tests/nested.abi.go:1290.2,1292.27 2 1
github.com/yihuang/go-abi/tests/nested.abi.go:1296.59,1298.47 2 1
github.com/yihuang/go-abi/tests/nested.abi.go:1298.47,1300.3 1 0
github.com/yihuang/go-abi/tests/nested.abi.go:1301.2,1301.17 1 1
github.com/yihuang/go-abi/tests/nested.abi.go:1305.64,1306.20 1 1
github.com/yihuang/go-abi/tests/nested.abi.go:1306.20,1308.3 1 0
github.com/yihuang/go-abi/tests/nested.abi.go:1309.2,1315.2 3 1
github.com/yihuang/go-abi/tests/nested.abi.go:1315.2,1317.30 2 1
github.com/yihuang/go-abi/tests/nested.abi.go:1317.30,1319.4 1 0
github.com/yihuang/go-abi/tests/nested.abi.go:1320.3,1321.17 2 1
github.com/yihuang/go-abi/tests/nested.abi.go:1321.17,1323.4 1 0
github.com/yihuang/go-abi/tests/nested.abi.go:1324.3,1324.21 1 1
github.com/yihuang/go-abi/tests/nested.abi.go:1326.2,1326.27 1 1
github.com/yihuang/go-abi/tests/nested.abi.go:1335.71,1338.50 3 0
github.com/yihuang/go-abi/tests/nested.abi.go:1338.50,1340.3 1 0
github.com/yihuang/go-abi/tests/nested.abi.go:1341.2,1341.20 1 0
github.com/yihuang/go-abi/tests/nested.abi.go:1352.54,1357.2 3 1
github.com/yihuang/go-abi/tests/nested.abi.go:1360.74,1372.16 5 1
github.com/yihuang/go-abi/tests/nested.abi.go:1372.16,1374.3 1 0
github.com/yihuang/go-abi/tests/nested.abi.go:1375.2,1377.27 2 1
github.com/yihuang/go-abi/tests/nested.abi.go:1381.65,1383.47 2 1
github.com/yihuang/go-abi/tests/nested.abi.go:1383.47,1385.3 1 0
github.com/yihuang/go-abi/tests/nested.abi.go:1386.2,1386.17 1 1
github.com/yihuang/go-abi/tests/nested.abi.go:1390.70,1391.20 1 1
github.com/yihuang/go-abi/tests/nested.abi.go:1391.20,1393.3 1 0
github.com/yihuang/go-abi/tests/nested.abi.go:1394.2,1400.2 3 1
github.com/yihuang/go-abi/tests/nested.abi.go:1400.2,1402.30 2 1
github.com/yihuang/go-abi/tests/nested.abi.go:1402.30,1404.4 1 0
github.com/yihuang/go-abi/tests/nested.abi.go:1405.3,1406.17 2 1
github.com/yihuang/go-abi/tests/nested.abi.go:1406.17,1408.4 1 0
github.com/yihuang/go-abi/tests/nested.abi.go:1409.3,1409.21 1 1
github.com/yihuang/go-abi/tests/nested.abi.go:1411.2,1411.27 1 1
github.com/yihuang/go-abi/tests/nested.abi.go:1420.65,1423.50 3 0
github.com/yihuang/go-abi/tests/nested.abi.go:1423.50,1425.3 1 0
github.com/yihuang/go-abi/tests/nested.abi.go:1426.2,1426.20 1 0
github.com/yihuang/go-abi/tests/nested.abi.go:1437.48,1442.2 3 1
github.com/yihuang/go-abi/tests/nested.abi.go:1445.68,1457.16 5 1
github.com/yihuang/go-abi/tests/nested.abi.go:1457.16,1459.3 1 0
github.com/yihuang/go-abi/tests/nested.abi.go:1460.2,1462.27 2 1
github.com/yihuang/go-abi/tests/nested.abi.go:1466.59,1468.47 2 1
github.com/yihuang/go-abi/tests/nested.abi.go:1468.47,1470.3 1 0
github.com/yihuang/go-abi/tests/nested.abi.go:1471.2,1471.17 1 1
github.com/yihuang/go-abi/tests/nested.abi.go:1475.64,1476.20 1 1
github.com/yihuang/go-abi/tests/nested.abi.go:1476.20,1478.3 1 0
github.com/yihuang/go-abi/tests/nested.abi.go:1479.2,1485.2 3 1
github.com/yihuang/go-abi/tests/nested.abi.go:1485.2,1487.30 2 1
github.com/yihuang/go-abi/tests/nested.abi.go:1487.30,1489.4 1 0
github.com/yihuang/go-abi/tests/nested.abi.go:1490.3,1491.17 2 1
github.com/yihuang/go-abi/tests/nested.abi.go:1491.17,1493.4 1 0
github.com/yihuang/go-abi/tests/nested.abi.go:1494.3,1494.21 1 1
github.com/yihuang/go-abi/tests/nested.abi.go:1496.2,1496.27 1 1
github.com/yihuang/go-abi/tests/overload.abi.go:47.44,51.2 2 1
github.com/yihuang/go-abi/tests/overload.abi.go:54.64,58.64 2 1
github.com/yihuang/go-abi/tests/overload.abi.go:58.64,60.3 1 0
github.com/yihuang/go-abi/tests/overload.abi.go:63.2,63.69 1 1
github.com/yihuang/go-abi/tests/overload.abi.go:63.69,65.3 1 0
github.com/yihuang/go-abi/tests/overload.abi.go:67.2,67.27 1 1
github.com/yihuang/go-abi/tests/overload.abi.go:71.55,73.47 2 1
github.com/yihuang/go-abi/tests/overload.abi.go:73.47,75.3 1 0
github.com/yihuang/go-abi/tests/overload.abi.go:76.2,76.17 1 1
github.com/yihuang/go-abi/tests/overload.abi.go:80.60,81.20 1 1
github.com/yihuang/go-abi/tests/overload.abi.go:81.20,83.3 1 1
github.com/yihuang/go-abi/tests/overload.abi.go:84.2,90.16 4 1
github.com/yihuang/go-abi/tests/overload.abi.go:90.16,92.3 1 0
github.com/yihuang/go-abi/tests/overload.abi.go:94.2,95.16 2 1
github.com/yihuang/go-abi/tests/overload.abi.go:95.16,97.3 1 0
github.com/yihuang/go-abi/tests/overload.abi.go:98.2,98.27 1 1
github.com/yihuang/go-abi/tests/overload.abi.go:102.63,105.50 3 1
github.com/yihuang/go-abi/tests/overload.abi.go:105.50,107.3 1 0
github.com/yihuang/go-abi/tests/overload.abi.go:108.2,108.20 1 1
github.com/yihuang/go-abi/tests/overload.abi.go:119.46,123.2 2 0
github.com/yihuang/go-abi/tests/overload.abi.go:126.66,130.65 2 0
github.com/yihuang/go-abi/tests/overload.abi.go:130.65,132.3 1 0
github.com/yihuang/go-abi/tests/overload.abi.go:134.2,134.27 1 0
github.com/yihuang/go-abi/tests/overload.abi.go:138.57,140.47 2 0
github.com/yihuang/go-abi/tests/overload.abi.go:140.47,142.3 1 0
github.com/yihuang/go-abi/tests/overload.abi.go:143.2,143.17 1 0
github.com/yihuang/go-abi/tests/overload.abi.go:147.62,148.20 1 0
github.com/yihuang/go-abi/tests/overload.abi.go:148.20,150.3 1 0
github.com/yihuang/go-abi/tests/overload.abi.go:151.2,157.16 4 0
github.com/yihuang/go-abi/tests/overload.abi.go:157.16,159.3 1 0
github.com/yihuang/go-abi/tests/overload.abi.go:160.2,160.27 1 0
github.com/yihuang/go-abi/tests/overload.abi.go:173.45,177.2 2 0
github.com/yihuang/go-abi/tests/overload.abi.go:180.65,184.66 2 0
github.com/yihuang/go-abi/tests/overload.abi.go:184.66,186.3 1 0
github.com/yihuang/go-abi/tests/overload.abi.go:189.2,189.65 1 0
github.com/yihuang/go-abi/tests/overload.abi.go:189.65,191.3 1 0
github.com/yihuang/go-abi/tests/overload.abi.go:194.2,194.69 1 0
github.com/yihuang/go-abi/tests/overload.abi.go:194.69,196.3 1 0
github.com/yihuang/go-abi/tests/overload.abi.go:198.2,198.27 1 0
github.com/yihuang/go-abi/tests/overload.abi.go:202.56,204.47 2 0
github.com/yihuang/go-abi/tests/overload.abi.go:204.47,206.3 1 0
github.com/yihuang/go-abi/tests/overload.abi.go:207.2,207.17 1 0
github.com/yihuang/go-abi/tests/overload.abi.go:211.61,212.20 1 0
github.com/yihuang/go-abi/tests/overload.abi.go:212.20,214.3 1 0
github.com/yihuang/go-abi/tests/overload.abi.go:215.2,221.16 4 0
github.com/yihuang/go-abi/tests/overload.abi.go:221.16,223.3 1 0
github.com/yihuang/go-abi/tests/overload.abi.go:225.2,226.16 2 0
github.com/yihuang/go-abi/tests/overload.abi.go:226.16,228.3 1 0
github.com/yihuang/go-abi/tests/overload.abi.go:230.2,231.16 2 0
github.com/yihuang/go-abi/tests/overload.abi.go:231.16,233.3 1 0
github.com/yihuang/go-abi/tests/overload.abi.go:234.2,234.27 1 0
github.com/yihuang/go-abi/tests/overload.abi.go:238.64,241.50 3 0
github.com/yihuang/go-abi/tests/overload.abi.go:241.50,243.3 1 0
github.com/yihuang/go-abi/tests/overload.abi.go:244.2,244.20 1 0
github.com/yihuang/go-abi/tests/overload.abi.go:255.47,259.2 2 0
github.com/yihuang/go-abi/tests/overload.abi.go:262.67,266.65 2 0
github.com/yihuang/go-abi/tests/overload.abi.go:266.65,268.3 1 0
github.com/yihuang/go-abi/tests/overload.abi.go:270.2,270.27 1 0
github.com/yihuang/go-abi/tests/overload.abi.go:274.58,276.47 2 0
github.com/yihuang/go-abi/tests/overload.abi.go:276.47,278.3 1 0
github.com/yihuang/go-abi/tests/overload.abi.go:279.2,279.17 1 0
github.com/yihuang/go-abi/tests/overload.abi.go:283.63,284.20 1 0
github.com/yihuang/go-abi/tests/overload.abi.go:284.20,286.3 1 0
github.com/yihuang/go-abi/tests/overload.abi.go:287.2,293.16 4 0
github.com/yihuang/go-abi/tests/overload.abi.go:293.16,295.3 1 0
github.com/yihuang/go-abi/tests/overload.abi.go:296.2,296.27 1 0
github.com/yihuang/go-abi/tests/overload.abi.go:310.45,315.2 3 1
github.com/yihuang/go-abi/tests/overload.abi.go:318.65,326.66 3 1
github.com/yihuang/go-abi/tests/overload.abi.go:326.66,328.3 1 0
github.com/yihuang/go-abi/tests/overload.abi.go:331.2,331.65 1 1
github.com/yihuang/go-abi/tests/overload.abi.go:331.65,333.3 1 0
github.com/yihuang/go-abi/tests/overload.abi.go:336.2,336.69 1 1
github.com/yihuang/go-abi/tests/overload.abi.go:336.69,338.3 1 0
github.com/yihuang/go-abi/tests/overload.abi.go:342.2,345.16 3 1
github.com/yihuang/go-abi/tests/overload.abi.go:345.16,347.3 1 0
github.com/yihuang/go-abi/tests/overload.abi.go:348.2,350.27 2 1
github.com/yihuang/go-abi/tests/overload.abi.go:354.56,356.47 2 1
github.com/yihuang/go-abi/tests/overload.abi.go:356.47,358.3 1 0
github.com/yihuang/go-abi/tests/overload.abi.go:359.2,359.17 1 1
github.com/yihuang/go-abi/tests/overload.abi.go:363.61,364.21 1 1
github.com/yihuang/go-abi/tests/overload.abi.go:364.21,366.3 1 1
github.com/yihuang/go-abi/tests/overload.abi.go:367.2,374.16 4 1
github.com/yihuang/go-abi/tests/overload.abi.go:374.16,376.3 1 0
github.com/yihuang/go-abi/tests/overload.abi.go:378.2,379.16 2 1
github.com/yihuang/go-abi/tests/overload.abi.go:379.16,381.3 1 0
github.com/yihuang/go-abi/tests/overload.abi.go:383.2,384.16 2 1
github.com/yihuang/go-abi/tests/overload.abi.go:384.16,386.3 1 0
github.com/yihuang/go-abi/tests/overload.abi.go:388.2,390.30 2 1
github.com/yihuang/go-abi/tests/overload.abi.go:390.30,392.4 1 0
github.com/yihuang/go-abi/tests/overload.abi.go:393.3,394.17 2 1
github.com/yihuang/go-abi/tests/overload.abi.go:394.17,396.4 1 1
github.com/yihuang/go-abi/tests/overload.abi.go:397.3,397.21 1 1
github.com/yihuang/go-abi/tests/overload.abi.go:399.2,399.27 1 1
github.com/yihuang/go-abi/tests/overload.abi.go:403.64,406.50 3 1
github.com/yihuang/go-abi/tests/overload.abi.go:406.50,408.3 1 0
github.com/yihuang/go-abi/tests/overload.abi.go:409.2,409.20 1 1
github.com/yihuang/go-abi/tests/overload.abi.go:420.47,424.2 2 0
github.com/yihuang/go-abi/tests/overload.abi.go:427.67,431.65 2 0
github.com/yihuang/go-abi/tests/overload.abi.go:431.65,433.3 1 0
github.com/yihuang/go-abi/tests/overload.abi.go:435.2,435.27 1 0
github.com/yihuang/go-abi/tests/overload.abi.go:439.58,441.47 2 0
github.com/yihuang/go-abi/tests/overload.abi.go:441.47,443.3 1 0
github.com/yihuang/go-abi/tests/overload.abi.go:444.2,444.17 1 0
github.com/yihuang/go-abi/tests/overload.abi.go:448.63,449.20 1 0
github.com/yihuang/go-abi/tests/overload.abi.go:449.20,451.3 1 0
github.com/yihuang/go-abi/tests/overload.abi.go:452.2,458.16 4 0
github.com/yihuang/go-abi/tests/overload.abi.go:458.16,460.3 1 0
github.com/yihuang/go-abi/tests/overload.abi.go:461.2,461.27 1 0
github.com/yihuang/go-abi/tests/overload.abi.go:472.44,476.2 2 0
github.com/yihuang/go-abi/tests/overload.abi.go:479.64,483.69 2 0
github.com/yihuang/go-abi/tests/overload.abi.go:483.69,485.3 1 0
github.com/yihuang/go-abi/tests/overload.abi.go:487.2,487.27 1 0
github.com/yihuang/go-abi/tests/overload.abi.go:491.55,493.47 2 0
github.com/yihuang/go-abi/tests/overload.abi.go:493.47,495.3 1 0
github.com/yihuang/go-abi/tests/overload.abi.go:496.2,496.17 1 0
github.com/yihuang/go-abi/tests/overload.abi.go:500.60,501.20 1 0
github.com/yihuang/go-abi/tests/overload.abi.go:501.20,503.3 1 0
github.com/yihuang/go-abi/tests/overload.abi.go:504.2,510.16 4 0
github.com/yihuang/go-abi/tests/overload.abi.go:510.16,512.3 1 0
github.com/yihuang/go-abi/tests/overload.abi.go:513.2,513.27 1 0
github.com/yihuang/go-abi/tests/overload.abi.go:517.63,520.50 3 0
github.com/yihuang/go-abi/tests/overload.abi.go:520.50,522.3 1 0
github.com/yihuang/go-abi/tests/overload.abi.go:523.2,523.20 1 0
github.com/yihuang/go-abi/tests/overload.abi.go:534.46,538.2 2 0
github.com/yihuang/go-abi/tests/overload.abi.go:541.66,545.68 2 0
github.com/yihuang/go-abi/tests/overload.abi.go:545.68,547.3 1 0
github.com/yihuang/go-abi/tests/overload.abi.go:549.2,549.27 1 0
github.com/yihuang/go-abi/tests/overload.abi.go:553.57,555.47 2 0
github.com/yihuang/go-abi/tests/overload.abi.go:555.47,557.3 1 0
github.com/yihuang/go-abi/tests/overload.abi.go:558.2,558.17 1 0
github.com/yihuang/go-abi/tests/overload.abi.go:562.62,563.20 1 0
github.com/yihuang/go-abi/tests/overload.abi.go:563.20,565.3 1 0
github.com/yihuang/go-abi/tests/overload.abi.go:566.2,572.16 4 0
github.com/yihuang/go-abi/tests/overload.abi.go:572.16,574.3 1 0
github.com/yihuang/go-abi/tests/overload.abi.go:575.2,575.27 1 0
github.com/yihuang/go-abi/tests/overload.abi.go:584.64,587.50 3 0
github.com/yihuang/go-abi/tests/overload.abi.go:587.50,589.3 1 0
github.com/yihuang/go-abi/tests/overload.abi.go:590.2,590.20 1 0
github.com/yihuang/go-abi/tests/overload.abi.go:601.47,605.2 2 0
github.com/yihuang/go-abi/tests/overload.abi.go:608.67,612.68 2 0
github.com/yihuang/go-abi/tests/overload.abi.go:612.68,614.3 1 0
github.com/yihuang/go-abi/tests/overload.abi.go:616.2,616.27 1 0
github.com/yihuang/go-abi/tests/overload.abi.go:620.58,622.47 2 0
github.com/yihuang/go-abi/tests/overload.abi.go:622.47,624.3 1 0
github.com/yihuang/go-abi/tests/overload.abi.go:625.2,625.17 1 0
github.com/yihuang/go-abi/tests/overload.abi.go:629.63,630.20 1 0
github.com/yihuang/go-abi/tests/overload.abi.go:630.20,632.3 1 0
github.com/yihuang/go-abi/tests/overload.abi.go:633.2,639.16 4 0
github.com/yihuang/go-abi/tests/overload.abi.go:639.16,641.3 1 0
github.com/yihuang/go-abi/tests/overload.abi.go:642.2,642.27 1 0
github.com/yihuang/go-abi/tests/test.abi.go:70.42,75.2 3 0
github.com/yihuang/go-abi/tests/test.abi.go:78.62,90.16 5 0
github.com/yihuang/go-abi/tests/test.abi.go:90.16,92.3 1 0
github.com/yihuang/go-abi/tests/test.abi.go:93.2,96.69 2 0
github.com/yihuang/go-abi/tests/test.abi.go:96.69,98.3 1 0
github.com/yihuang/go-abi/tests/test.abi.go:100.2,100.27 1 0
github.com/yihuang/go-abi/tests/test.abi.go:104.53,106.47 2 0
github.com/yihuang/go-abi/tests/test.abi.go:106.47,108.3 1 0
github.com/yihuang/go-abi/tests/test.abi.go:109.2,109.17 1 0
github.com/yihuang/go-abi/tests/test.abi.go:113.58,114.20 1 0
github.com/yihuang/go-abi/tests/test.abi.go:114.20,116.3 1 0
github.com/yihuang/go-abi/tests/test.abi.go:117.2,123.2 3 0
github.com/yihuang/go-abi/tests/test.abi.go:123.2,125.30 2 0
github.com/yihuang/go-abi/tests/test.abi.go:125.30,127.4 1 0
github.com/yihuang/go-abi/tests/test.abi.go:128.3,129.17 2 0
github.com/yihuang/go-abi/tests/test.abi.go:129.17,131.4 1 0
github.com/yihuang/go-abi/tests/test.abi.go:132.3,132.21 1 0
github.com/yihuang/go-abi/tests/test.abi.go:135.2,136.16 2 0
github.com/yihuang/go-abi/tests/test.abi.go:136.16,138.3 1 0
github.com/yihuang/go-abi/tests/test.abi.go:139.2,139.27 1 0
github.com/yihuang/go-abi/tests/test.abi.go:152.33,157.2 3 1
github.com/yihuang/go-abi/tests/test.abi.go:160.53,168.69 3 1
github.com/yihuang/go-abi/tests/test.abi.go:168.69,170.3 1 0
github.com/yihuang/go-abi/tests/test.abi.go:174.2,177.16 3 1
github.com/yihuang/go-abi/tests/test.abi.go:177.16,179.3 1 0
github.com/yihuang/go-abi/tests/test.abi.go:180.2,183.66 2 1
github.com/yihuang/go-abi/tests/test.abi.go:183.66,185.3 1 0
github.com/yihuang/go-abi/tests/test.abi.go:187.2,187.27 1 1
github.com/yihuang/go-abi/tests/test.abi.go:191.44,193.47 2 0
github.com/yihuang/go-abi/tests/test.abi.go:193.47,195.3 1 0
github.com/yihuang/go-abi/tests/test.abi.go:196.2,196.17 1 0
github.com/yihuang/go-abi/tests/test.abi.go:200.49,201.20 1 1
github.com/yihuang/go-abi/tests/test.abi.go:201.20,203.3 1 1
github.com/yihuang/go-abi/tests/test.abi.go:204.2,211.16 4 1
github.com/yihuang/go-abi/tests/test.abi.go:211.16,213.3 1 0
github.com/yihuang/go-abi/tests/test.abi.go:215.2,217.30 2 1
github.com/yihuang/go-abi/tests/test.abi.go:217.30,219.4 1 0
github.com/yihuang/go-abi/tests/test.abi.go:220.3,221.17 2 1
github.com/yihuang/go-abi/tests/test.abi.go:221.17,223.4 1 1
github.com/yihuang/go-abi/tests/test.abi.go:224.3,224.21 1 1
github.com/yihuang/go-abi/tests/test.abi.go:227.2,228.16 2 1
github.com/yihuang/go-abi/tests/test.abi.go:228.16,230.3 1 0
github.com/yihuang/go-abi/tests/test.abi.go:231.2,231.27 1 1
github.com/yihuang/go-abi/tests/test.abi.go:243.37,248.2 3 1
github.com/yihuang/go-abi/tests/test.abi.go:251.57,259.64 3 1
github.com/yihuang/go-abi/tests/test.abi.go:259.64,261.3 1 0
github.com/yihuang/go-abi/tests/test.abi.go:265.2,268.16 3 1
github.com/yihuang/go-abi/tests/test.abi.go:268.16,270.3 1 0
github.com/yihuang/go-abi/tests/test.abi.go:271.2,273.27 2 1
github.com/yihuang/go-abi/tests/test.abi.go:277.48,279.47 2 0
github.com/yihuang/go-abi/tests/test.abi.go:279.47,281.3 1 0
github.com/yihuang/go-abi/tests/test.abi.go:282.2,282.17 1 0
github.com/yihuang/go-abi/tests/test.abi.go:286.53,287.20 1 1
github.com/yihuang/go-abi/tests/test.abi.go:287.20,289.3 1 1
github.com/yihuang/go-abi/tests/test.abi.go:290.2,297.16 4 1
github.com/yihuang/go-abi/tests/test.abi.go:297.16,299.3 1 0
github.com/yihuang/go-abi/tests/test.abi.go:301.2,303.30 2 1
github.com/yihuang/go-abi/tests/test.abi.go:303.30,305.4 1 0
github.com/yihuang/go-abi/tests/test.abi.go:306.3,307.17 2 1
github.com/yihuang/go-abi/tests/test.abi.go:307.17,309.4 1 1
github.com/yihuang/go-abi/tests/test.abi.go:310.3,310.21 1 1
github.com/yihuang/go-abi/tests/test.abi.go:312.2,312.27 1 1
github.com/yihuang/go-abi/tests/test.abi.go:324.41,329.2 3 1
github.com/yihuang/go-abi/tests/test.abi.go:332.61,340.65 3 1
github.com/yihuang/go-abi/tests/test.abi.go:340.65,342.3 1 0
github.com/yihuang/go-abi/tests/test.abi.go:346.2,349.16 3 1
github.com/yihuang/go-abi/tests/test.abi.go:349.16,351.3 1 0
github.com/yihuang/go-abi/tests/test.abi.go:352.2,354.27 2 1
github.com/yihuang/go-abi/tests/test.abi.go:358.52,360.47 2 0
github.com/yihuang/go-abi/tests/test.abi.go:360.47,362.3 1 0
github.com/yihuang/go-abi/tests/test.abi.go:363.2,363.17 1 0
github.com/yihuang/go-abi/tests/test.abi.go:367.57,368.20 1 1
github.com/yihuang/go-abi/tests/test.abi.go:368.20,370.3 1 1
github.com/yihuang/go-abi/tests/test.abi.go:371.2,378.16 4 1
github.com/yihuang/go-abi/tests/test.abi.go:378.16,380.3 1 0
github.com/yihuang/go-abi/tests/test.abi.go:382.2,384.30 2 1
github.com/yihuang/go-abi/tests/test.abi.go:384.30,386.4 1 0
github.com/yihuang/go-abi/tests/test.abi.go:387.3,388.17 2 1
github.com/yihuang/go-abi/tests/test.abi.go:388.17,390.4 1 1
github.com/yihuang/go-abi/tests/test.abi.go:391.3,391.21 1 1
github.com/yihuang/go-abi/tests/test.abi.go:393.2,393.27 1 1
github.com/yihuang/go-abi/tests/test.abi.go:397.82,399.64 1 0
github.com/yihuang/go-abi/tests/test.abi.go:399.64,401.3 1 0
github.com/yihuang/go-abi/tests/test.abi.go:402.2,402.65 1 0
github.com/yihuang/go-abi/tests/test.abi.go:402.65,404.3 1 0
github.com/yihuang/go-abi/tests/test.abi.go:405.2,405.65 1 0
github.com/yihuang/go-abi/tests/test.abi.go:405.65,407.3 1 0
github.com/yihuang/go-abi/tests/test.abi.go:408.2,408.65 1 0
github.com/yihuang/go-abi/tests/test.abi.go:408.65,410.3 1 0
github.com/yihuang/go-abi/tests/test.abi.go:411.2,411.66 1 0
github.com/yihuang/go-abi/tests/test.abi.go:411.66,413.3 1 0
github.com/yihuang/go-abi/tests/test.abi.go:414.2,414.66 1 0
github.com/yihuang/go-abi/tests/test.abi.go:414.66,416.3 1 0
github.com/yihuang/go-abi/tests/test.abi.go:417.2,417.66 1 0
github.com/yihuang/go-abi/tests/test.abi.go:417.66,419.3 1 0
github.com/yihuang/go-abi/tests/test.abi.go:420.2,420.66 1 0
github.com/yihuang/go-abi/tests/test.abi.go:420.66,422.3 1 0
github.com/yihuang/go-abi/tests/test.abi.go:423.2,423.66 1 0
github.com/yihuang/go-abi/tests/test.abi.go:423.66,425.3 1 0
github.com/yihuang/go-abi/tests/test.abi.go:426.2,426.66 1 0
github.com/yihuang/go-abi/tests/test.abi.go:426.66,428.3 1 0
github.com/yihuang/go-abi/tests/test.abi.go:430.2,430.17 1 0
github.com/yihuang/go-abi/tests/test.abi.go:434.83,442.29 5 0
github.com/yihuang/go-abi/tests/test.abi.go:442.29,449.17 4 0
github.com/yihuang/go-abi/tests/test.abi.go:449.17,451.4 1 0
github.com/yihuang/go-abi/tests/test.abi.go:452.3,452.21 1 0
github.com/yihuang/go-abi/tests/test.abi.go:455.2,455.32 1 0
github.com/yihuang/go-abi/tests/test.abi.go:459.76,461.64 1 0
github.com/yihuang/go-abi/tests/test.abi.go:461.64,463.3 1 0
github.com/yihuang/go-abi/tests/test.abi.go:464.2,464.65 1 0
github.com/yihuang/go-abi/tests/test.abi.go:464.65,466.3 1 0
github.com/yihuang/go-abi/tests/test.abi.go:467.2,467.65 1 0
github.com/yihuang/go-abi/tests/test.abi.go:467.65,469.3 1 0
github.com/yihuang/go-abi/tests/test.abi.go:470.2,470.65 1 0
github.com/yihuang/go-abi/tests/test.abi.go:470.65,472.3 1 0
github.com/yihuang/go-abi/tests/test.abi.go:473.2,473.66 1 0
github.com/yihuang/go-abi/tests/test.abi.go:473.66,475.3 1 0
github.com/yihuang/go-abi/tests/test.abi.go:476.2,476.66 1 0
github.com/yihuang/go-abi/tests/test.abi.go:476.66,478.3 1 0
github.com/yihuang/go-abi/tests/test.abi.go:479.2,479.66 1 0
github.com/yihuang/go-abi/tests/test.abi.go:479.66,481.3 1 0
github.com/yihuang/go-abi/tests/test.abi.go:482.2,482.66 1 0
github.com/yihuang/go-abi/tests/test.abi.go:482.66,484.3 1 0
github.com/yihuang/go-abi/tests/test.abi.go:485.2,485.66 1 0
github.com/yihuang/go-abi/tests/test.abi.go:485.66,487.3 1 0
github.com/yihuang/go-abi/tests/test.abi.go:488.2,488.66 1 0
github.com/yihuang/go-abi/tests/test.abi.go:488.66,490.3 1 0
github.com/yihuang/go-abi/tests/test.abi.go:492.2,492.17 1 0
github.com/yihuang/go-abi/tests/test.abi.go:496.73,504.29 5 1
github.com/yihuang/go-abi/tests/test.abi.go:504.29,511.17 4 1
github.com/yihuang/go-abi/tests/test.abi.go:511.17,513.4 1 0
github.com/yihuang/go-abi/tests/test.abi.go:514.3,514.21 1 1
github.com/yihuang/go-abi/tests/test.abi.go:517.2,517.32 1 1
github.com/yihuang/go-abi/tests/test.abi.go:521.60,523.29 2 0
github.com/yihuang/go-abi/tests/test.abi.go:523.29,525.3 1 0
github.com/yihuang/go-abi/tests/test.abi.go:526.2,526.13 1 0
github.com/yihuang/go-abi/tests/test.abi.go:530.50,532.29 2 1
github.com/yihuang/go-abi/tests/test.abi.go:532.29,534.3 1 1
github.com/yihuang/go-abi/tests/test.abi.go:535.2,535.13 1 1
github.com/yihuang/go-abi/tests/test.abi.go:539.77,545.21 2 0
github.com/yihuang/go-abi/tests/test.abi.go:545.21,547.3 1 0
github.com/yihuang/go-abi/tests/test.abi.go:549.2,550.16 2 0
github.com/yihuang/go-abi/tests/test.abi.go:550.16,552.3 1 0
github.com/yihuang/go-abi/tests/test.abi.go:554.2,555.16 2 0
github.com/yihuang/go-abi/tests/test.abi.go:555.16,557.3 1 0
github.com/yihuang/go-abi/tests/test.abi.go:559.2,560.16 2 0
github.com/yihuang/go-abi/tests/test.abi.go:560.16,562.3 1 0
github.com/yihuang/go-abi/tests/test.abi.go:564.2,565.16 2 0
github.com/yihuang/go-abi/tests/test.abi.go:565.16,567.3 1 0
github.com/yihuang/go-abi/tests/test.abi.go:569.2,570.16 2 0
github.com/yihuang/go-abi/tests/test.abi.go:570.16,572.3 1 0
github.com/yihuang/go-abi/tests/test.abi.go:574.2,575.16 2 0
github.com/yihuang/go-abi/tests/test.abi.go:575.16,577.3 1 0
github.com/yihuang/go-abi/tests/test.abi.go:579.2,580.16 2 0
github.com/yihuang/go-abi/tests/test.abi.go:580.16,582.3 1 0
github.com/yihuang/go-abi/tests/test.abi.go:584.2,585.16 2 0
github.com/yihuang/go-abi/tests/test.abi.go:585.16,587.3 1 0
github.com/yihuang/go-abi/tests/test.abi.go:589.2,590.16 2 0
github.com/yihuang/go-abi/tests/test.abi.go:590.16,592.3 1 0
github.com/yihuang/go-abi/tests/test.abi.go:594.2,595.16 2 0
github.com/yihuang/go-abi/tests/test.abi.go:595.16,597.3 1 0
github.com/yihuang/go-abi/tests/test.abi.go:598.2,598.25 1 0
github.com/yihuang/go-abi/tests/test.abi.go:602.78,605.20 2 0
github.com/yihuang/go-abi/tests/test.abi.go:605.20,607.3 1 0
github.com/yihuang/go-abi/tests/test.abi.go:608.2,609.27 2 0
github.com/yihuang/go-abi/tests/test.abi.go:609.27,611.3 1 0
github.com/yihuang/go-abi/tests/test.abi.go:612.2,620.30 4 0
github.com/yihuang/go-abi/tests/test.abi.go:620.30,623.27 3 0
github.com/yihuang/go-abi/tests/test.abi.go:623.27,625.4 1 0
github.com/yihuang/go-abi/tests/test.abi.go:626.3,627.17 2 0
github.com/yihuang/go-abi/tests/test.abi.go:627.17,629.4 1 0
github.com/yihuang/go-abi/tests/test.abi.go:630.3,630.21 1 0
github.com/yihuang/go-abi/tests/test.abi.go:632.2,632.40 1 0
github.com/yihuang/go-abi/tests/test.abi.go:636.71,642.21 2 0
github.com/yihuang/go-abi/tests/test.abi.go:642.21,644.3 1 0
github.com/yihuang/go-abi/tests/test.abi.go:646.2,647.16 2 0
github.com/yihuang/go-abi/tests/test.abi.go:647.16,649.3 1 0
github.com/yihuang/go-abi/tests/test.abi.go:651.2,652.16 2 0
github.com/yihuang/go-abi/tests/test.abi.go:652.16,654.3 1 0
github.com/yihuang/go-abi/tests/test.abi.go:656.2,657.16 2 0
github.com/yihuang/go-abi/tests/test.abi.go:657.16,659.3 1 0
github.com/yihuang/go-abi/tests/test.abi.go:661.2,662.16 2 0
github.com/yihuang/go-abi/tests/test.abi.go:662.16,664.3 1 0
github.com/yihuang/go-abi/tests/test.abi.go:666.2,667.16 2 0
github.com/yihuang/go-abi/tests/test.abi.go:667.16,669.3 1 0
github.com/yihuang/go-abi/tests/test.abi.go:671.2,672.16 2 0
github.com/yihuang/go-abi/tests/test.abi.go:672.16,674.3 1 0
github.com/yihuang/go-abi/tests/test.abi.go:676.2,677.16 2 0
github.com/yihuang/go-abi/tests/test.abi.go:677.16,679.3 1 0
github.com/yihuang/go-abi/tests/test.abi.go:681.2,682.16 2 0
github.com/yihuang/go-abi/tests/test.abi.go:682.16,684.3 1 0
github.com/yihuang/go-abi/tests/test.abi.go:686.2,687.16 2 0
github.com/yihuang/go-abi/tests/test.abi.go:687.16,689.3 1 0
github.com/yihuang/go-abi/tests/test.abi.go:691.2,692.16 2 0
github.com/yihuang/go-abi/tests/test.abi.go:692.16,694.3 1 0
github.com/yihuang/go-abi/tests/test.abi.go:695.2,695.25 1 0
github.com/yihuang/go-abi/tests/test.abi.go:699.68,702.20 2 1
github.com/yihuang/go-abi/tests/test.abi.go:702.20,704.3 1 1
github.com/yihuang/go-abi/tests/test.abi.go:705.2,706.27 2 1
github.com/yihuang/go-abi/tests/test.abi.go:706.27,708.3 1 1
github.com/yihuang/go-abi/tests/test.abi.go:709.2,717.30 4 1
github.com/yihuang/go-abi/tests/test.abi.go:717.30,720.27 3 1
github.com/yihuang/go-abi/tests/test.abi.go:720.27,722.4 1 0
github.com/yihuang/go-abi/tests/test.abi.go:723.3,724.17 2 1
github.com/yihuang/go-abi/tests/test.abi.go:724.17,726.4 1 1
github.com/yihuang/go-abi/tests/test.abi.go:727.3,727.21 1 1
github.com/yihuang/go-abi/tests/test.abi.go:729.2,729.40 1 1
github.com/yihuang/go-abi/tests/test.abi.go:740.42,744.2 2 0
github.com/yihuang/go-abi/tests/test.abi.go:747.62,751.69 2 0
github.com/yihuang/go-abi/tests/test.abi.go:751.69,753.3 1 0
github.com/yihuang/go-abi/tests/test.abi.go:755.2,755.27 1 0
github.com/yihuang/go-abi/tests/test.abi.go:759.53,761.47 2 0
github.com/yihuang/go-abi/tests/test.abi.go:761.47,763.3 1 0
github.com/yihuang/go-abi/tests/test.abi.go:764.2,764.17 1 0
github.com/yihuang/go-abi/tests/test.abi.go:768.58,769.20 1 0
github.com/yihuang/go-abi/tests/test.abi.go:769.20,771.3 1 0
github.com/yihuang/go-abi/tests/test.abi.go:772.2,778.16 4 0
github.com/yihuang/go-abi/tests/test.abi.go:778.16,780.3 1 0
github.com/yihuang/go-abi/tests/test.abi.go:781.2,781.27 1 0
github.com/yihuang/go-abi/tests/test.abi.go:785.61,788.50 3 0
github.com/yihuang/go-abi/tests/test.abi.go:788.50,790.3 1 0
github.com/yihuang/go-abi/tests/test.abi.go:791.2,791.20 1 0
github.com/yihuang/go-abi/tests/test.abi.go:802.44,806.2 2 0
github.com/yihuang/go-abi/tests/test.abi.go:809.64,813.68 2 0
github.com/yihuang/go-abi/tests/test.abi.go:813.68,815.3 1 0
github.com/yihuang/go-abi/tests/test.abi.go:817.2,817.27 1 0
github.com/yihuang/go-abi/tests/test.abi.go:821.55,823.47 2 0
github.com/yihuang/go-abi/tests/test.abi.go:823.47,825.3 1 0
github.com/yihuang/go-abi/tests/test.abi.go:826.2,826.17 1 0
github.com/yihuang/go-abi/tests/test.abi.go:830.60,831.20 1 0
github.com/yihuang/go-abi/tests/test.abi.go:831.20,833.3 1 0
github.com/yihuang/go-abi/tests/test.abi.go:834.2,840.16 4 0
github.com/yihuang/go-abi/tests/test.abi.go:840.16,842.3 1 0
github.com/yihuang/go-abi/tests/test.abi.go:843.2,843.27 1 0
github.com/yihuang/go-abi/tests/test.abi.go:854.45,859.2 3 1
github.com/yihuang/go-abi/tests/test.abi.go:862.65,874.16 5 1
github.com/yihuang/go-abi/tests/test.abi.go:874.16,876.3 1 0
github.com/yihuang/go-abi/tests/test.abi.go:877.2,879.27 2 1
github.com/yihuang/go-abi/tests/test.abi.go:883.56,885.47 2 1
github.com/yihuang/go-abi/tests/test.abi.go:885.47,887.3 1 0
github.com/yihuang/go-abi/tests/test.abi.go:888.2,888.17 1 1
github.com/yihuang/go-abi/tests/test.abi.go:892.61,893.20 1 1
github.com/yihuang/go-abi/tests/test.abi.go:893.20,895.3 1 1
github.com/yihuang/go-abi/tests/test.abi.go:896.2,902.2 3 1
github.com/yihuang/go-abi/tests/test.abi.go:902.2,904.30 2 1
github.com/yihuang/go-abi/tests/test.abi.go:904.30,906.4 1 0
github.com/yihuang/go-abi/tests/test.abi.go:907.3,908.17 2 1
github.com/yihuang/go-abi/tests/test.abi.go:908.17,910.4 1 1
github.com/yihuang/go-abi/tests/test.abi.go:911.3,911.21 1 1
github.com/yihuang/go-abi/tests/test.abi.go:913.2,913.27 1 1
github.com/yihuang/go-abi/tests/test.abi.go:917.64,920.50 3 1
github.com/yihuang/go-abi/tests/test.abi.go:920.50,922.3 1 0
github.com/yihuang/go-abi/tests/test.abi.go:923.2,923.20 1 1
github.com/yihuang/go-abi/tests/test.abi.go:934.47,938.2 2 0
github.com/yihuang/go-abi/tests/test.abi.go:941.67,945.65 2 0
github.com/yihuang/go-abi/tests/test.abi.go:945.65,947.3 1 0
github.com/yihuang/go-abi/tests/test.abi.go:949.2,949.27 1 0
github.com/yihuang/go-abi/tests/test.abi.go:953.58,955.47 2 0
github.com/yihuang/go-abi/tests/test.abi.go:955.47,957.3 1 0
github.com/yihuang/go-abi/tests/test.abi.go:958.2,958.17 1 0
github.com/yihuang/go-abi/tests/test.abi.go:962.63,963.20 1 0
github.com/yihuang/go-abi/tests/test.abi.go:963.20,965.3 1 0
github.com/yihuang/go-abi/tests/test.abi.go:966.2,972.16 4 0
github.com/yihuang/go-abi/tests/test.abi.go:972.16,974.3 1 0
github.com/yihuang/go-abi/tests/test.abi.go:975.2,975.27 1 0
github.com/yihuang/go-abi/tests/test.abi.go:984.65,987.50 3 0
github.com/yihuang/go-abi/tests/test.abi.go:987.50,989.3 1 0
github.com/yihuang/go-abi/tests/test.abi.go:990.2,990.20 1 0
github.com/yihuang/go-abi/tests/test.abi.go:1001.48,1006.2 3 0
github.com/yihuang/go-abi/tests/test.abi.go:1009.68,1021.16 5 0
github.com/yihuang/go-abi/tests/test.abi.go:1021.16,1023.3 1 0
github.com/yihuang/go-abi/tests/test.abi.go:1024.2,1026.27 2 0
github.com/yihuang/go-abi/tests/test.abi.go:1030.59,1032.47 2 0
github.com/yihuang/go-abi/tests/test.abi.go:1032.47,1034.3 1 0
github.com/yihuang/go-abi/tests/test.abi.go:1035.2,1035.17 1 0
github.com/yihuang/go-abi/tests/test.abi.go:1039.64,1040.20 1 0
github.com/yihuang/go-abi/tests/test.abi.go:1040.20,1042.3 1 0
github.com/yihuang/go-abi/tests/test.abi.go:1043.2,1049.2 3 0
github.com/yihuang/go-abi/tests/test.abi.go:1049.2,1051.30 2 0
github.com/yihuang/go-abi/tests/test.abi.go:1051.30,1053.4 1 0
github.com/yihuang/go-abi/tests/test.abi.go:1054.3,1055.17 2 0
github.com/yihuang/go-abi/tests/test.abi.go:1055.17,1057.4 1 0
github.com/yihuang/go-abi/tests/test.abi.go:1058.3,1058.21 1 0
github.com/yihuang/go-abi/tests/test.abi.go:1060.2,1060.27 1 0
github.com/yihuang/go-abi/tests/test.abi.go:1069.61,1072.50 3 1
github.com/yihuang/go-abi/tests/test.abi.go:1072.50,1074.3 1 0
github.com/yihuang/go-abi/tests/test.abi.go:1075.2,1075.20 1 1
github.com/yihuang/go-abi/tests/test.abi.go:1091.44,1095.2 2 0
github.com/yihuang/go-abi/tests/test.abi.go:1098.64,1102.77 2 0
github.com/yihuang/go-abi/tests/test.abi.go:1102.77,1104.3 1 0
github.com/yihuang/go-abi/tests/test.abi.go:1106.2,1106.27 1 0
github.com/yihuang/go-abi/tests/test.abi.go:1110.55,1112.47 2 0
github.com/yihuang/go-abi/tests/test.abi.go:1112.47,1114.3 1 0
github.com/yihuang/go-abi/tests/test.abi.go:1115.2,1115.17 1 0
github.com/yihuang/go-abi/tests/test.abi.go:1119.60,1120.21 1 0
github.com/yihuang/go-abi/tests/test.abi.go:1120.21,1122.3 1 0
github.com/yihuang/go-abi/tests/test.abi.go:1123.2,1129.16 4 0
github.com/yihuang/go-abi/tests/test.abi.go:1129.16,1131.3 1 0
github.com/yihuang/go-abi/tests/test.abi.go:1132.2,1132.27 1 0
github.com/yihuang/go-abi/tests/test.abi.go:1136.63,1139.50 3 0
github.com/yihuang/go-abi/tests/test.abi.go:1139.50,1141.3 1 0
github.com/yihuang/go-abi/tests/test.abi.go:1142.2,1142.20 1 0
github.com/yihuang/go-abi/tests/test.abi.go:1153.46,1157.2 2 0
github.com/yihuang/go-abi/tests/test.abi.go:1160.66,1164.75 2 0
github.com/yihuang/go-abi/tests/test.abi.go:1164.75,1166.3 1 0
github.com/yihuang/go-abi/tests/test.abi.go:1168.2,1168.27 1 0
github.com/yihuang/go-abi/tests/test.abi.go:1172.57,1174.47 2 0
github.com/yihuang/go-abi/tests/test.abi.go:1174.47,1176.3 1 0
github.com/yihuang/go-abi/tests/test.abi.go:1177.2,1177.17 1 0
github.com/yihuang/go-abi/tests/test.abi.go:1181.62,1182.21 1 0
github.com/yihuang/go-abi/tests/test.abi.go:1182.21,1184.3 1 0
github.com/yihuang/go-abi/tests/test.abi.go:1185.2,1191.16 4 0
github.com/yihuang/go-abi/tests/test.abi.go:1191.16,1193.3 1 0
github.com/yihuang/go-abi/tests/test.abi.go:1194.2,1194.27 1 0
github.com/yihuang/go-abi/tests/test.abi.go:1206.48,1212.2 4 1
github.com/yihuang/go-abi/tests/test.abi.go:1215.68,1227.16 5 1
github.com/yihuang/go-abi/tests/test.abi.go:1227.16,1229.3 1 0
github.com/yihuang/go-abi/tests/test.abi.go:1230.2,1237.16 4 1
github.com/yihuang/go-abi/tests/test.abi.go:1237.16,1239.3 1 0
github.com/yihuang/go-abi/tests/test.abi.go:1240.2,1242.27 2 1
github.com/yihuang/go-abi/tests/test.abi.go:1246.59,1248.47 2 1
github.com/yihuang/go-abi/tests/test.abi.go:1248.47,1250.3 1 0
github.com/yihuang/go-abi/tests/test.abi.go:1251.2,1251.17 1 1
github.com/yihuang/go-abi/tests/test.abi.go:1255.64,1256.20 1 1
github.com/yihuang/go-abi/tests/test.abi.go:1256.20,1258.3 1 1
github.com/yihuang/go-abi/tests/test.abi.go:1259.2,1265.2 3 1
github.com/yihuang/go-abi/tests/test.abi.go:1265.2,1267.30 2 1
github.com/yihuang/go-abi/tests/test.abi.go:1267.30,1269.4 1 0
github.com/yihuang/go-abi/tests/test.abi.go:1270.3,1271.17 2 1
github.com/yihuang/go-abi/tests/test.abi.go:1271.17,1273.4 1 1
github.com/yihuang/go-abi/tests/test.abi.go:1274.3,1274.21 1 1
github.com/yihuang/go-abi/tests/test.abi.go:1277.2,1279.30 2 1
github.com/yihuang/go-abi/tests/test.abi.go:1279.30,1281.4 1 0
github.com/yihuang/go-abi/tests/test.abi.go:1282.3,1283.17 2 1
github.com/yihuang/go-abi/tests/test.abi.go:1283.17,1285.4 1 1
github.com/yihuang/go-abi/tests/test.abi.go:1286.3,1286.21 1 1
github.com/yihuang/go-abi/tests/test.abi.go:1288.2,1288.27 1 1
github.com/yihuang/go-abi/tests/test.abi.go:1292.67,1295.50 3 1
github.com/yihuang/go-abi/tests/test.abi.go:1295.50,1297.3 1 0
github.com/yihuang/go-abi/tests/test.abi.go:1298.2,1298.20 1 1
github.com/yihuang/go-abi/tests/test.abi.go:1309.50,1313.2 2 0
github.com/yihuang/go-abi/tests/test.abi.go:1316.70,1320.65 2 0
github.com/yihuang/go-abi/tests/test.abi.go:1320.65,1322.3 1 0
github.com/yihuang/go-abi/tests/test.abi.go:1324.2,1324.27 1 0
github.com/yihuang/go-abi/tests/test.abi.go:1328.61,1330.47 2 0
github.com/yihuang/go-abi/tests/test.abi.go:1330.47,1332.3 1 0
github.com/yihuang/go-abi/tests/test.abi.go:1333.2,1333.17 1 0
github.com/yihuang/go-abi/tests/test.abi.go:1337.66,1338.20 1 0
github.com/yihuang/go-abi/tests/test.abi.go:1338.20,1340.3 1 0
github.com/yihuang/go-abi/tests/test.abi.go:1341.2,1347.16 4 0
github.com/yihuang/go-abi/tests/test.abi.go:1347.16,1349.3 1 0
github.com/yihuang/go-abi/tests/test.abi.go:1350.2,1350.27 1 0
github.com/yihuang/go-abi/tests/test.abi.go:1362.40,1367.2 3 0
github.com/yihuang/go-abi/tests/test.abi.go:1370.60,1378.65 3 0
github.com/yihuang/go-abi/tests/test.abi.go:1378.65,1380.3 1 0
github.com/yihuang/go-abi/tests/test.abi.go:1384.2,1387.16 3 0
github.com/yihuang/go-abi/tests/test.abi.go:1387.16,1389.3 1 0
github.com/yihuang/go-abi/tests/test.abi.go:1390.2,1392.27 2 0
github.com/yihuang/go-abi/tests/test.abi.go:1396.51,1398.47 2 0
github.com/yihuang/go-abi/tests/test.abi.go:1398.47,1400.3 1 0
github.com/yihuang/go-abi/tests/test.abi.go:1401.2,1401.17 1 0
github.com/yihuang/go-abi/tests/test.abi.go:1405.56,1406.20 1 0
github.com/yihuang/go-abi/tests/test.abi.go:1406.20,1408.3 1 0
github.com/yihuang/go-abi/tests/test.abi.go:1409.2,1416.16 4 0
github.com/yihuang/go-abi/tests/test.abi.go:1416.16,1418.3 1 0
github.com/yihuang/go-abi/tests/test.abi.go:1420.2,1422.30 2 0
github.com/yihuang/go-abi/tests/test.abi.go:1422.30,1424.4 1 0
github.com/yihuang/go-abi/tests/test.abi.go:1425.3,1426.17 2 0
github.com/yihuang/go-abi/tests/test.abi.go:1426.17,1428.4 1 0
github.com/yihuang/go-abi/tests/test.abi.go:1429.3,1429.21 1 0
github.com/yihuang/go-abi/tests/test.abi.go:1431.2,1431.27 1 0
github.com/yihuang/go-abi/tests/test.abi.go:1435.59,1438.50 3 0
github.com/yihuang/go-abi/tests/test.abi.go:1438.50,1440.3 1 0
github.com/yihuang/go-abi/tests/test.abi.go:1441.2,1441.20 1 0
github.com/yihuang/go-abi/tests/test.abi.go:1457.43,1462.2 3 1
github.com/yihuang/go-abi/tests/test.abi.go:1465.63,1477.16 5 1
github.com/yihuang/go-abi/tests/test.abi.go:1477.16,1479.3 1 0
github.com/yihuang/go-abi/tests/test.abi.go:1480.2,1482.27 2 1
github.com/yihuang/go-abi/tests/test.abi.go:1486.54,1488.47 2 1
github.com/yihuang/go-abi/tests/test.abi.go:1488.47,1490.3 1 0
github.com/yihuang/go-abi/tests/test.abi.go:1491.2,1491.17 1 1
github.com/yihuang/go-abi/tests/test.abi.go:1495.59,1496.20 1 1
github.com/yihuang/go-abi/tests/test.abi.go:1496.20,1498.3 1 1
github.com/yihuang/go-abi/tests/test.abi.go:1499.2,1505.2 3 1
github.com/yihuang/go-abi/tests/test.abi.go:1505.2,1507.30 2 1
github.com/yihuang/go-abi/tests/test.abi.go:1507.30,1509.4 1 0
github.com/yihuang/go-abi/tests/test.abi.go:1510.3,1511.17 2 1
github.com/yihuang/go-abi/tests/test.abi.go:1511.17,1513.4 1 1
github.com/yihuang/go-abi/tests/test.abi.go:1514.3,1514.21 1 1
github.com/yihuang/go-abi/tests/test.abi.go:1516.2,1516.27 1 1
github.com/yihuang/go-abi/tests/test.abi.go:1520.62,1523.50 3 1
github.com/yihuang/go-abi/tests/test.abi.go:1523.50,1525.3 1 0
github.com/yihuang/go-abi/tests/test.abi.go:1526.2,1526.20 1 1
github.com/yihuang/go-abi/tests/test.abi.go:1537.45,1541.2 2 0
github.com/yihuang/go-abi/tests/test.abi.go:1544.65,1548.65 2 0
github.com/yihuang/go-abi/tests/test.abi.go:1548.65,1550.3 1 0
github.com/yihuang/go-abi/tests/test.abi.go:1552.2,1552.27 1 0
github.com/yihuang/go-abi/tests/test.abi.go:1556.56,1558.47 2 0
github.com/yihuang/go-abi/tests/test.abi.go:1558.47,1560.3 1 0
github.com/yihuang/go-abi/tests/test.abi.go:1561.2,1561.17 1 0
github.com/yihuang/go-abi/tests/test.abi.go:1565.61,1566.20 1 0
github.com/yihuang/go-abi/tests/test.abi.go:1566.20,1568.3 1 0
github.com/yihuang/go-abi/tests/test.abi.go:1569.2,1575.16 4 0
github.com/yihuang/go-abi/tests/test.abi.go:1575.16,1577.3 1 0
github.com/yihuang/go-abi/tests/test.abi.go:1578.2,1578.27 1 0
github.com/yihuang/go-abi/tests/test.abi.go:1596.46,1600.2 2 1
github.com/yihuang/go-abi/tests/test.abi.go:1603.66,1607.62 2 1
github.com/yihuang/go-abi/tests/test.abi.go:1607.62,1609.3 1 0
github.com/yihuang/go-abi/tests/test.abi.go:1612.2,1612.65 1 1
github.com/yihuang/go-abi/tests/test.abi.go:1612.65,1614.3 1 0
github.com/yihuang/go-abi/tests/test.abi.go:1617.2,1617.65 1 1
github.com/yihuang/go-abi/tests/test.abi.go:1617.65,1619.3 1 0
github.com/yihuang/go-abi/tests/test.abi.go:1622.2,1622.65 1 1
github.com/yihuang/go-abi/tests/test.abi.go:1622.65,1624.3 1 0
github.com/yihuang/go-abi/tests/test.abi.go:1627.2,1627.63 1 1
github.com/yihuang/go-abi/tests/test.abi.go:1627.63,1629.3 1 0
github.com/yihuang/go-abi/tests/test.abi.go:1632.2,1632.65 1 1
github.com/yihuang/go-abi/tests/test.abi.go:1632.65,1634.3 1 0
github.com/yihuang/go-abi/tests/test.abi.go:1637.2,1637.65 1 1
github.com/yihuang/go-abi/tests/test.abi.go:1637.65,1639.3 1 0
github.com/yihuang/go-abi/tests/test.abi.go:1642.2,1642.65 1 1
github.com/yihuang/go-abi/tests/test.abi.go:1642.65,1644.3 1 0
github.com/yihuang/go-abi/tests/test.abi.go:1646.2,1646.27 1 1
github.com/yihuang/go-abi/tests/test.abi.go:1650.57,1652.47 2 1
github.com/yihuang/go-abi/tests/test.abi.go:1652.47,1654.3 1 0
github.com/yihuang/go-abi/tests/test.abi.go:1655.2,1655.17 1 1
github.com/yihuang/go-abi/tests/test.abi.go:1659.62,1660.21 1 1
github.com/yihuang/go-abi/tests/test.abi.go:1660.21,1662.3 1 1
github.com/yihuang/go-abi/tests/test.abi.go:1663.2,1669.16 4 1
github.com/yihuang/go-abi/tests/test.abi.go:1669.16,1671.3 1 0
github.com/yihuang/go-abi/tests/test.abi.go:1673.2,1674.16 2 1
github.com/yihuang/go-abi/tests/test.abi.go:1674.16,1676.3 1 0
github.com/yihuang/go-abi/tests/test.abi.go:1678.2,1679.16 2 1
github.com/yihuang/go-abi/tests/test.abi.go:1679.16,1681.3 1 0
github.com/yihuang/go-abi/tests/test.abi.go:1683.2,1684.16 2 1
github.com/yihuang/go-abi/tests/test.abi.go:1684.16,1686.3 1 0
github.com/yihuang/go-abi/tests/test.abi.go:1688.2,1689.16 2 1
github.com/yihuang/go-abi/tests/test.abi.go:1689.16,1691.3 1 0
github.com/yihuang/go-abi/tests/test.abi.go:1693.2,1694.16 2 1
github.com/yihuang/go-abi/tests/test.abi.go:1694.16,1696.3 1 0
github.com/yihuang/go-abi/tests/test.abi.go:1698.2,1699.16 2 1
github.com/yihuang/go-abi/tests/test.abi.go:1699.16,1701.3 1 0
github.com/yihuang/go-abi/tests/test.abi.go:1703.2,1704.16 2 1
github.com/yihuang/go-abi/tests/test.abi.go:1704.16,1706.3 1 0
github.com/yihuang/go-abi/tests/test.abi.go:1707.2,1707.27 1 1
github.com/yihuang/go-abi/tests/test.abi.go:1711.65,1714.50 3 1
github.com/yihuang/go-abi/tests/test.abi.go:1714.50,1716.3 1 0
github.com/yihuang/go-abi/tests/test.abi.go:1717.2,1717.20 1 1
github.com/yihuang/go-abi/tests/test.abi.go:1728.48,1732.2 2 0
github.com/yihuang/go-abi/tests/test.abi.go:1735.68,1739.65 2 0
github.com/yihuang/go-abi/tests/test.abi.go:1739.65,1741.3 1 0
github.com/yihuang/go-abi/tests/test.abi.go:1743.2,1743.27 1 0
github.com/yihuang/go-abi/tests/test.abi.go:1747.59,1749.47 2 0
github.com/yihuang/go-abi/tests/test.abi.go:1749.47,1751.3 1 0
github.com/yihuang/go-abi/tests/test.abi.go:1752.2,1752.17 1 0
github.com/yihuang/go-abi/tests/test.abi.go:1756.64,1757.20 1 0
github.com/yihuang/go-abi/tests/test.abi.go:1757.20,1759.3 1 0
github.com/yihuang/go-abi/tests/test.abi.go:1760.2,1766.16 4 0
github.com/yihuang/go-abi/tests/test.abi.go:1766.16,1768.3 1 0
github.com/yihuang/go-abi/tests/test.abi.go:1769.2,1769.27 1 0
github.com/yihuang/go-abi/tests/test.abi.go:1781.41,1785.2 2 1
github.com/yihuang/go-abi/tests/test.abi.go:1788.61,1792.64 2 1
github.com/yihuang/go-abi/tests/test.abi.go:1792.64,1794.3 1 0
github.com/yihuang/go-abi/tests/test.abi.go:1797.2,1797.69 1 1
github.com/yihuang/go-abi/tests/test.abi.go:1797.69,1799.3 1 0
github.com/yihuang/go-abi/tests/test.abi.go:1801.2,1801.27 1 1
github.com/yihuang/go-abi/tests/test.abi.go:1805.52,1807.47 2 1
github.com/yihuang/go-abi/tests/test.abi.go:1807.47,1809.3 1 0
github.com/yihuang/go-abi/tests/test.abi.go:1810.2,1810.17 1 1
github.com/yihuang/go-abi/tests/test.abi.go:1814.57,1815.20 1 1
github.com/yihuang/go-abi/tests/test.abi.go:1815.20,1817.3 1 1
github.com/yihuang/go-abi/tests/test.abi.go:1818.2,1824.16 4 1
github.com/yihuang/go-abi/tests/test.abi.go:1824.16,1826.3 1 0
github.com/yihuang/go-abi/tests/test.abi.go:1828.2,1829.16 2 1
github.com/yihuang/go-abi/tests/test.abi.go:1829.16,1831.3 1 0
github.com/yihuang/go-abi/tests/test.abi.go:1832.2,1832.27 1 1
github.com/yihuang/go-abi/tests/test.abi.go:1836.60,1839.50 3 1
github.com/yihuang/go-abi/tests/test.abi.go:1839.50,1841.3 1 0
github.com/yihuang/go-abi/tests/test.abi.go:1842.2,1842.20 1 1
github.com/yihuang/go-abi/tests/test.abi.go:1853.43,1857.2 2 0
github.com/yihuang/go-abi/tests/test.abi.go:1860.63,1864.65 2 0
github.com/yihuang/go-abi/tests/test.abi.go:1864.65,1866.3 1 0
github.com/yihuang/go-abi/tests/test.abi.go:1868.2,1868.27 1 0
github.com/yihuang/go-abi/tests/test.abi.go:1872.54,1874.47 2 0
github.com/yihuang/go-abi/tests/test.abi.go:1874.47,1876.3 1 0
github.com/yihuang/go-abi/tests/test.abi.go:1877.2,1877.17 1 0
github.com/yihuang/go-abi/tests/test.abi.go:1881.59,1882.20 1 0
github.com/yihuang/go-abi/tests/test.abi.go:1882.20,1884.3 1 0
github.com/yihuang/go-abi/tests/test.abi.go:1885.2,1891.16 4 0
github.com/yihuang/go-abi/tests/test.abi.go:1891.16,1893.3 1 0
github.com/yihuang/go-abi/tests/test.abi.go:1894.2,1894.27 1 0
github.com/yihuang/go-abi/tests/test.abi.go:1906.46,1912.2 4 0
github.com/yihuang/go-abi/tests/test.abi.go:1915.66,1927.16 5 0
github.com/yihuang/go-abi/tests/test.abi.go:1927.16,1929.3 1 0
github.com/yihuang/go-abi/tests/test.abi.go:1930.2,1937.16 4 0
github.com/yihuang/go-abi/tests/test.abi.go:1937.16,1939.3 1 0
github.com/yihuang/go-abi/tests/test.abi.go:1940.2,1942.27 2 0
github.com/yihuang/go-abi/tests/test.abi.go:1946.57,1948.47 2 0
github.com/yihuang/go-abi/tests/test.abi.go:1948.47,1950.3 1 0
github.com/yihuang/go-abi/tests/test.abi.go:1951.2,1951.17 1 0
github.com/yihuang/go-abi/tests/test.abi.go:1955.62,1956.20 1 0
github.com/yihuang/go-abi/tests/test.abi.go:1956.20,1958.3 1 0
github.com/yihuang/go-abi/tests/test.abi.go:1959.2,1965.2 3 0
github.com/yihuang/go-abi/tests/test.abi.go:1965.2,1967.30 2 0
github.com/yihuang/go-abi/tests/test.abi.go:1967.30,1969.4 1 0
github.com/yihuang/go-abi/tests/test.abi.go:1970.3,1971.17 2 0
github.com/yihuang/go-abi/tests/test.abi.go:1971.17,1973.4 1 0
github.com/yihuang/go-abi/tests/test.abi.go:1974.3,1974.21 1 0
github.com/yihuang/go-abi/tests/test.abi.go:1977.2,1979.30 2 0
github.com/yihuang/go-abi/tests/test.abi.go:1979.30,1981.4 1 0
github.com/yihuang/go-abi/tests/test.abi.go:1982.3,1983.17 2 0
github.com/yihuang/go-abi/tests/test.abi.go:1983.17,1985.4 1 0
github.com/yihuang/go-abi/tests/test.abi.go:1986.3,1986.21 1 0
github.com/yihuang/go-abi/tests/test.abi.go:1988.2,1988.27 1 0
github.com/yihuang/go-abi/tests/test.abi.go:1992.65,1995.50 3 0
github.com/yihuang/go-abi/tests/test.abi.go:1995.50,1997.3 1 0
github.com/yihuang/go-abi/tests/test.abi.go:1998.2,1998.20 1 0
github.com/yihuang/go-abi/tests/test.abi.go:2009.48,2013.2 2 0
github.com/yihuang/go-abi/tests/test.abi.go:2016.68,2020.65 2 0
github.com/yihuang/go-abi/tests/test.abi.go:2020.65,2022.3 1 0
github.com/yihuang/go-abi/tests/test.abi.go:2024.2,2024.27 1 0
github.com/yihuang/go-abi/tests/test.abi.go:2028.59,2030.47 2 0
github.com/yihuang/go-abi/tests/test.abi.go:2030.47,2032.3 1 0
github.com/yihuang/go-abi/tests/test.abi.go:2033.2,2033.17 1 0
github.com/yihuang/go-abi/tests/test.abi.go:2037.64,2038.20 1 0
github.com/yihuang/go-abi/tests/test.abi.go:2038.20,2040.3 1 0
github.com/yihuang/go-abi/tests/test.abi.go:2041.2,2047.16 4 0
github.com/yihuang/go-abi/tests/test.abi.go:2047.16,2049.3 1 0
github.com/yihuang/go-abi/tests/test.abi.go:2050.2,2050.27 1 0
github.com/yihuang/go-abi/tests/test.abi.go:2063.46,2068.2 3 1
github.com/yihuang/go-abi/tests/test.abi.go:2071.66,2079.66 3 1
github.com/yihuang/go-abi/tests/test.abi.go:2079.66,2081.3 1 0
github.com/yihuang/go-abi/tests/test.abi.go:2085.2,2088.16 3 1
github.com/yihuang/go-abi/tests/test.abi.go:2088.16,2090.3 1 0
github.com/yihuang/go-abi/tests/test.abi.go:2091.2,2094.66 2 1
github.com/yihuang/go-abi/tests/test.abi.go:2094.66,2096.3 1 0
github.com/yihuang/go-abi/tests/test.abi.go:2098.2,2098.27 1 1
github.com/yihuang/go-abi/tests/test.abi.go:2102.57,2104.47 2 1
github.com/yihuang/go-abi/tests/test.abi.go:2104.47,2106.3 1 0
github.com/yihuang/go-abi/tests/test.abi.go:2107.2,2107.17 1 1
github.com/yihuang/go-abi/tests/test.abi.go:2111.62,2112.20 1 1
github.com/yihuang/go-abi/tests/test.abi.go:2112.20,2114.3 1 1
github.com/yihuang/go-abi/tests/test.abi.go:2115.2,2122.16 4 1
github.com/yihuang/go-abi/tests/test.abi.go:2122.16,2124.3 1 0
github.com/yihuang/go-abi/tests/test.abi.go:2126.2,2128.30 2 1
github.com/yihuang/go-abi/tests/test.abi.go:2128.30,2130.4 1 0
github.com/yihuang/go-abi/tests/test.abi.go:2131.3,2132.17 2 1
github.com/yihuang/go-abi/tests/test.abi.go:2132.17,2134.4 1 1
github.com/yihuang/go-abi/tests/test.abi.go:2135.3,2135.21 1 1
github.com/yihuang/go-abi/tests/test.abi.go:2138.2,2139.16 2 1
github.com/yihuang/go-abi/tests/test.abi.go:2139.16,2141.3 1 0
github.com/yihuang/go-abi/tests/test.abi.go:2142.2,2142.27 1 1
github.com/yihuang/go-abi/tests/test.abi.go:2146.65,2149.50 3 1
github.com/yihuang/go-abi/tests/test.abi.go:2149.50,2151.3 1 0
github.com/yihuang/go-abi/tests/test.abi.go:2152.2,2152.20 1 1
github.com/yihuang/go-abi/tests/test.abi.go:2163.48,2167.2 2 0
github.com/yihuang/go-abi/tests/test.abi.go:2170.68,2174.65 2 0
github.com/yihuang/go-abi/tests/test.abi.go:2174.65,2176.3 1 0
github.com/yihuang/go-abi/tests/test.abi.go:2178.2,2178.27 1 0
github.com/yihuang/go-abi/tests/test.abi.go:2182.59,2184.47 2 0
github.com/yihuang/go-abi/tests/test.abi.go:2184.47,2186.3 1 0
github.com/yihuang/go-abi/tests/test.abi.go:2187.2,2187.17 1 0
github.com/yihuang/go-abi/tests/test.abi.go:2191.64,2192.20 1 0
github.com/yihuang/go-abi/tests/test.abi.go:2192.20,2194.3 1 0
github.com/yihuang/go-abi/tests/test.abi.go:2195.2,2201.16 4 0
github.com/yihuang/go-abi/tests/test.abi.go:2201.16,2203.3 1 0
github.com/yihuang/go-abi/tests/test.abi.go:2204.2,2204.27 1 0
github.com/yihuang/go-abi/tests/test.abi.go:2222.23,2229.2 1 0
github.com/yihuang/go-abi/tests/test.abi.go:2237.75,2240.2 3 0
github.com/yihuang/go-abi/tests/test.abi.go:2240.2,2244.59 3 0
github.com/yihuang/go-abi/tests/test.abi.go:2244.59,2246.4 1 0
github.com/yihuang/go-abi/tests/test.abi.go:2247.3,2248.32 2 0
github.com/yihuang/go-abi/tests/test.abi.go:2250.2,2250.20 1 0
github.com/yihuang/go-abi/tests/test.abi.go:2254.79,2255.22 1 0
github.com/yihuang/go-abi/tests/test.abi.go:2255.22,2257.3 1 0
github.com/yihuang/go-abi/tests/test.abi.go:2258.2,2258.43 1 0
github.com/yihuang/go-abi/tests/test.abi.go:2258.43,2260.3 1 0
github.com/yihuang/go-abi/tests/test.abi.go:2261.2,2261.12 1 0
github.com/yihuang/go-abi/tests/utils.go:19.65,30.33 7 1
github.com/yihuang/go-abi/tests/utils.go:30.33,34.3 3 1
