mode: set
github.com/yihuang/go-abi/cmd/main.go:11.13,36.20 4 0
github.com/yihuang/go-abi/cmd/main.go:36.20,39.29 3 0
github.com/yihuang/go-abi/cmd/main.go:39.29,41.4 1 0
github.com/yihuang/go-abi/cmd/main.go:42.3,42.59 1 0
github.com/yihuang/go-abi/cmd/main.go:46.2,46.26 1 0
github.com/yihuang/go-abi/cmd/main.go:46.26,49.3 2 0
github.com/yihuang/go-abi/cmd/main.go:51.2,57.3 1 0
github.com/yihuang/go-abi/generator/cmd.go:20.96,25.41 3 0
github.com/yihuang/go-abi/generator/cmd.go:25.41,27.20 1 0
github.com/yihuang/go-abi/generator/cmd.go:27.20,29.4 1 0
github.com/yihuang/go-abi/generator/cmd.go:30.3,31.17 2 0
github.com/yihuang/go-abi/generator/cmd.go:31.17,33.4 1 0
github.com/yihuang/go-abi/generator/cmd.go:34.8,34.50 1 0
github.com/yihuang/go-abi/generator/cmd.go:34.50,37.17 2 0
github.com/yihuang/go-abi/generator/cmd.go:37.17,39.4 1 0
github.com/yihuang/go-abi/generator/cmd.go:41.3,41.20 1 0
github.com/yihuang/go-abi/generator/cmd.go:41.20,44.61 2 0
github.com/yihuang/go-abi/generator/cmd.go:44.61,46.5 1 0
github.com/yihuang/go-abi/generator/cmd.go:47.4,48.11 2 0
github.com/yihuang/go-abi/generator/cmd.go:48.11,50.5 1 0
github.com/yihuang/go-abi/generator/cmd.go:51.4,52.18 2 0
github.com/yihuang/go-abi/generator/cmd.go:52.18,54.5 1 0
github.com/yihuang/go-abi/generator/cmd.go:57.3,58.17 2 0
github.com/yihuang/go-abi/generator/cmd.go:58.17,60.4 1 0
github.com/yihuang/go-abi/generator/cmd.go:61.8,63.3 1 0
github.com/yihuang/go-abi/generator/cmd.go:66.2,69.16 4 0
github.com/yihuang/go-abi/generator/cmd.go:69.16,72.3 2 0
github.com/yihuang/go-abi/generator/cmd.go:75.2,75.22 1 0
github.com/yihuang/go-abi/generator/cmd.go:75.22,78.3 2 0
github.com/yihuang/go-abi/generator/cmd.go:80.2,84.16 3 0
github.com/yihuang/go-abi/generator/cmd.go:84.16,87.3 2 0
github.com/yihuang/go-abi/generator/cmd.go:89.2,89.66 1 0
github.com/yihuang/go-abi/generator/cmd.go:89.66,91.3 1 0
github.com/yihuang/go-abi/generator/cmd.go:92.2,92.58 1 0
github.com/yihuang/go-abi/generator/cmd.go:96.82,100.16 3 0
github.com/yihuang/go-abi/generator/cmd.go:100.16,102.3 1 0
github.com/yihuang/go-abi/generator/cmd.go:105.2,106.42 2 0
github.com/yihuang/go-abi/generator/cmd.go:106.42,107.70 1 0
github.com/yihuang/go-abi/generator/cmd.go:107.70,108.39 1 0
github.com/yihuang/go-abi/generator/cmd.go:108.39,109.51 1 0
github.com/yihuang/go-abi/generator/cmd.go:109.51,110.43 1 0
github.com/yihuang/go-abi/generator/cmd.go:110.43,111.31 1 0
github.com/yihuang/go-abi/generator/cmd.go:111.31,113.37 1 0
github.com/yihuang/go-abi/generator/cmd.go:113.37,114.91 1 0
github.com/yihuang/go-abi/generator/cmd.go:114.91,117.10 1 0
github.com/yihuang/go-abi/generator/cmd.go:117.15,117.78 1 0
github.com/yihuang/go-abi/generator/cmd.go:117.78,119.43 1 0
github.com/yihuang/go-abi/generator/cmd.go:119.43,120.77 1 0
github.com/yihuang/go-abi/generator/cmd.go:120.77,122.12 1 0
github.com/yihuang/go-abi/generator/cmd.go:126.8,126.20 1 0
github.com/yihuang/go-abi/generator/cmd.go:132.3,132.14 1 0
github.com/yihuang/go-abi/generator/cmd.go:135.2,135.24 1 0
github.com/yihuang/go-abi/generator/cmd.go:135.24,137.3 1 0
github.com/yihuang/go-abi/generator/cmd.go:140.2,141.16 2 0
github.com/yihuang/go-abi/generator/cmd.go:141.16,143.3 1 0
github.com/yihuang/go-abi/generator/cmd.go:146.2,146.46 1 0
github.com/yihuang/go-abi/generator/decoders.go:10.51,12.18 1 0
github.com/yihuang/go-abi/generator/decoders.go:12.18,14.3 1 0
github.com/yihuang/go-abi/generator/decoders.go:14.8,14.57 1 0
github.com/yihuang/go-abi/generator/decoders.go:14.57,16.3 1 0
github.com/yihuang/go-abi/generator/decoders.go:16.8,18.3 1 0
github.com/yihuang/go-abi/generator/decoders.go:22.42,29.2 6 0
github.com/yihuang/go-abi/generator/decoders.go:32.56,33.19 1 0
github.com/yihuang/go-abi/generator/decoders.go:33.19,34.79 1 0
github.com/yihuang/go-abi/generator/decoders.go:39.2,40.25 2 0
github.com/yihuang/go-abi/generator/decoders.go:40.25,42.3 1 0
github.com/yihuang/go-abi/generator/decoders.go:42.8,44.3 1 0
github.com/yihuang/go-abi/generator/decoders.go:46.2,46.25 1 0
github.com/yihuang/go-abi/generator/decoders.go:46.25,48.3 1 0
github.com/yihuang/go-abi/generator/decoders.go:48.8,50.3 1 0
github.com/yihuang/go-abi/generator/decoders.go:51.2,55.33 4 0
github.com/yihuang/go-abi/generator/decoders.go:59.54,61.25 2 0
github.com/yihuang/go-abi/generator/decoders.go:61.25,63.3 1 0
github.com/yihuang/go-abi/generator/decoders.go:65.2,69.33 5 0
github.com/yihuang/go-abi/generator/decoders.go:73.42,82.2 8 0
github.com/yihuang/go-abi/generator/decoders.go:85.39,100.2 14 0
github.com/yihuang/go-abi/generator/decoders.go:103.41,131.2 22 0
github.com/yihuang/go-abi/generator/decoders.go:134.40,162.2 22 0
github.com/yihuang/go-abi/generator/decoders.go:165.58,176.2 9 0
github.com/yihuang/go-abi/generator/decoders.go:179.53,202.29 18 0
github.com/yihuang/go-abi/generator/decoders.go:202.29,207.33 4 0
github.com/yihuang/go-abi/generator/decoders.go:207.33,209.4 1 0
github.com/yihuang/go-abi/generator/decoders.go:209.9,211.4 1 0
github.com/yihuang/go-abi/generator/decoders.go:213.3,218.43 6 0
github.com/yihuang/go-abi/generator/decoders.go:219.8,234.33 14 0
github.com/yihuang/go-abi/generator/decoders.go:234.33,236.4 1 0
github.com/yihuang/go-abi/generator/decoders.go:236.9,238.4 1 0
github.com/yihuang/go-abi/generator/decoders.go:240.3,245.50 6 0
github.com/yihuang/go-abi/generator/decoders.go:250.53,254.29 3 0
github.com/yihuang/go-abi/generator/decoders.go:254.29,265.31 10 0
github.com/yihuang/go-abi/generator/decoders.go:265.31,272.4 6 0
github.com/yihuang/go-abi/generator/decoders.go:273.3,273.42 1 0
github.com/yihuang/go-abi/generator/decoders.go:274.8,299.33 23 0
github.com/yihuang/go-abi/generator/decoders.go:299.33,301.4 1 0
github.com/yihuang/go-abi/generator/decoders.go:301.9,303.4 1 0
github.com/yihuang/go-abi/generator/decoders.go:304.3,309.45 6 0
github.com/yihuang/go-abi/generator/decoders.go:318.57,323.18 3 0
github.com/yihuang/go-abi/generator/decoders.go:323.18,325.3 1 0
github.com/yihuang/go-abi/generator/decoders.go:327.2,331.19 4 0
github.com/yihuang/go-abi/generator/decoders.go:331.19,333.19 1 0
github.com/yihuang/go-abi/generator/decoders.go:334.10,335.27 1 0
github.com/yihuang/go-abi/generator/decoders.go:335.27,337.5 1 0
github.com/yihuang/go-abi/generator/decoders.go:337.10,339.5 1 0
github.com/yihuang/go-abi/generator/decoders.go:340.10,341.27 1 0
github.com/yihuang/go-abi/generator/decoders.go:341.27,343.5 1 0
github.com/yihuang/go-abi/generator/decoders.go:343.10,345.5 1 0
github.com/yihuang/go-abi/generator/decoders.go:346.10,348.27 1 0
github.com/yihuang/go-abi/generator/decoders.go:348.27,352.5 3 0
github.com/yihuang/go-abi/generator/decoders.go:352.10,354.5 1 0
github.com/yihuang/go-abi/generator/decoders.go:355.10,356.27 1 0
github.com/yihuang/go-abi/generator/decoders.go:356.27,358.5 1 0
github.com/yihuang/go-abi/generator/decoders.go:358.10,360.5 1 0
github.com/yihuang/go-abi/generator/decoders.go:361.10,363.27 1 0
github.com/yihuang/go-abi/generator/decoders.go:363.27,367.5 3 0
github.com/yihuang/go-abi/generator/decoders.go:367.10,369.5 1 0
github.com/yihuang/go-abi/generator/decoders.go:370.10,372.27 1 0
github.com/yihuang/go-abi/generator/decoders.go:372.27,376.5 3 0
github.com/yihuang/go-abi/generator/decoders.go:376.10,378.5 1 0
github.com/yihuang/go-abi/generator/decoders.go:379.10,381.27 1 0
github.com/yihuang/go-abi/generator/decoders.go:381.27,385.5 3 0
github.com/yihuang/go-abi/generator/decoders.go:385.10,387.5 1 0
github.com/yihuang/go-abi/generator/decoders.go:388.10,389.27 1 0
github.com/yihuang/go-abi/generator/decoders.go:389.27,391.5 1 0
github.com/yihuang/go-abi/generator/decoders.go:391.10,393.5 1 0
github.com/yihuang/go-abi/generator/decoders.go:395.8,397.51 1 0
github.com/yihuang/go-abi/generator/decoders.go:397.51,401.4 2 0
github.com/yihuang/go-abi/generator/decoders.go:403.3,403.26 1 0
github.com/yihuang/go-abi/generator/decoders.go:403.26,409.4 5 0
github.com/yihuang/go-abi/generator/decoders.go:409.9,412.4 2 0
github.com/yihuang/go-abi/generator/decoders.go:417.63,420.20 3 0
github.com/yihuang/go-abi/generator/decoders.go:420.20,422.3 1 0
github.com/yihuang/go-abi/generator/decoders.go:422.8,424.3 1 0
github.com/yihuang/go-abi/generator/decoders.go:425.2,425.43 1 0
github.com/yihuang/go-abi/generator/decoders.go:429.48,436.2 6 0
github.com/yihuang/go-abi/generator/decoders.go:439.45,448.2 8 0
github.com/yihuang/go-abi/generator/decoders.go:451.64,458.2 6 0
github.com/yihuang/go-abi/generator/decoders.go:461.59,478.32 14 0
github.com/yihuang/go-abi/generator/decoders.go:478.32,480.3 1 0
github.com/yihuang/go-abi/generator/decoders.go:480.8,482.3 1 0
github.com/yihuang/go-abi/generator/decoders.go:483.2,488.44 6 0
github.com/yihuang/go-abi/generator/encoders.go:11.51,13.18 1 0
github.com/yihuang/go-abi/generator/encoders.go:13.18,15.3 1 0
github.com/yihuang/go-abi/generator/encoders.go:15.8,15.57 1 0
github.com/yihuang/go-abi/generator/encoders.go:15.57,17.3 1 0
github.com/yihuang/go-abi/generator/encoders.go:17.8,19.3 1 0
github.com/yihuang/go-abi/generator/encoders.go:23.42,26.2 2 0
github.com/yihuang/go-abi/generator/encoders.go:29.56,30.19 1 0
github.com/yihuang/go-abi/generator/encoders.go:30.19,31.79 1 0
github.com/yihuang/go-abi/generator/encoders.go:36.2,38.25 3 0
github.com/yihuang/go-abi/generator/encoders.go:38.25,40.3 1 0
github.com/yihuang/go-abi/generator/encoders.go:40.8,42.3 1 0
github.com/yihuang/go-abi/generator/encoders.go:44.2,44.25 1 0
github.com/yihuang/go-abi/generator/encoders.go:44.25,46.21 1 0
github.com/yihuang/go-abi/generator/encoders.go:47.15,48.34 1 0
github.com/yihuang/go-abi/generator/encoders.go:49.16,50.66 1 0
github.com/yihuang/go-abi/generator/encoders.go:51.16,52.66 1 0
github.com/yihuang/go-abi/generator/encoders.go:53.16,54.66 1 0
github.com/yihuang/go-abi/generator/encoders.go:57.3,59.13 3 0
github.com/yihuang/go-abi/generator/encoders.go:60.8,62.21 1 0
github.com/yihuang/go-abi/generator/encoders.go:63.16,64.34 1 0
github.com/yihuang/go-abi/generator/encoders.go:65.17,66.66 1 0
github.com/yihuang/go-abi/generator/encoders.go:67.17,68.66 1 0
github.com/yihuang/go-abi/generator/encoders.go:69.17,70.66 1 0
github.com/yihuang/go-abi/generator/encoders.go:74.2,74.25 1 0
github.com/yihuang/go-abi/generator/encoders.go:78.54,80.25 2 0
github.com/yihuang/go-abi/generator/encoders.go:80.25,82.3 1 0
github.com/yihuang/go-abi/generator/encoders.go:84.2,87.25 4 0
github.com/yihuang/go-abi/generator/encoders.go:91.42,94.2 2 0
github.com/yihuang/go-abi/generator/encoders.go:97.39,102.2 4 0
github.com/yihuang/go-abi/generator/encoders.go:105.41,113.2 7 0
github.com/yihuang/go-abi/generator/encoders.go:116.40,124.2 7 0
github.com/yihuang/go-abi/generator/encoders.go:127.58,130.2 2 0
github.com/yihuang/go-abi/generator/encoders.go:133.53,138.29 5 0
github.com/yihuang/go-abi/generator/encoders.go:138.29,150.3 11 0
github.com/yihuang/go-abi/generator/encoders.go:150.8,168.3 17 0
github.com/yihuang/go-abi/generator/encoders.go:172.53,173.29 1 0
github.com/yihuang/go-abi/generator/encoders.go:173.29,177.31 3 0
github.com/yihuang/go-abi/generator/encoders.go:177.31,185.4 5 0
github.com/yihuang/go-abi/generator/encoders.go:186.3,187.34 2 0
github.com/yihuang/go-abi/generator/encoders.go:188.8,199.31 8 0
github.com/yihuang/go-abi/generator/encoders.go:199.31,210.4 9 0
github.com/yihuang/go-abi/generator/encoders.go:211.3,212.37 2 0
github.com/yihuang/go-abi/generator/encoders.go:217.53,222.22 3 1
github.com/yihuang/go-abi/generator/encoders.go:222.22,227.3 4 1
github.com/yihuang/go-abi/generator/encoders.go:229.2,230.36 2 1
github.com/yihuang/go-abi/generator/encoders.go:230.36,233.22 2 1
github.com/yihuang/go-abi/generator/encoders.go:233.22,235.4 1 0
github.com/yihuang/go-abi/generator/encoders.go:236.3,239.28 3 1
github.com/yihuang/go-abi/generator/encoders.go:239.28,245.4 4 1
github.com/yihuang/go-abi/generator/encoders.go:245.9,257.4 9 1
github.com/yihuang/go-abi/generator/encoders.go:258.3,258.10 1 1
github.com/yihuang/go-abi/generator/encoders.go:261.2,261.36 1 1
github.com/yihuang/go-abi/generator/encoders.go:269.57,277.19 5 0
github.com/yihuang/go-abi/generator/encoders.go:277.19,279.19 1 0
github.com/yihuang/go-abi/generator/encoders.go:280.10,281.33 1 0
github.com/yihuang/go-abi/generator/encoders.go:282.10,283.63 1 0
github.com/yihuang/go-abi/generator/encoders.go:284.10,288.33 3 0
github.com/yihuang/go-abi/generator/encoders.go:289.10,290.63 1 0
github.com/yihuang/go-abi/generator/encoders.go:291.10,297.33 5 0
github.com/yihuang/go-abi/generator/encoders.go:298.10,305.33 6 0
github.com/yihuang/go-abi/generator/encoders.go:306.10,314.33 7 0
github.com/yihuang/go-abi/generator/encoders.go:315.10,316.63 1 0
github.com/yihuang/go-abi/generator/encoders.go:318.8,320.51 1 0
github.com/yihuang/go-abi/generator/encoders.go:320.51,324.4 2 0
github.com/yihuang/go-abi/generator/encoders.go:326.3,326.26 1 0
github.com/yihuang/go-abi/generator/encoders.go:326.26,328.4 1 0
github.com/yihuang/go-abi/generator/encoders.go:328.9,330.4 1 0
github.com/yihuang/go-abi/generator/encoders.go:331.3,332.13 2 0
github.com/yihuang/go-abi/generator/encoders.go:335.2,335.35 1 0
github.com/yihuang/go-abi/generator/encoders.go:339.63,341.20 2 0
github.com/yihuang/go-abi/generator/encoders.go:341.20,344.3 1 0
github.com/yihuang/go-abi/generator/encoders.go:344.8,349.3 3 0
github.com/yihuang/go-abi/generator/encoders.go:350.2,350.35 1 0
github.com/yihuang/go-abi/generator/encoders.go:354.48,360.2 5 0
github.com/yihuang/go-abi/generator/encoders.go:363.45,373.2 9 0
github.com/yihuang/go-abi/generator/encoders.go:376.64,382.2 5 0
github.com/yihuang/go-abi/generator/encoders.go:385.59,402.2 15 0
github.com/yihuang/go-abi/generator/encoders.go:405.59,407.27 2 1
github.com/yihuang/go-abi/generator/encoders.go:407.27,413.3 5 1
github.com/yihuang/go-abi/generator/encoders.go:415.2,415.36 1 1
github.com/yihuang/go-abi/generator/encoders.go:415.36,417.22 2 1
github.com/yihuang/go-abi/generator/encoders.go:417.22,419.4 1 0
github.com/yihuang/go-abi/generator/encoders.go:421.3,428.10 8 1
github.com/yihuang/go-abi/generator/encoders.go:431.2,431.29 1 1
github.com/yihuang/go-abi/generator/generator.go:52.46,57.17 4 1
github.com/yihuang/go-abi/generator/generator.go:57.17,60.3 2 1
github.com/yihuang/go-abi/generator/generator.go:63.2,63.20 1 1
github.com/yihuang/go-abi/generator/generator.go:63.20,65.3 1 0
github.com/yihuang/go-abi/generator/generator.go:67.2,72.3 1 1
github.com/yihuang/go-abi/generator/generator.go:75.51,78.2 2 1
github.com/yihuang/go-abi/generator/generator.go:81.72,83.30 1 1
github.com/yihuang/go-abi/generator/generator.go:83.30,86.3 2 0
github.com/yihuang/go-abi/generator/generator.go:86.8,86.33 1 1
github.com/yihuang/go-abi/generator/generator.go:86.33,89.3 2 0
github.com/yihuang/go-abi/generator/generator.go:89.8,92.3 2 1
github.com/yihuang/go-abi/generator/generator.go:95.2,103.24 5 1
github.com/yihuang/go-abi/generator/generator.go:103.24,105.33 2 1
github.com/yihuang/go-abi/generator/generator.go:105.33,106.23 1 1
github.com/yihuang/go-abi/generator/generator.go:106.23,108.5 1 1
github.com/yihuang/go-abi/generator/generator.go:108.10,110.5 1 1
github.com/yihuang/go-abi/generator/generator.go:112.3,113.10 2 1
github.com/yihuang/go-abi/generator/generator.go:117.2,118.53 2 1
github.com/yihuang/go-abi/generator/generator.go:118.53,120.3 1 1
github.com/yihuang/go-abi/generator/generator.go:123.2,133.29 4 1
github.com/yihuang/go-abi/generator/generator.go:133.29,135.3 1 1
github.com/yihuang/go-abi/generator/generator.go:138.2,138.29 1 1
github.com/yihuang/go-abi/generator/generator.go:138.29,139.24 1 1
github.com/yihuang/go-abi/generator/generator.go:139.24,140.12 1 1
github.com/yihuang/go-abi/generator/generator.go:143.3,143.23 1 1
github.com/yihuang/go-abi/generator/generator.go:147.2,147.29 1 1
github.com/yihuang/go-abi/generator/generator.go:147.29,149.3 1 1
github.com/yihuang/go-abi/generator/generator.go:152.2,152.29 1 1
github.com/yihuang/go-abi/generator/generator.go:152.29,154.3 1 1
github.com/yihuang/go-abi/generator/generator.go:157.2,157.29 1 1
github.com/yihuang/go-abi/generator/generator.go:157.29,159.3 1 1
github.com/yihuang/go-abi/generator/generator.go:162.2,162.33 1 1
github.com/yihuang/go-abi/generator/generator.go:162.33,164.3 1 1
github.com/yihuang/go-abi/generator/generator.go:166.2,167.52 2 1
github.com/yihuang/go-abi/generator/generator.go:167.52,169.3 1 0
github.com/yihuang/go-abi/generator/generator.go:171.2,174.52 2 1
github.com/yihuang/go-abi/generator/generator.go:174.52,177.3 2 0
github.com/yihuang/go-abi/generator/generator.go:180.2,180.28 1 1
github.com/yihuang/go-abi/generator/generator.go:184.76,188.37 3 1
github.com/yihuang/go-abi/generator/generator.go:188.37,190.44 2 1
github.com/yihuang/go-abi/generator/generator.go:190.44,192.4 1 1
github.com/yihuang/go-abi/generator/generator.go:195.3,195.14 1 1
github.com/yihuang/go-abi/generator/generator.go:196.39,197.21 1 0
github.com/yihuang/go-abi/generator/generator.go:197.21,199.5 1 0
github.com/yihuang/go-abi/generator/generator.go:200.23,201.38 1 1
github.com/yihuang/go-abi/generator/generator.go:201.38,203.5 1 1
github.com/yihuang/go-abi/generator/generator.go:208.2,208.33 1 1
github.com/yihuang/go-abi/generator/generator.go:208.33,210.39 1 1
github.com/yihuang/go-abi/generator/generator.go:210.39,212.4 1 1
github.com/yihuang/go-abi/generator/generator.go:214.3,214.41 1 1
github.com/yihuang/go-abi/generator/generator.go:214.41,216.4 1 0
github.com/yihuang/go-abi/generator/generator.go:220.2,221.46 2 1
github.com/yihuang/go-abi/generator/generator.go:221.46,223.28 2 1
github.com/yihuang/go-abi/generator/generator.go:223.28,225.12 1 1
github.com/yihuang/go-abi/generator/generator.go:227.3,227.29 1 1
github.com/yihuang/go-abi/generator/generator.go:229.2,229.15 1 1
github.com/yihuang/go-abi/generator/generator.go:232.66,234.51 2 1
github.com/yihuang/go-abi/generator/generator.go:234.51,237.3 1 1
github.com/yihuang/go-abi/generator/generator.go:238.2,238.69 1 0
github.com/yihuang/go-abi/generator/generator.go:242.56,244.37 2 1
github.com/yihuang/go-abi/generator/generator.go:244.37,247.3 1 1
github.com/yihuang/go-abi/generator/generator.go:249.2,256.13 5 0
github.com/yihuang/go-abi/generator/generator.go:257.35,258.22 1 0
github.com/yihuang/go-abi/generator/generator.go:259.24,260.25 1 0
github.com/yihuang/go-abi/generator/generator.go:261.21,262.22 1 0
github.com/yihuang/go-abi/generator/generator.go:263.23,264.24 1 0
github.com/yihuang/go-abi/generator/generator.go:265.22,266.23 1 0
github.com/yihuang/go-abi/generator/generator.go:267.27,268.29 1 0
github.com/yihuang/go-abi/generator/generator.go:269.22,270.24 1 0
github.com/yihuang/go-abi/generator/generator.go:271.22,272.24 1 0
github.com/yihuang/go-abi/generator/generator.go:273.22,274.62 1 0
github.com/yihuang/go-abi/generator/generator.go:275.10,276.80 1 0
github.com/yihuang/go-abi/generator/generator.go:279.2,279.10 1 0
github.com/yihuang/go-abi/generator/generator.go:283.52,285.37 2 1
github.com/yihuang/go-abi/generator/generator.go:285.37,288.3 1 1
github.com/yihuang/go-abi/generator/generator.go:290.2,295.23 4 0
github.com/yihuang/go-abi/generator/generator.go:295.23,298.3 1 0
github.com/yihuang/go-abi/generator/generator.go:298.8,300.14 1 0
github.com/yihuang/go-abi/generator/generator.go:301.24,302.89 1 0
github.com/yihuang/go-abi/generator/generator.go:303.23,304.88 1 0
github.com/yihuang/go-abi/generator/generator.go:305.23,306.30 1 0
github.com/yihuang/go-abi/generator/generator.go:306.30,312.5 4 0
github.com/yihuang/go-abi/generator/generator.go:312.10,315.5 1 0
github.com/yihuang/go-abi/generator/generator.go:316.23,319.32 2 0
github.com/yihuang/go-abi/generator/generator.go:319.32,321.5 1 0
github.com/yihuang/go-abi/generator/generator.go:322.23,324.57 1 0
github.com/yihuang/go-abi/generator/generator.go:325.11,326.23 1 0
github.com/yihuang/go-abi/generator/generator.go:328.3,328.23 1 0
github.com/yihuang/go-abi/generator/generator.go:331.2,331.10 1 0
github.com/yihuang/go-abi/generator/generator.go:335.56,337.37 2 1
github.com/yihuang/go-abi/generator/generator.go:337.37,340.3 1 1
github.com/yihuang/go-abi/generator/generator.go:342.2,349.13 5 0
github.com/yihuang/go-abi/generator/generator.go:350.35,351.22 1 0
github.com/yihuang/go-abi/generator/generator.go:352.24,353.25 1 0
github.com/yihuang/go-abi/generator/generator.go:354.21,355.22 1 0
github.com/yihuang/go-abi/generator/generator.go:356.23,357.24 1 0
github.com/yihuang/go-abi/generator/generator.go:358.22,359.23 1 0
github.com/yihuang/go-abi/generator/generator.go:360.27,361.29 1 0
github.com/yihuang/go-abi/generator/generator.go:362.22,363.24 1 0
github.com/yihuang/go-abi/generator/generator.go:364.22,365.24 1 0
github.com/yihuang/go-abi/generator/generator.go:366.22,367.62 1 0
github.com/yihuang/go-abi/generator/generator.go:368.10,369.80 1 0
github.com/yihuang/go-abi/generator/generator.go:372.2,372.10 1 0
github.com/yihuang/go-abi/generator/generator.go:376.56,380.48 2 1
github.com/yihuang/go-abi/generator/generator.go:380.48,381.28 1 1
github.com/yihuang/go-abi/generator/generator.go:381.28,383.4 1 1
github.com/yihuang/go-abi/generator/generator.go:384.3,384.41 1 1
github.com/yihuang/go-abi/generator/generator.go:388.2,388.33 1 1
github.com/yihuang/go-abi/generator/generator.go:388.33,390.39 1 1
github.com/yihuang/go-abi/generator/generator.go:390.39,392.4 1 1
github.com/yihuang/go-abi/generator/generator.go:394.3,394.41 1 1
github.com/yihuang/go-abi/generator/generator.go:394.41,396.4 1 0
github.com/yihuang/go-abi/generator/generator.go:400.2,400.49 1 1
github.com/yihuang/go-abi/generator/generator.go:400.49,402.58 1 1
github.com/yihuang/go-abi/generator/generator.go:402.58,404.12 1 1
github.com/yihuang/go-abi/generator/generator.go:407.3,409.17 3 1
github.com/yihuang/go-abi/generator/generator.go:414.41,421.24 5 1
github.com/yihuang/go-abi/generator/generator.go:421.24,423.3 1 1
github.com/yihuang/go-abi/generator/generator.go:424.2,427.29 3 1
github.com/yihuang/go-abi/generator/generator.go:427.29,430.3 2 1
github.com/yihuang/go-abi/generator/generator.go:431.2,434.23 2 1
github.com/yihuang/go-abi/generator/generator.go:438.48,460.24 13 1
github.com/yihuang/go-abi/generator/generator.go:460.24,465.3 4 1
github.com/yihuang/go-abi/generator/generator.go:469.50,470.29 1 1
github.com/yihuang/go-abi/generator/generator.go:470.29,471.28 1 1
github.com/yihuang/go-abi/generator/generator.go:471.28,473.4 1 1
github.com/yihuang/go-abi/generator/generator.go:475.2,475.13 1 1
github.com/yihuang/go-abi/generator/generator.go:479.52,486.2 6 1
github.com/yihuang/go-abi/generator/generator.go:489.55,497.2 5 1
github.com/yihuang/go-abi/generator/generator.go:500.53,510.2 9 1
github.com/yihuang/go-abi/generator/generator.go:513.53,522.23 8 1
github.com/yihuang/go-abi/generator/generator.go:522.23,524.3 1 1
github.com/yihuang/go-abi/generator/generator.go:526.2,527.29 2 1
github.com/yihuang/go-abi/generator/generator.go:527.29,532.33 4 1
github.com/yihuang/go-abi/generator/generator.go:532.33,534.4 1 0
github.com/yihuang/go-abi/generator/generator.go:534.9,536.4 1 1
github.com/yihuang/go-abi/generator/generator.go:537.3,541.22 4 1
github.com/yihuang/go-abi/generator/generator.go:544.2,545.10 2 1
github.com/yihuang/go-abi/generator/generator.go:549.49,557.2 5 1
github.com/yihuang/go-abi/generator/generator.go:560.46,566.29 5 1
github.com/yihuang/go-abi/generator/generator.go:566.29,567.30 1 1
github.com/yihuang/go-abi/generator/generator.go:567.30,568.12 1 1
github.com/yihuang/go-abi/generator/generator.go:571.3,571.82 1 1
github.com/yihuang/go-abi/generator/generator.go:574.2,576.10 3 1
github.com/yihuang/go-abi/generator/generator.go:580.47,591.24 10 1
github.com/yihuang/go-abi/generator/generator.go:591.24,594.3 2 1
github.com/yihuang/go-abi/generator/generator.go:595.2,599.29 4 1
github.com/yihuang/go-abi/generator/generator.go:599.29,601.30 2 1
github.com/yihuang/go-abi/generator/generator.go:601.30,604.34 2 1
github.com/yihuang/go-abi/generator/generator.go:604.34,606.5 1 0
github.com/yihuang/go-abi/generator/generator.go:606.10,608.5 1 1
github.com/yihuang/go-abi/generator/generator.go:609.4,613.34 4 1
github.com/yihuang/go-abi/generator/generator.go:614.9,626.34 10 1
github.com/yihuang/go-abi/generator/generator.go:626.34,628.5 1 1
github.com/yihuang/go-abi/generator/generator.go:628.10,630.5 1 1
github.com/yihuang/go-abi/generator/generator.go:631.4,638.16 6 1
github.com/yihuang/go-abi/generator/generator.go:642.2,643.10 2 1
github.com/yihuang/go-abi/generator/generator.go:646.50,647.24 1 1
github.com/yihuang/go-abi/generator/generator.go:647.24,653.3 5 0
github.com/yihuang/go-abi/generator/generator.go:655.2,660.29 4 1
github.com/yihuang/go-abi/generator/generator.go:660.29,663.3 2 1
github.com/yihuang/go-abi/generator/generator.go:665.2,669.29 3 1
github.com/yihuang/go-abi/generator/generator.go:669.29,671.3 1 1
github.com/yihuang/go-abi/generator/generator.go:673.2,674.10 2 1
github.com/yihuang/go-abi/generator/generator.go:677.55,684.28 4 1
github.com/yihuang/go-abi/generator/generator.go:684.28,686.3 1 1
github.com/yihuang/go-abi/generator/generator.go:686.8,692.3 5 0
github.com/yihuang/go-abi/generator/generator.go:695.2,730.29 28 1
github.com/yihuang/go-abi/generator/generator.go:730.29,733.3 2 0
github.com/yihuang/go-abi/generator/generator.go:733.8,739.3 5 1
github.com/yihuang/go-abi/generator/generator.go:742.62,743.23 1 1
github.com/yihuang/go-abi/generator/generator.go:743.23,745.3 1 0
github.com/yihuang/go-abi/generator/generator.go:747.2,750.33 4 1
github.com/yihuang/go-abi/generator/generator.go:750.33,759.3 3 1
github.com/yihuang/go-abi/generator/generator.go:760.2,765.33 5 1
github.com/yihuang/go-abi/generator/generator.go:765.33,770.3 3 1
github.com/yihuang/go-abi/generator/generator.go:771.2,771.10 1 1
github.com/yihuang/go-abi/generator/generator.go:775.65,778.19 1 1
github.com/yihuang/go-abi/generator/generator.go:779.21,781.24 1 1
github.com/yihuang/go-abi/generator/generator.go:781.24,783.4 1 0
github.com/yihuang/go-abi/generator/generator.go:783.9,783.32 1 1
github.com/yihuang/go-abi/generator/generator.go:783.32,785.4 1 0
github.com/yihuang/go-abi/generator/generator.go:785.9,785.32 1 1
github.com/yihuang/go-abi/generator/generator.go:785.32,787.4 1 0
github.com/yihuang/go-abi/generator/generator.go:787.9,787.32 1 1
github.com/yihuang/go-abi/generator/generator.go:787.32,789.4 1 0
github.com/yihuang/go-abi/generator/generator.go:789.9,789.34 1 1
github.com/yihuang/go-abi/generator/generator.go:789.34,791.4 1 0
github.com/yihuang/go-abi/generator/generator.go:791.9,793.4 1 1
github.com/yihuang/go-abi/generator/generator.go:794.20,796.24 1 0
github.com/yihuang/go-abi/generator/generator.go:796.24,798.4 1 0
github.com/yihuang/go-abi/generator/generator.go:798.9,798.32 1 0
github.com/yihuang/go-abi/generator/generator.go:798.32,800.4 1 0
github.com/yihuang/go-abi/generator/generator.go:800.9,800.32 1 0
github.com/yihuang/go-abi/generator/generator.go:800.32,802.4 1 0
github.com/yihuang/go-abi/generator/generator.go:802.9,802.32 1 0
github.com/yihuang/go-abi/generator/generator.go:802.32,804.4 1 0
github.com/yihuang/go-abi/generator/generator.go:804.9,806.4 1 0
github.com/yihuang/go-abi/generator/generator.go:807.24,808.26 1 1
github.com/yihuang/go-abi/generator/generator.go:809.21,810.16 1 0
github.com/yihuang/go-abi/generator/generator.go:811.23,812.18 1 1
github.com/yihuang/go-abi/generator/generator.go:813.22,814.18 1 0
github.com/yihuang/go-abi/generator/generator.go:815.27,816.47 1 0
github.com/yihuang/go-abi/generator/generator.go:817.22,820.39 2 0
github.com/yihuang/go-abi/generator/generator.go:821.22,824.55 2 0
github.com/yihuang/go-abi/generator/generator.go:825.22,829.75 2 1
github.com/yihuang/go-abi/generator/generator.go:829.75,831.4 1 1
github.com/yihuang/go-abi/generator/generator.go:832.3,832.20 1 1
github.com/yihuang/go-abi/generator/generator.go:833.10,834.67 1 0
github.com/yihuang/go-abi/generator/generator.go:838.87,840.27 1 1
github.com/yihuang/go-abi/generator/generator.go:840.27,843.3 1 1
github.com/yihuang/go-abi/generator/generator.go:845.2,845.78 1 1
github.com/yihuang/go-abi/generator/generator.go:848.72,849.23 1 1
github.com/yihuang/go-abi/generator/generator.go:849.23,850.64 1 0
github.com/yihuang/go-abi/generator/generator.go:853.2,853.27 1 1
github.com/yihuang/go-abi/generator/generator.go:853.27,856.3 1 1
github.com/yihuang/go-abi/generator/generator.go:858.2,858.66 1 1
github.com/yihuang/go-abi/generator/generator.go:861.73,862.27 1 1
github.com/yihuang/go-abi/generator/generator.go:862.27,863.62 1 0
github.com/yihuang/go-abi/generator/generator.go:866.2,866.67 1 1
github.com/yihuang/go-abi/generator/generator.go:869.93,870.27 1 1
github.com/yihuang/go-abi/generator/generator.go:870.27,872.3 1 0
github.com/yihuang/go-abi/generator/generator.go:873.2,873.84 1 1
github.com/yihuang/go-abi/generator/generator.go:876.79,877.27 1 1
github.com/yihuang/go-abi/generator/generator.go:877.27,878.69 1 0
github.com/yihuang/go-abi/generator/generator.go:880.2,880.73 1 1
github.com/yihuang/go-abi/generator/generator.go:884.62,885.21 1 1
github.com/yihuang/go-abi/generator/generator.go:885.21,887.3 1 1
github.com/yihuang/go-abi/generator/generator.go:889.2,890.37 2 1
github.com/yihuang/go-abi/generator/generator.go:890.37,892.3 1 1
github.com/yihuang/go-abi/generator/generator.go:894.2,900.13 5 0
github.com/yihuang/go-abi/generator/generator.go:901.35,902.28 1 0
github.com/yihuang/go-abi/generator/generator.go:903.24,904.31 1 0
github.com/yihuang/go-abi/generator/generator.go:905.21,906.28 1 0
github.com/yihuang/go-abi/generator/generator.go:907.27,908.35 1 0
github.com/yihuang/go-abi/generator/generator.go:909.22,910.30 1 0
github.com/yihuang/go-abi/generator/generator.go:911.22,912.69 1 0
github.com/yihuang/go-abi/generator/generator.go:913.10,914.67 1 0
github.com/yihuang/go-abi/generator/generator.go:917.2,917.10 1 0
github.com/yihuang/go-abi/generator/generator.go:921.62,922.21 1 1
github.com/yihuang/go-abi/generator/generator.go:922.21,924.3 1 1
github.com/yihuang/go-abi/generator/generator.go:926.2,927.37 2 1
github.com/yihuang/go-abi/generator/generator.go:927.37,929.3 1 1
github.com/yihuang/go-abi/generator/generator.go:931.2,937.13 5 0
github.com/yihuang/go-abi/generator/generator.go:938.35,939.28 1 0
github.com/yihuang/go-abi/generator/generator.go:940.24,941.31 1 0
github.com/yihuang/go-abi/generator/generator.go:942.21,943.28 1 0
github.com/yihuang/go-abi/generator/generator.go:944.27,945.35 1 0
github.com/yihuang/go-abi/generator/generator.go:946.22,947.30 1 0
github.com/yihuang/go-abi/generator/generator.go:948.22,949.69 1 0
github.com/yihuang/go-abi/generator/generator.go:950.10,951.67 1 0
github.com/yihuang/go-abi/generator/generator.go:954.2,954.10 1 0
github.com/yihuang/go-abi/generator/generator.go:958.62,959.22 1 1
github.com/yihuang/go-abi/generator/generator.go:959.22,961.3 1 1
github.com/yihuang/go-abi/generator/generator.go:963.2,966.31 4 0
github.com/yihuang/go-abi/generator/generator.go:966.31,970.30 3 0
github.com/yihuang/go-abi/generator/generator.go:970.30,972.4 1 0
github.com/yihuang/go-abi/generator/generator.go:973.3,973.81 1 0
github.com/yihuang/go-abi/generator/generator.go:975.2,975.10 1 0
github.com/yihuang/go-abi/generator/generator.go:978.50,980.30 1 0
github.com/yihuang/go-abi/generator/generator.go:980.30,981.33 1 0
github.com/yihuang/go-abi/generator/generator.go:981.33,983.4 1 0
github.com/yihuang/go-abi/generator/generator.go:987.2,994.32 4 0
github.com/yihuang/go-abi/generator/generator.go:994.32,996.3 1 0
github.com/yihuang/go-abi/generator/generator.go:996.8,1000.3 3 0
github.com/yihuang/go-abi/generator/generator.go:1003.58,1016.37 9 0
github.com/yihuang/go-abi/generator/generator.go:1016.37,1019.3 2 0
github.com/yihuang/go-abi/generator/generator.go:1021.2,1025.37 4 0
github.com/yihuang/go-abi/generator/generator.go:1025.37,1026.21 1 0
github.com/yihuang/go-abi/generator/generator.go:1026.21,1027.12 1 0
github.com/yihuang/go-abi/generator/generator.go:1029.3,1029.54 1 0
github.com/yihuang/go-abi/generator/generator.go:1032.2,1035.37 3 0
github.com/yihuang/go-abi/generator/generator.go:1035.37,1036.20 1 0
github.com/yihuang/go-abi/generator/generator.go:1036.20,1037.12 1 0
github.com/yihuang/go-abi/generator/generator.go:1039.3,1039.54 1 0
github.com/yihuang/go-abi/generator/generator.go:1042.2,1058.10 13 0
github.com/yihuang/go-abi/generator/generator.go:1061.57,1065.37 3 0
github.com/yihuang/go-abi/generator/generator.go:1065.37,1066.21 1 0
github.com/yihuang/go-abi/generator/generator.go:1066.21,1067.12 1 0
github.com/yihuang/go-abi/generator/generator.go:1069.3,1069.33 1 0
github.com/yihuang/go-abi/generator/generator.go:1072.2,1072.22 1 0
github.com/yihuang/go-abi/generator/generator.go:1072.22,1077.3 4 0
github.com/yihuang/go-abi/generator/generator.go:1079.2,1082.31 3 0
github.com/yihuang/go-abi/generator/generator.go:1082.31,1086.3 3 0
github.com/yihuang/go-abi/generator/generator.go:1087.2,1095.31 6 0
github.com/yihuang/go-abi/generator/generator.go:1095.31,1106.3 7 0
github.com/yihuang/go-abi/generator/generator.go:1108.2,1123.31 12 0
github.com/yihuang/go-abi/generator/generator.go:1123.31,1124.65 1 0
github.com/yihuang/go-abi/generator/generator.go:1124.65,1126.12 1 0
github.com/yihuang/go-abi/generator/generator.go:1128.3,1128.31 1 0
github.com/yihuang/go-abi/generator/generator.go:1131.2,1131.27 1 0
github.com/yihuang/go-abi/generator/generator.go:1131.27,1133.3 1 0
github.com/yihuang/go-abi/generator/generator.go:1134.2,1134.31 1 0
github.com/yihuang/go-abi/generator/generator.go:1134.31,1135.36 1 0
github.com/yihuang/go-abi/generator/generator.go:1135.36,1136.12 1 0
github.com/yihuang/go-abi/generator/generator.go:1139.3,1144.13 6 0
github.com/yihuang/go-abi/generator/generator.go:1147.2,1148.10 2 0
github.com/yihuang/go-abi/generator/generator.go:1151.64,1154.34 3 0
github.com/yihuang/go-abi/generator/generator.go:1154.34,1160.3 4 0
github.com/yihuang/go-abi/generator/generator.go:1160.8,1160.22 1 0
github.com/yihuang/go-abi/generator/generator.go:1160.22,1168.3 6 0
github.com/yihuang/go-abi/generator/generator.go:1168.8,1175.3 5 0
github.com/yihuang/go-abi/generator/options.go:16.42,22.27 2 1
github.com/yihuang/go-abi/generator/options.go:22.27,24.3 1 1
github.com/yihuang/go-abi/generator/options.go:25.2,25.16 1 1
github.com/yihuang/go-abi/generator/options.go:30.38,31.26 1 0
github.com/yihuang/go-abi/generator/options.go:31.26,33.3 1 0
github.com/yihuang/go-abi/generator/options.go:36.30,37.26 1 0
github.com/yihuang/go-abi/generator/options.go:37.26,39.3 1 0
github.com/yihuang/go-abi/generator/options.go:42.28,43.26 1 0
github.com/yihuang/go-abi/generator/options.go:43.26,45.3 1 0
github.com/yihuang/go-abi/generator/options.go:48.48,49.26 1 1
github.com/yihuang/go-abi/generator/options.go:49.26,51.3 1 1
github.com/yihuang/go-abi/generator/options.go:54.49,55.26 1 1
github.com/yihuang/go-abi/generator/options.go:55.26,57.3 1 1
github.com/yihuang/go-abi/generator/options.go:60.34,61.26 1 0
github.com/yihuang/go-abi/generator/options.go:61.26,63.3 1 0
github.com/yihuang/go-abi/generator/options.go:66.34,67.26 1 0
github.com/yihuang/go-abi/generator/options.go:67.26,69.3 1 0
github.com/yihuang/go-abi/generator/struct.go:15.63,20.2 1 1
github.com/yihuang/go-abi/generator/struct.go:22.72,24.21 2 1
github.com/yihuang/go-abi/generator/struct.go:24.21,26.3 1 0
github.com/yihuang/go-abi/generator/struct.go:27.2,30.3 1 1
github.com/yihuang/go-abi/generator/struct.go:41.70,45.29 4 1
github.com/yihuang/go-abi/generator/struct.go:45.29,47.23 2 1
github.com/yihuang/go-abi/generator/struct.go:47.23,49.4 1 0
github.com/yihuang/go-abi/generator/struct.go:50.3,52.36 3 1
github.com/yihuang/go-abi/generator/struct.go:54.2,58.3 1 1
github.com/yihuang/go-abi/generator/struct.go:61.44,63.30 2 1
github.com/yihuang/go-abi/generator/struct.go:63.30,65.3 1 1
github.com/yihuang/go-abi/generator/struct.go:66.2,70.3 1 1
github.com/yihuang/go-abi/generator/struct.go:73.53,76.37 3 0
github.com/yihuang/go-abi/generator/struct.go:76.37,77.20 1 0
github.com/yihuang/go-abi/generator/struct.go:77.20,78.12 1 0
github.com/yihuang/go-abi/generator/struct.go:80.3,80.39 1 0
github.com/yihuang/go-abi/generator/struct.go:82.2,82.45 1 0
github.com/yihuang/go-abi/generator/struct.go:85.40,87.33 2 1
github.com/yihuang/go-abi/generator/struct.go:87.33,89.3 1 1
github.com/yihuang/go-abi/generator/struct.go:90.2,90.14 1 1
github.com/yihuang/go-abi/generator/struct.go:93.40,94.33 1 0
github.com/yihuang/go-abi/generator/struct.go:94.33,95.33 1 0
github.com/yihuang/go-abi/generator/struct.go:95.33,97.4 1 0
github.com/yihuang/go-abi/generator/struct.go:99.2,99.14 1 0
github.com/yihuang/go-abi/generator/utils.go:16.31,18.29 2 0
github.com/yihuang/go-abi/generator/utils.go:18.29,20.3 1 0
github.com/yihuang/go-abi/generator/utils.go:21.2,21.32 1 0
github.com/yihuang/go-abi/generator/utils.go:24.33,25.13 1 1
github.com/yihuang/go-abi/generator/utils.go:25.13,27.3 1 0
github.com/yihuang/go-abi/generator/utils.go:28.2,28.39 1 1
github.com/yihuang/go-abi/generator/utils.go:31.57,33.19 2 1
github.com/yihuang/go-abi/generator/utils.go:33.19,35.3 1 1
github.com/yihuang/go-abi/generator/utils.go:36.2,37.13 2 1
github.com/yihuang/go-abi/generator/utils.go:47.37,48.24 1 1
github.com/yihuang/go-abi/generator/utils.go:48.24,49.37 1 1
github.com/yihuang/go-abi/generator/utils.go:49.37,50.28 1 1
github.com/yihuang/go-abi/generator/utils.go:50.28,52.5 1 1
github.com/yihuang/go-abi/generator/utils.go:54.3,54.15 1 1
github.com/yihuang/go-abi/generator/utils.go:56.2,56.122 1 1
github.com/yihuang/go-abi/generator/utils.go:67.34,68.51 1 1
github.com/yihuang/go-abi/generator/utils.go:68.51,70.57 1 0
github.com/yihuang/go-abi/generator/utils.go:70.57,72.4 1 0
github.com/yihuang/go-abi/generator/utils.go:73.3,73.21 1 0
github.com/yihuang/go-abi/generator/utils.go:74.8,74.52 1 1
github.com/yihuang/go-abi/generator/utils.go:74.52,76.37 2 0
github.com/yihuang/go-abi/generator/utils.go:76.37,78.4 1 0
github.com/yihuang/go-abi/generator/utils.go:79.3,79.15 1 0
github.com/yihuang/go-abi/generator/utils.go:81.2,81.11 1 1
github.com/yihuang/go-abi/generator/utils.go:84.42,86.29 2 1
github.com/yihuang/go-abi/generator/utils.go:86.29,88.3 1 1
github.com/yihuang/go-abi/generator/utils.go:89.2,89.14 1 1
github.com/yihuang/go-abi/generator/utils.go:94.44,96.2 1 0
github.com/yihuang/go-abi/generator/utils.go:98.53,100.13 2 1
github.com/yihuang/go-abi/generator/utils.go:101.19,102.37 1 1
github.com/yihuang/go-abi/generator/utils.go:102.37,104.4 1 1
github.com/yihuang/go-abi/generator/utils.go:105.32,106.31 1 0
github.com/yihuang/go-abi/generator/utils.go:111.38,114.2 2 1
github.com/yihuang/go-abi/generator/utils.go:118.54,120.13 2 0
github.com/yihuang/go-abi/generator/utils.go:120.13,122.3 1 0
github.com/yihuang/go-abi/generator/utils.go:124.2,125.29 2 0
github.com/yihuang/go-abi/generator/utils.go:125.29,127.22 2 0
github.com/yihuang/go-abi/generator/utils.go:127.22,130.32 3 0
github.com/yihuang/go-abi/generator/utils.go:130.32,132.5 1 0
github.com/yihuang/go-abi/generator/utils.go:135.2,135.15 1 0
github.com/yihuang/go-abi/generator/utils.go:143.41,147.20 3 0
github.com/yihuang/go-abi/generator/utils.go:148.9,152.4 1 0
github.com/yihuang/go-abi/generator/utils.go:153.9,156.4 1 0
github.com/yihuang/go-abi/generator/utils.go:157.10,158.40 1 0
github.com/yihuang/go-abi/generator/utils.go:160.2,160.13 1 0
github.com/yihuang/go-abi/generator/utils.go:164.28,165.9 1 0
github.com/yihuang/go-abi/generator/utils.go:166.14,167.11 1 0
github.com/yihuang/go-abi/generator/utils.go:168.15,169.12 1 0
github.com/yihuang/go-abi/generator/utils.go:170.15,171.12 1 0
github.com/yihuang/go-abi/generator/utils.go:172.10,173.12 1 0
github.com/yihuang/go-abi/generator/utils.go:179.35,180.13 1 1
github.com/yihuang/go-abi/generator/utils.go:181.46,182.15 1 1
github.com/yihuang/go-abi/generator/utils.go:183.19,184.37 1 1
github.com/yihuang/go-abi/generator/utils.go:184.37,185.27 1 1
github.com/yihuang/go-abi/generator/utils.go:185.27,187.5 1 1
github.com/yihuang/go-abi/generator/utils.go:189.3,189.14 1 0
github.com/yihuang/go-abi/generator/utils.go:190.19,191.30 1 0
github.com/yihuang/go-abi/generator/utils.go:192.74,193.14 1 1
github.com/yihuang/go-abi/generator/utils.go:194.10,195.15 1 0
github.com/yihuang/go-abi/generator/utils.go:201.40,202.13 1 1
github.com/yihuang/go-abi/generator/utils.go:203.18,204.11 1 0
github.com/yihuang/go-abi/generator/utils.go:205.21,206.12 1 0
github.com/yihuang/go-abi/generator/utils.go:207.29,208.20 1 1
github.com/yihuang/go-abi/generator/utils.go:209.24,210.16 1 0
github.com/yihuang/go-abi/generator/utils.go:211.19,213.19 2 0
github.com/yihuang/go-abi/generator/utils.go:213.19,215.4 1 0
github.com/yihuang/go-abi/generator/utils.go:216.3,216.27 1 0
github.com/yihuang/go-abi/generator/utils.go:217.19,219.37 2 0
github.com/yihuang/go-abi/generator/utils.go:219.37,221.14 2 0
github.com/yihuang/go-abi/generator/utils.go:221.14,223.5 1 0
github.com/yihuang/go-abi/generator/utils.go:224.4,224.15 1 0
github.com/yihuang/go-abi/generator/utils.go:226.3,226.15 1 0
github.com/yihuang/go-abi/generator/utils.go:227.10,228.12 1 0
github.com/yihuang/go-abi/generator/utils.go:233.48,235.29 2 1
github.com/yihuang/go-abi/generator/utils.go:235.29,237.13 2 1
github.com/yihuang/go-abi/generator/utils.go:237.13,239.4 1 0
github.com/yihuang/go-abi/generator/utils.go:240.3,240.14 1 1
github.com/yihuang/go-abi/generator/utils.go:242.2,242.14 1 1
github.com/yihuang/go-abi/human.go:37.63,40.16 2 1
github.com/yihuang/go-abi/human.go:40.16,42.3 1 0
github.com/yihuang/go-abi/human.go:45.2,46.32 2 1
github.com/yihuang/go-abi/human.go:46.32,48.50 2 1
github.com/yihuang/go-abi/human.go:48.50,49.12 1 1
github.com/yihuang/go-abi/human.go:53.3,53.30 1 1
github.com/yihuang/go-abi/human.go:53.30,54.12 1 1
github.com/yihuang/go-abi/human.go:57.3,58.17 2 1
github.com/yihuang/go-abi/human.go:58.17,60.4 1 1
github.com/yihuang/go-abi/human.go:61.3,61.18 1 1
github.com/yihuang/go-abi/human.go:61.18,63.4 1 1
github.com/yihuang/go-abi/human.go:66.2,66.23 1 1
github.com/yihuang/go-abi/human.go:66.23,68.3 1 0
github.com/yihuang/go-abi/human.go:70.2,71.16 2 1
github.com/yihuang/go-abi/human.go:71.16,73.3 1 0
github.com/yihuang/go-abi/human.go:75.2,75.23 1 1
github.com/yihuang/go-abi/human.go:79.42,81.2 1 1
github.com/yihuang/go-abi/human.go:84.117,87.16 2 1
github.com/yihuang/go-abi/human.go:87.16,89.3 1 1
github.com/yihuang/go-abi/human.go:90.2,90.17 1 1
github.com/yihuang/go-abi/human.go:90.17,92.3 1 1
github.com/yihuang/go-abi/human.go:95.2,96.16 2 1
github.com/yihuang/go-abi/human.go:96.16,98.3 1 0
github.com/yihuang/go-abi/human.go:99.2,99.17 1 1
github.com/yihuang/go-abi/human.go:99.17,101.3 1 1
github.com/yihuang/go-abi/human.go:104.2,105.16 2 1
github.com/yihuang/go-abi/human.go:105.16,107.3 1 0
github.com/yihuang/go-abi/human.go:108.2,108.17 1 1
github.com/yihuang/go-abi/human.go:108.17,110.3 1 1
github.com/yihuang/go-abi/human.go:113.2,113.46 1 1
github.com/yihuang/go-abi/human.go:113.46,115.3 1 1
github.com/yihuang/go-abi/human.go:117.2,117.66 1 1
github.com/yihuang/go-abi/human.go:121.121,123.20 2 1
github.com/yihuang/go-abi/human.go:123.20,125.3 1 1
github.com/yihuang/go-abi/human.go:127.2,133.21 5 1
github.com/yihuang/go-abi/human.go:133.21,136.46 2 1
github.com/yihuang/go-abi/human.go:136.46,137.22 1 1
github.com/yihuang/go-abi/human.go:137.22,139.5 1 1
github.com/yihuang/go-abi/human.go:139.10,139.29 1 1
github.com/yihuang/go-abi/human.go:139.29,141.24 2 1
github.com/yihuang/go-abi/human.go:141.24,143.11 2 1
github.com/yihuang/go-abi/human.go:150.2,151.39 2 1
github.com/yihuang/go-abi/human.go:151.39,153.25 2 1
github.com/yihuang/go-abi/human.go:153.25,156.23 2 1
github.com/yihuang/go-abi/human.go:156.23,160.40 3 1
github.com/yihuang/go-abi/human.go:160.40,161.24 1 1
github.com/yihuang/go-abi/human.go:161.24,163.7 1 1
github.com/yihuang/go-abi/human.go:163.12,163.31 1 1
github.com/yihuang/go-abi/human.go:163.31,165.26 2 1
github.com/yihuang/go-abi/human.go:165.26,167.13 2 1
github.com/yihuang/go-abi/human.go:176.2,177.24 2 1
github.com/yihuang/go-abi/human.go:177.24,180.33 2 1
github.com/yihuang/go-abi/human.go:180.33,182.19 2 1
github.com/yihuang/go-abi/human.go:183.19,184.32 1 0
github.com/yihuang/go-abi/human.go:185.16,186.29 1 1
github.com/yihuang/go-abi/human.go:187.16,188.29 1 0
github.com/yihuang/go-abi/human.go:191.8,194.30 2 1
github.com/yihuang/go-abi/human.go:194.30,196.21 2 1
github.com/yihuang/go-abi/human.go:197.19,198.32 1 1
github.com/yihuang/go-abi/human.go:199.16,200.29 1 0
github.com/yihuang/go-abi/human.go:201.16,202.29 1 0
github.com/yihuang/go-abi/human.go:207.2,208.16 2 1
github.com/yihuang/go-abi/human.go:208.16,210.3 1 1
github.com/yihuang/go-abi/human.go:212.2,213.22 2 1
github.com/yihuang/go-abi/human.go:213.22,215.17 2 1
github.com/yihuang/go-abi/human.go:215.17,217.4 1 1
github.com/yihuang/go-abi/human.go:220.2,226.8 1 1
github.com/yihuang/go-abi/human.go:230.118,232.20 2 1
github.com/yihuang/go-abi/human.go:232.20,234.3 1 1
github.com/yihuang/go-abi/human.go:236.2,240.16 4 1
github.com/yihuang/go-abi/human.go:240.16,242.3 1 0
github.com/yihuang/go-abi/human.go:244.2,249.8 1 1
github.com/yihuang/go-abi/human.go:253.124,255.20 2 1
github.com/yihuang/go-abi/human.go:255.20,257.3 1 1
github.com/yihuang/go-abi/human.go:259.2,262.27 3 1
github.com/yihuang/go-abi/human.go:262.27,264.3 1 1
github.com/yihuang/go-abi/human.go:266.2,267.16 2 1
github.com/yihuang/go-abi/human.go:267.16,269.3 1 0
github.com/yihuang/go-abi/human.go:271.2,275.8 1 1
github.com/yihuang/go-abi/human.go:279.56,281.20 2 1
github.com/yihuang/go-abi/human.go:281.20,283.3 1 1
github.com/yihuang/go-abi/human.go:285.2,288.27 3 1
github.com/yihuang/go-abi/human.go:288.27,290.3 1 1
github.com/yihuang/go-abi/human.go:292.2,295.3 1 1
github.com/yihuang/go-abi/human.go:299.144,300.40 1 1
github.com/yihuang/go-abi/human.go:300.40,302.3 1 1
github.com/yihuang/go-abi/human.go:305.2,306.16 2 1
github.com/yihuang/go-abi/human.go:306.16,308.3 1 0
github.com/yihuang/go-abi/human.go:310.2,312.31 2 1
github.com/yihuang/go-abi/human.go:312.31,314.18 2 1
github.com/yihuang/go-abi/human.go:314.18,315.12 1 0
github.com/yihuang/go-abi/human.go:319.3,320.17 2 1
github.com/yihuang/go-abi/human.go:320.17,322.4 1 1
github.com/yihuang/go-abi/human.go:324.3,324.36 1 1
github.com/yihuang/go-abi/human.go:327.2,327.20 1 1
github.com/yihuang/go-abi/human.go:331.140,334.38 1 1
github.com/yihuang/go-abi/human.go:334.38,337.31 2 1
github.com/yihuang/go-abi/human.go:337.31,338.14 1 1
github.com/yihuang/go-abi/human.go:339.13,340.17 1 1
github.com/yihuang/go-abi/human.go:341.13,343.24 2 1
github.com/yihuang/go-abi/human.go:343.24,346.6 1 1
github.com/yihuang/go-abi/human.go:352.2,353.20 2 1
github.com/yihuang/go-abi/human.go:353.20,355.3 1 1
github.com/yihuang/go-abi/human.go:357.2,362.20 5 1
github.com/yihuang/go-abi/human.go:362.20,364.3 1 1
github.com/yihuang/go-abi/human.go:365.2,369.20 3 1
github.com/yihuang/go-abi/human.go:369.20,370.60 1 1
github.com/yihuang/go-abi/human.go:370.60,378.15 2 1
github.com/yihuang/go-abi/human.go:378.15,380.5 1 1
github.com/yihuang/go-abi/human.go:381.4,381.22 1 1
github.com/yihuang/go-abi/human.go:386.2,388.16 3 1
github.com/yihuang/go-abi/human.go:388.16,390.3 1 1
github.com/yihuang/go-abi/human.go:392.2,397.13 2 1
github.com/yihuang/go-abi/human.go:397.13,399.3 1 1
github.com/yihuang/go-abi/human.go:401.2,401.22 1 1
github.com/yihuang/go-abi/human.go:405.145,409.30 3 1
github.com/yihuang/go-abi/human.go:409.30,410.16 1 1
github.com/yihuang/go-abi/human.go:410.16,412.4 1 1
github.com/yihuang/go-abi/human.go:412.9,412.23 1 1
github.com/yihuang/go-abi/human.go:412.23,414.23 2 1
github.com/yihuang/go-abi/human.go:414.23,416.10 2 1
github.com/yihuang/go-abi/human.go:421.2,421.20 1 1
github.com/yihuang/go-abi/human.go:421.20,423.3 1 0
github.com/yihuang/go-abi/human.go:426.2,430.16 3 1
github.com/yihuang/go-abi/human.go:430.16,432.3 1 0
github.com/yihuang/go-abi/human.go:435.2,440.32 5 1
github.com/yihuang/go-abi/human.go:440.32,442.22 2 1
github.com/yihuang/go-abi/human.go:442.22,444.42 1 1
github.com/yihuang/go-abi/human.go:444.42,448.5 2 1
github.com/yihuang/go-abi/human.go:448.10,448.113 1 1
github.com/yihuang/go-abi/human.go:448.113,453.5 3 0
github.com/yihuang/go-abi/human.go:453.10,456.5 1 1
github.com/yihuang/go-abi/human.go:460.2,466.13 2 1
github.com/yihuang/go-abi/human.go:466.13,468.3 1 1
github.com/yihuang/go-abi/human.go:468.8,468.25 1 1
github.com/yihuang/go-abi/human.go:468.25,470.3 1 0
github.com/yihuang/go-abi/human.go:475.2,475.22 1 1
github.com/yihuang/go-abi/human.go:479.65,484.23 4 1
github.com/yihuang/go-abi/human.go:484.23,485.16 1 1
github.com/yihuang/go-abi/human.go:485.16,488.4 2 1
github.com/yihuang/go-abi/human.go:488.9,488.23 1 1
github.com/yihuang/go-abi/human.go:488.23,491.4 2 1
github.com/yihuang/go-abi/human.go:491.9,491.42 1 1
github.com/yihuang/go-abi/human.go:491.42,494.18 2 1
github.com/yihuang/go-abi/human.go:494.18,496.5 1 1
github.com/yihuang/go-abi/human.go:497.4,497.19 1 1
github.com/yihuang/go-abi/human.go:498.9,500.4 1 1
github.com/yihuang/go-abi/human.go:504.2,505.16 2 1
github.com/yihuang/go-abi/human.go:505.16,507.3 1 1
github.com/yihuang/go-abi/human.go:510.2,510.21 1 1
github.com/yihuang/go-abi/human.go:510.21,512.3 1 0
github.com/yihuang/go-abi/human.go:514.2,514.19 1 1
github.com/yihuang/go-abi/human.go:518.52,520.38 1 1
github.com/yihuang/go-abi/human.go:520.38,523.17 3 0
github.com/yihuang/go-abi/human.go:523.17,525.4 1 0
github.com/yihuang/go-abi/human.go:526.3,526.36 1 0
github.com/yihuang/go-abi/human.go:530.2,530.86 1 1
github.com/yihuang/go-abi/human.go:530.86,535.17 4 0
github.com/yihuang/go-abi/human.go:535.17,537.4 1 0
github.com/yihuang/go-abi/human.go:539.3,539.50 1 0
github.com/yihuang/go-abi/human.go:539.50,541.4 1 0
github.com/yihuang/go-abi/human.go:543.3,543.51 1 0
github.com/yihuang/go-abi/human.go:547.2,554.55 2 1
github.com/yihuang/go-abi/human.go:554.55,556.3 1 1
github.com/yihuang/go-abi/human.go:559.2,559.41 1 1
github.com/yihuang/go-abi/human.go:559.41,560.23 1 1
github.com/yihuang/go-abi/human.go:560.23,562.81 2 1
github.com/yihuang/go-abi/human.go:562.81,564.5 1 1
github.com/yihuang/go-abi/human.go:566.3,566.59 1 0
github.com/yihuang/go-abi/human.go:570.2,570.77 1 1
github.com/yihuang/go-abi/human.go:570.77,573.41 2 1
github.com/yihuang/go-abi/human.go:573.41,575.4 1 1
github.com/yihuang/go-abi/human.go:575.9,577.4 1 1
github.com/yihuang/go-abi/human.go:579.3,579.34 1 1
github.com/yihuang/go-abi/human.go:579.34,582.4 1 1
github.com/yihuang/go-abi/human.go:584.3,584.33 1 1
github.com/yihuang/go-abi/human.go:584.33,586.82 2 1
github.com/yihuang/go-abi/human.go:586.82,588.5 1 1
github.com/yihuang/go-abi/human.go:590.3,590.61 1 1
github.com/yihuang/go-abi/human.go:594.2,594.72 1 1
github.com/yihuang/go-abi/human.go:594.72,596.3 1 0
github.com/yihuang/go-abi/human.go:600.2,600.21 1 1
github.com/yihuang/go-abi/human.go:604.80,609.29 3 1
github.com/yihuang/go-abi/human.go:609.29,611.50 2 1
github.com/yihuang/go-abi/human.go:611.50,612.12 1 1
github.com/yihuang/go-abi/human.go:615.3,616.21 2 1
github.com/yihuang/go-abi/human.go:616.21,617.12 1 1
github.com/yihuang/go-abi/human.go:620.3,627.33 5 1
github.com/yihuang/go-abi/human.go:627.33,629.18 2 1
github.com/yihuang/go-abi/human.go:629.18,630.13 1 1
github.com/yihuang/go-abi/human.go:634.4,635.22 2 1
github.com/yihuang/go-abi/human.go:635.22,636.13 1 0
github.com/yihuang/go-abi/human.go:639.4,641.22 3 1
github.com/yihuang/go-abi/human.go:641.22,643.5 1 1
github.com/yihuang/go-abi/human.go:645.4,647.18 3 1
github.com/yihuang/go-abi/human.go:647.18,649.5 1 0
github.com/yihuang/go-abi/human.go:652.4,656.46 2 1
github.com/yihuang/go-abi/human.go:659.3,659.27 1 1
github.com/yihuang/go-abi/human.go:659.27,661.4 1 0
github.com/yihuang/go-abi/human.go:663.3,663.36 1 1
github.com/yihuang/go-abi/human.go:667.2,667.47 1 1
github.com/yihuang/go-abi/human.go:667.47,669.17 2 1
github.com/yihuang/go-abi/human.go:669.17,671.4 1 0
github.com/yihuang/go-abi/human.go:672.3,672.27 1 1
github.com/yihuang/go-abi/human.go:675.2,675.21 1 1
github.com/yihuang/go-abi/human.go:679.173,682.35 2 1
github.com/yihuang/go-abi/human.go:682.35,686.44 2 1
github.com/yihuang/go-abi/human.go:686.44,688.12 2 0
github.com/yihuang/go-abi/human.go:691.3,692.21 2 1
github.com/yihuang/go-abi/human.go:692.21,694.4 1 0
github.com/yihuang/go-abi/human.go:696.3,700.56 3 1
github.com/yihuang/go-abi/human.go:700.56,702.28 1 1
github.com/yihuang/go-abi/human.go:702.28,704.5 1 0
github.com/yihuang/go-abi/human.go:707.4,708.32 2 1
github.com/yihuang/go-abi/human.go:708.32,710.5 1 0
github.com/yihuang/go-abi/human.go:711.4,714.18 3 1
github.com/yihuang/go-abi/human.go:714.18,716.5 1 0
github.com/yihuang/go-abi/human.go:719.4,725.47 2 1
github.com/yihuang/go-abi/human.go:726.9,728.54 1 1
github.com/yihuang/go-abi/human.go:728.54,730.5 1 0
github.com/yihuang/go-abi/human.go:731.4,731.42 1 1
github.com/yihuang/go-abi/human.go:735.2,735.24 1 1
github.com/yihuang/go-abi/stdlib.go:23.13,25.16 2 1
github.com/yihuang/go-abi/stdlib.go:25.16,26.13 1 0
github.com/yihuang/go-abi/stdlib.go:28.2,29.16 2 1
github.com/yihuang/go-abi/stdlib.go:29.16,30.13 1 0
github.com/yihuang/go-abi/stdlib.go:33.2,34.37 2 1
github.com/yihuang/go-abi/stdlib.go:34.37,35.39 1 1
github.com/yihuang/go-abi/stdlib.go:35.39,37.4 1 1
github.com/yihuang/go-abi/stdlib.go:44.34,56.31 3 0
github.com/yihuang/go-abi/stdlib.go:56.31,59.3 2 0
github.com/yihuang/go-abi/stdlib.go:61.2,62.31 2 0
github.com/yihuang/go-abi/stdlib.go:62.31,64.3 1 0
github.com/yihuang/go-abi/stdlib.go:66.2,66.80 1 0
github.com/yihuang/go-abi/stdlib.go:69.38,72.2 2 0
github.com/yihuang/go-abi/stdlib_uint256.abi.go:34.67,37.2 2 0
github.com/yihuang/go-abi/stdlib_uint256.abi.go:40.74,47.29 4 0
github.com/yihuang/go-abi/stdlib_uint256.abi.go:47.29,49.17 2 0
github.com/yihuang/go-abi/stdlib_uint256.abi.go:49.17,51.4 1 0
github.com/yihuang/go-abi/stdlib_uint256.abi.go:52.3,52.14 1 0
github.com/yihuang/go-abi/stdlib_uint256.abi.go:55.2,55.25 1 0
github.com/yihuang/go-abi/stdlib_uint256.abi.go:59.54,60.11 1 0
github.com/yihuang/go-abi/stdlib_uint256.abi.go:60.11,62.3 1 0
github.com/yihuang/go-abi/stdlib_uint256.abi.go:63.2,63.16 1 0
github.com/yihuang/go-abi/stdlib_uint256.abi.go:67.61,74.29 4 0
github.com/yihuang/go-abi/stdlib_uint256.abi.go:74.29,76.17 2 0
github.com/yihuang/go-abi/stdlib_uint256.abi.go:76.17,78.4 1 0
github.com/yihuang/go-abi/stdlib_uint256.abi.go:79.3,79.14 1 0
github.com/yihuang/go-abi/stdlib_uint256.abi.go:82.2,82.25 1 0
github.com/yihuang/go-abi/stdlib_uint256.abi.go:86.57,94.2 3 0
github.com/yihuang/go-abi/stdlib_uint256.abi.go:97.59,100.2 2 0
github.com/yihuang/go-abi/stdlib_uint256.abi.go:103.61,106.2 2 0
github.com/yihuang/go-abi/stdlib_uint256.abi.go:109.68,116.29 4 0
github.com/yihuang/go-abi/stdlib_uint256.abi.go:116.29,118.17 2 0
github.com/yihuang/go-abi/stdlib_uint256.abi.go:118.17,120.4 1 0
github.com/yihuang/go-abi/stdlib_uint256.abi.go:121.3,121.14 1 0
github.com/yihuang/go-abi/stdlib_uint256.abi.go:124.2,124.25 1 0
github.com/yihuang/go-abi/stdlib_uint256.abi.go:128.61,131.2 2 0
github.com/yihuang/go-abi/stdlib_uint256.abi.go:134.68,141.29 4 0
github.com/yihuang/go-abi/stdlib_uint256.abi.go:141.29,143.17 2 0
github.com/yihuang/go-abi/stdlib_uint256.abi.go:143.17,145.4 1 0
github.com/yihuang/go-abi/stdlib_uint256.abi.go:146.3,146.14 1 0
github.com/yihuang/go-abi/stdlib_uint256.abi.go:149.2,149.25 1 0
github.com/yihuang/go-abi/stdlib_uint256.abi.go:153.61,156.2 2 0
github.com/yihuang/go-abi/stdlib_uint256.abi.go:159.68,166.29 4 0
github.com/yihuang/go-abi/stdlib_uint256.abi.go:166.29,168.17 2 0
github.com/yihuang/go-abi/stdlib_uint256.abi.go:168.17,170.4 1 0
github.com/yihuang/go-abi/stdlib_uint256.abi.go:171.3,171.14 1 0
github.com/yihuang/go-abi/stdlib_uint256.abi.go:174.2,174.25 1 0
github.com/yihuang/go-abi/stdlib_uint256.abi.go:178.61,181.2 2 0
github.com/yihuang/go-abi/stdlib_uint256.abi.go:184.68,191.29 4 0
github.com/yihuang/go-abi/stdlib_uint256.abi.go:191.29,193.17 2 0
github.com/yihuang/go-abi/stdlib_uint256.abi.go:193.17,195.4 1 0
github.com/yihuang/go-abi/stdlib_uint256.abi.go:196.3,196.14 1 0
github.com/yihuang/go-abi/stdlib_uint256.abi.go:199.2,199.25 1 0
github.com/yihuang/go-abi/stdlib_uint256.abi.go:203.61,206.2 2 0
github.com/yihuang/go-abi/stdlib_uint256.abi.go:209.68,216.29 4 0
github.com/yihuang/go-abi/stdlib_uint256.abi.go:216.29,218.17 2 0
github.com/yihuang/go-abi/stdlib_uint256.abi.go:218.17,220.4 1 0
github.com/yihuang/go-abi/stdlib_uint256.abi.go:221.3,221.14 1 0
github.com/yihuang/go-abi/stdlib_uint256.abi.go:224.2,224.25 1 0
github.com/yihuang/go-abi/stdlib_uint256.abi.go:228.61,231.2 2 0
github.com/yihuang/go-abi/stdlib_uint256.abi.go:234.68,241.29 4 0
github.com/yihuang/go-abi/stdlib_uint256.abi.go:241.29,243.17 2 0
github.com/yihuang/go-abi/stdlib_uint256.abi.go:243.17,245.4 1 0
github.com/yihuang/go-abi/stdlib_uint256.abi.go:246.3,246.14 1 0
github.com/yihuang/go-abi/stdlib_uint256.abi.go:249.2,249.25 1 0
github.com/yihuang/go-abi/stdlib_uint256.abi.go:253.61,256.2 2 0
github.com/yihuang/go-abi/stdlib_uint256.abi.go:259.68,266.29 4 0
github.com/yihuang/go-abi/stdlib_uint256.abi.go:266.29,268.17 2 0
github.com/yihuang/go-abi/stdlib_uint256.abi.go:268.17,270.4 1 0
github.com/yihuang/go-abi/stdlib_uint256.abi.go:271.3,271.14 1 0
github.com/yihuang/go-abi/stdlib_uint256.abi.go:274.2,274.25 1 0
github.com/yihuang/go-abi/stdlib_uint256.abi.go:278.61,281.2 2 0
github.com/yihuang/go-abi/stdlib_uint256.abi.go:284.68,291.29 4 0
github.com/yihuang/go-abi/stdlib_uint256.abi.go:291.29,293.17 2 0
github.com/yihuang/go-abi/stdlib_uint256.abi.go:293.17,295.4 1 0
github.com/yihuang/go-abi/stdlib_uint256.abi.go:296.3,296.14 1 0
github.com/yihuang/go-abi/stdlib_uint256.abi.go:299.2,299.25 1 0
github.com/yihuang/go-abi/stdlib_uint256.abi.go:303.61,306.2 2 0
github.com/yihuang/go-abi/stdlib_uint256.abi.go:309.68,316.29 4 0
github.com/yihuang/go-abi/stdlib_uint256.abi.go:316.29,318.17 2 0
github.com/yihuang/go-abi/stdlib_uint256.abi.go:318.17,320.4 1 0
github.com/yihuang/go-abi/stdlib_uint256.abi.go:321.3,321.14 1 0
github.com/yihuang/go-abi/stdlib_uint256.abi.go:324.2,324.25 1 0
github.com/yihuang/go-abi/stdlib_uint256.abi.go:328.61,331.2 2 0
github.com/yihuang/go-abi/stdlib_uint256.abi.go:334.68,341.29 4 0
github.com/yihuang/go-abi/stdlib_uint256.abi.go:341.29,343.17 2 0
github.com/yihuang/go-abi/stdlib_uint256.abi.go:343.17,345.4 1 0
github.com/yihuang/go-abi/stdlib_uint256.abi.go:346.3,346.14 1 0
github.com/yihuang/go-abi/stdlib_uint256.abi.go:349.2,349.25 1 0
github.com/yihuang/go-abi/stdlib_uint256.abi.go:353.66,360.29 4 0
github.com/yihuang/go-abi/stdlib_uint256.abi.go:360.29,362.17 2 0
github.com/yihuang/go-abi/stdlib_uint256.abi.go:362.17,364.4 1 0
github.com/yihuang/go-abi/stdlib_uint256.abi.go:365.3,365.14 1 0
github.com/yihuang/go-abi/stdlib_uint256.abi.go:368.2,368.25 1 0
github.com/yihuang/go-abi/stdlib_uint256.abi.go:372.59,375.2 2 0
github.com/yihuang/go-abi/stdlib_uint256.abi.go:378.61,381.2 2 0
github.com/yihuang/go-abi/stdlib_uint256.abi.go:384.68,391.29 4 0
github.com/yihuang/go-abi/stdlib_uint256.abi.go:391.29,393.17 2 0
github.com/yihuang/go-abi/stdlib_uint256.abi.go:393.17,395.4 1 0
github.com/yihuang/go-abi/stdlib_uint256.abi.go:396.3,396.14 1 0
github.com/yihuang/go-abi/stdlib_uint256.abi.go:399.2,399.25 1 0
github.com/yihuang/go-abi/stdlib_uint256.abi.go:403.61,406.2 2 0
github.com/yihuang/go-abi/stdlib_uint256.abi.go:409.68,416.29 4 0
github.com/yihuang/go-abi/stdlib_uint256.abi.go:416.29,418.17 2 0
github.com/yihuang/go-abi/stdlib_uint256.abi.go:418.17,420.4 1 0
github.com/yihuang/go-abi/stdlib_uint256.abi.go:421.3,421.14 1 0
github.com/yihuang/go-abi/stdlib_uint256.abi.go:424.2,424.25 1 0
github.com/yihuang/go-abi/stdlib_uint256.abi.go:428.61,431.2 2 0
github.com/yihuang/go-abi/stdlib_uint256.abi.go:434.68,441.29 4 0
github.com/yihuang/go-abi/stdlib_uint256.abi.go:441.29,443.17 2 0
github.com/yihuang/go-abi/stdlib_uint256.abi.go:443.17,445.4 1 0
github.com/yihuang/go-abi/stdlib_uint256.abi.go:446.3,446.14 1 0
github.com/yihuang/go-abi/stdlib_uint256.abi.go:449.2,449.25 1 0
github.com/yihuang/go-abi/stdlib_uint256.abi.go:453.61,456.2 2 0
github.com/yihuang/go-abi/stdlib_uint256.abi.go:459.68,466.29 4 0
github.com/yihuang/go-abi/stdlib_uint256.abi.go:466.29,468.17 2 0
github.com/yihuang/go-abi/stdlib_uint256.abi.go:468.17,470.4 1 0
github.com/yihuang/go-abi/stdlib_uint256.abi.go:471.3,471.14 1 0
github.com/yihuang/go-abi/stdlib_uint256.abi.go:474.2,474.25 1 0
github.com/yihuang/go-abi/stdlib_uint256.abi.go:478.61,481.2 2 0
github.com/yihuang/go-abi/stdlib_uint256.abi.go:484.68,491.29 4 0
github.com/yihuang/go-abi/stdlib_uint256.abi.go:491.29,493.17 2 0
github.com/yihuang/go-abi/stdlib_uint256.abi.go:493.17,495.4 1 0
github.com/yihuang/go-abi/stdlib_uint256.abi.go:496.3,496.14 1 0
github.com/yihuang/go-abi/stdlib_uint256.abi.go:499.2,499.25 1 0
github.com/yihuang/go-abi/stdlib_uint256.abi.go:503.61,506.2 2 0
github.com/yihuang/go-abi/stdlib_uint256.abi.go:509.68,516.29 4 0
github.com/yihuang/go-abi/stdlib_uint256.abi.go:516.29,518.17 2 0
github.com/yihuang/go-abi/stdlib_uint256.abi.go:518.17,520.4 1 0
github.com/yihuang/go-abi/stdlib_uint256.abi.go:521.3,521.14 1 0
github.com/yihuang/go-abi/stdlib_uint256.abi.go:524.2,524.25 1 0
github.com/yihuang/go-abi/stdlib_uint256.abi.go:528.61,531.2 2 0
github.com/yihuang/go-abi/stdlib_uint256.abi.go:534.68,541.29 4 0
github.com/yihuang/go-abi/stdlib_uint256.abi.go:541.29,543.17 2 0
github.com/yihuang/go-abi/stdlib_uint256.abi.go:543.17,545.4 1 0
github.com/yihuang/go-abi/stdlib_uint256.abi.go:546.3,546.14 1 0
github.com/yihuang/go-abi/stdlib_uint256.abi.go:549.2,549.25 1 0
github.com/yihuang/go-abi/stdlib_uint256.abi.go:553.61,556.2 2 0
github.com/yihuang/go-abi/stdlib_uint256.abi.go:559.68,566.29 4 0
github.com/yihuang/go-abi/stdlib_uint256.abi.go:566.29,568.17 2 0
github.com/yihuang/go-abi/stdlib_uint256.abi.go:568.17,570.4 1 0
github.com/yihuang/go-abi/stdlib_uint256.abi.go:571.3,571.14 1 0
github.com/yihuang/go-abi/stdlib_uint256.abi.go:574.2,574.25 1 0
github.com/yihuang/go-abi/stdlib_uint256.abi.go:578.61,581.2 2 0
github.com/yihuang/go-abi/stdlib_uint256.abi.go:584.68,591.29 4 0
github.com/yihuang/go-abi/stdlib_uint256.abi.go:591.29,593.17 2 0
github.com/yihuang/go-abi/stdlib_uint256.abi.go:593.17,595.4 1 0
github.com/yihuang/go-abi/stdlib_uint256.abi.go:596.3,596.14 1 0
github.com/yihuang/go-abi/stdlib_uint256.abi.go:599.2,599.25 1 0
github.com/yihuang/go-abi/stdlib_uint256.abi.go:603.61,606.2 2 0
github.com/yihuang/go-abi/stdlib_uint256.abi.go:609.68,616.29 4 0
github.com/yihuang/go-abi/stdlib_uint256.abi.go:616.29,618.17 2 0
github.com/yihuang/go-abi/stdlib_uint256.abi.go:618.17,620.4 1 0
github.com/yihuang/go-abi/stdlib_uint256.abi.go:621.3,621.14 1 0
github.com/yihuang/go-abi/stdlib_uint256.abi.go:624.2,624.25 1 0
github.com/yihuang/go-abi/stdlib_uint256.abi.go:628.66,635.29 4 0
github.com/yihuang/go-abi/stdlib_uint256.abi.go:635.29,637.17 2 0
github.com/yihuang/go-abi/stdlib_uint256.abi.go:637.17,639.4 1 0
github.com/yihuang/go-abi/stdlib_uint256.abi.go:640.3,640.14 1 0
github.com/yihuang/go-abi/stdlib_uint256.abi.go:643.2,643.25 1 0
github.com/yihuang/go-abi/stdlib_uint256.abi.go:647.59,650.2 2 0
github.com/yihuang/go-abi/stdlib_uint256.abi.go:653.61,656.2 2 0
github.com/yihuang/go-abi/stdlib_uint256.abi.go:659.68,666.29 4 0
github.com/yihuang/go-abi/stdlib_uint256.abi.go:666.29,668.17 2 0
github.com/yihuang/go-abi/stdlib_uint256.abi.go:668.17,670.4 1 0
github.com/yihuang/go-abi/stdlib_uint256.abi.go:671.3,671.14 1 0
github.com/yihuang/go-abi/stdlib_uint256.abi.go:674.2,674.25 1 0
github.com/yihuang/go-abi/stdlib_uint256.abi.go:678.61,681.2 2 0
github.com/yihuang/go-abi/stdlib_uint256.abi.go:684.68,691.29 4 0
github.com/yihuang/go-abi/stdlib_uint256.abi.go:691.29,693.17 2 0
github.com/yihuang/go-abi/stdlib_uint256.abi.go:693.17,695.4 1 0
github.com/yihuang/go-abi/stdlib_uint256.abi.go:696.3,696.14 1 0
github.com/yihuang/go-abi/stdlib_uint256.abi.go:699.2,699.25 1 0
github.com/yihuang/go-abi/stdlib_uint256.abi.go:703.61,706.2 2 0
github.com/yihuang/go-abi/stdlib_uint256.abi.go:709.68,716.29 4 0
github.com/yihuang/go-abi/stdlib_uint256.abi.go:716.29,718.17 2 0
github.com/yihuang/go-abi/stdlib_uint256.abi.go:718.17,720.4 1 0
github.com/yihuang/go-abi/stdlib_uint256.abi.go:721.3,721.14 1 0
github.com/yihuang/go-abi/stdlib_uint256.abi.go:724.2,724.25 1 0
github.com/yihuang/go-abi/stdlib_uint256.abi.go:728.66,735.29 4 0
github.com/yihuang/go-abi/stdlib_uint256.abi.go:735.29,737.17 2 0
github.com/yihuang/go-abi/stdlib_uint256.abi.go:737.17,739.4 1 0
github.com/yihuang/go-abi/stdlib_uint256.abi.go:740.3,740.14 1 0
github.com/yihuang/go-abi/stdlib_uint256.abi.go:743.2,743.25 1 0
github.com/yihuang/go-abi/stdlib_uint256.abi.go:747.59,750.2 2 0
github.com/yihuang/go-abi/stdlib_uint256.abi.go:753.66,760.29 4 0
github.com/yihuang/go-abi/stdlib_uint256.abi.go:760.29,762.17 2 0
github.com/yihuang/go-abi/stdlib_uint256.abi.go:762.17,764.4 1 0
github.com/yihuang/go-abi/stdlib_uint256.abi.go:765.3,765.14 1 0
github.com/yihuang/go-abi/stdlib_uint256.abi.go:768.2,768.25 1 0
github.com/yihuang/go-abi/stdlib_uint256.abi.go:772.59,775.2 2 0
github.com/yihuang/go-abi/stdlib_uint256.abi.go:778.66,785.29 4 0
github.com/yihuang/go-abi/stdlib_uint256.abi.go:785.29,787.17 2 0
github.com/yihuang/go-abi/stdlib_uint256.abi.go:787.17,789.4 1 0
github.com/yihuang/go-abi/stdlib_uint256.abi.go:790.3,790.14 1 0
github.com/yihuang/go-abi/stdlib_uint256.abi.go:793.2,793.25 1 0
github.com/yihuang/go-abi/stdlib_uint256.abi.go:797.59,800.2 2 0
github.com/yihuang/go-abi/stdlib_uint256.abi.go:803.66,810.29 4 0
github.com/yihuang/go-abi/stdlib_uint256.abi.go:810.29,812.17 2 0
github.com/yihuang/go-abi/stdlib_uint256.abi.go:812.17,814.4 1 0
github.com/yihuang/go-abi/stdlib_uint256.abi.go:815.3,815.14 1 0
github.com/yihuang/go-abi/stdlib_uint256.abi.go:818.2,818.25 1 0
github.com/yihuang/go-abi/stdlib_uint256.abi.go:822.59,825.2 2 0
github.com/yihuang/go-abi/stdlib_uint256.abi.go:828.66,835.29 4 0
github.com/yihuang/go-abi/stdlib_uint256.abi.go:835.29,837.17 2 0
github.com/yihuang/go-abi/stdlib_uint256.abi.go:837.17,839.4 1 0
github.com/yihuang/go-abi/stdlib_uint256.abi.go:840.3,840.14 1 0
github.com/yihuang/go-abi/stdlib_uint256.abi.go:843.2,843.25 1 0
github.com/yihuang/go-abi/stdlib_uint256.abi.go:847.59,850.2 2 0
github.com/yihuang/go-abi/stdlib_uint256.abi.go:853.66,860.29 4 0
github.com/yihuang/go-abi/stdlib_uint256.abi.go:860.29,862.17 2 0
github.com/yihuang/go-abi/stdlib_uint256.abi.go:862.17,864.4 1 0
github.com/yihuang/go-abi/stdlib_uint256.abi.go:865.3,865.14 1 0
github.com/yihuang/go-abi/stdlib_uint256.abi.go:868.2,868.25 1 0
github.com/yihuang/go-abi/stdlib_uint256.abi.go:872.59,875.2 2 0
github.com/yihuang/go-abi/stdlib_uint256.abi.go:878.66,885.29 4 0
github.com/yihuang/go-abi/stdlib_uint256.abi.go:885.29,887.17 2 0
github.com/yihuang/go-abi/stdlib_uint256.abi.go:887.17,889.4 1 0
github.com/yihuang/go-abi/stdlib_uint256.abi.go:890.3,890.14 1 0
github.com/yihuang/go-abi/stdlib_uint256.abi.go:893.2,893.25 1 0
github.com/yihuang/go-abi/stdlib_uint256.abi.go:897.64,905.29 5 0
github.com/yihuang/go-abi/stdlib_uint256.abi.go:905.29,912.17 4 0
github.com/yihuang/go-abi/stdlib_uint256.abi.go:912.17,914.4 1 0
github.com/yihuang/go-abi/stdlib_uint256.abi.go:915.3,915.21 1 0
github.com/yihuang/go-abi/stdlib_uint256.abi.go:918.2,918.32 1 0
github.com/yihuang/go-abi/stdlib_uint256.abi.go:922.60,923.60 1 0
github.com/yihuang/go-abi/stdlib_uint256.abi.go:923.60,925.3 1 0
github.com/yihuang/go-abi/stdlib_uint256.abi.go:926.2,926.16 1 0
github.com/yihuang/go-abi/stdlib_uint256.abi.go:930.67,937.29 4 0
github.com/yihuang/go-abi/stdlib_uint256.abi.go:937.29,939.17 2 0
github.com/yihuang/go-abi/stdlib_uint256.abi.go:939.17,941.4 1 0
github.com/yihuang/go-abi/stdlib_uint256.abi.go:942.3,942.14 1 0
github.com/yihuang/go-abi/stdlib_uint256.abi.go:945.2,945.25 1 0
github.com/yihuang/go-abi/stdlib_uint256.abi.go:949.60,950.60 1 0
github.com/yihuang/go-abi/stdlib_uint256.abi.go:950.60,952.3 1 0
github.com/yihuang/go-abi/stdlib_uint256.abi.go:953.2,953.16 1 0
github.com/yihuang/go-abi/stdlib_uint256.abi.go:957.67,964.29 4 0
github.com/yihuang/go-abi/stdlib_uint256.abi.go:964.29,966.17 2 0
github.com/yihuang/go-abi/stdlib_uint256.abi.go:966.17,968.4 1 0
github.com/yihuang/go-abi/stdlib_uint256.abi.go:969.3,969.14 1 0
github.com/yihuang/go-abi/stdlib_uint256.abi.go:972.2,972.25 1 0
github.com/yihuang/go-abi/stdlib_uint256.abi.go:976.60,977.60 1 0
github.com/yihuang/go-abi/stdlib_uint256.abi.go:977.60,979.3 1 0
github.com/yihuang/go-abi/stdlib_uint256.abi.go:980.2,980.16 1 0
github.com/yihuang/go-abi/stdlib_uint256.abi.go:984.67,991.29 4 0
github.com/yihuang/go-abi/stdlib_uint256.abi.go:991.29,993.17 2 0
github.com/yihuang/go-abi/stdlib_uint256.abi.go:993.17,995.4 1 0
github.com/yihuang/go-abi/stdlib_uint256.abi.go:996.3,996.14 1 0
github.com/yihuang/go-abi/stdlib_uint256.abi.go:999.2,999.25 1 0
github.com/yihuang/go-abi/stdlib_uint256.abi.go:1003.60,1004.60 1 0
github.com/yihuang/go-abi/stdlib_uint256.abi.go:1004.60,1006.3 1 0
github.com/yihuang/go-abi/stdlib_uint256.abi.go:1007.2,1007.16 1 0
github.com/yihuang/go-abi/stdlib_uint256.abi.go:1011.67,1018.29 4 0
github.com/yihuang/go-abi/stdlib_uint256.abi.go:1018.29,1020.17 2 0
github.com/yihuang/go-abi/stdlib_uint256.abi.go:1020.17,1022.4 1 0
github.com/yihuang/go-abi/stdlib_uint256.abi.go:1023.3,1023.14 1 0
github.com/yihuang/go-abi/stdlib_uint256.abi.go:1026.2,1026.25 1 0
github.com/yihuang/go-abi/stdlib_uint256.abi.go:1030.60,1031.60 1 0
github.com/yihuang/go-abi/stdlib_uint256.abi.go:1031.60,1033.3 1 0
github.com/yihuang/go-abi/stdlib_uint256.abi.go:1034.2,1034.16 1 0
github.com/yihuang/go-abi/stdlib_uint256.abi.go:1038.67,1045.29 4 0
github.com/yihuang/go-abi/stdlib_uint256.abi.go:1045.29,1047.17 2 0
github.com/yihuang/go-abi/stdlib_uint256.abi.go:1047.17,1049.4 1 0
github.com/yihuang/go-abi/stdlib_uint256.abi.go:1050.3,1050.14 1 0
github.com/yihuang/go-abi/stdlib_uint256.abi.go:1053.2,1053.25 1 0
github.com/yihuang/go-abi/stdlib_uint256.abi.go:1057.60,1058.60 1 0
github.com/yihuang/go-abi/stdlib_uint256.abi.go:1058.60,1060.3 1 0
github.com/yihuang/go-abi/stdlib_uint256.abi.go:1061.2,1061.16 1 0
github.com/yihuang/go-abi/stdlib_uint256.abi.go:1065.67,1072.29 4 0
github.com/yihuang/go-abi/stdlib_uint256.abi.go:1072.29,1074.17 2 0
github.com/yihuang/go-abi/stdlib_uint256.abi.go:1074.17,1076.4 1 0
github.com/yihuang/go-abi/stdlib_uint256.abi.go:1077.3,1077.14 1 0
github.com/yihuang/go-abi/stdlib_uint256.abi.go:1080.2,1080.25 1 0
github.com/yihuang/go-abi/stdlib_uint256.abi.go:1084.60,1085.60 1 0
github.com/yihuang/go-abi/stdlib_uint256.abi.go:1085.60,1087.3 1 0
github.com/yihuang/go-abi/stdlib_uint256.abi.go:1088.2,1088.16 1 0
github.com/yihuang/go-abi/stdlib_uint256.abi.go:1092.67,1099.29 4 0
github.com/yihuang/go-abi/stdlib_uint256.abi.go:1099.29,1101.17 2 0
github.com/yihuang/go-abi/stdlib_uint256.abi.go:1101.17,1103.4 1 0
github.com/yihuang/go-abi/stdlib_uint256.abi.go:1104.3,1104.14 1 0
github.com/yihuang/go-abi/stdlib_uint256.abi.go:1107.2,1107.25 1 0
github.com/yihuang/go-abi/stdlib_uint256.abi.go:1111.56,1113.15 2 0
github.com/yihuang/go-abi/stdlib_uint256.abi.go:1113.15,1115.3 1 0
github.com/yihuang/go-abi/stdlib_uint256.abi.go:1116.2,1116.16 1 0
github.com/yihuang/go-abi/stdlib_uint256.abi.go:1120.60,1121.60 1 0
github.com/yihuang/go-abi/stdlib_uint256.abi.go:1121.60,1123.3 1 0
github.com/yihuang/go-abi/stdlib_uint256.abi.go:1124.2,1124.16 1 0
github.com/yihuang/go-abi/stdlib_uint256.abi.go:1128.67,1135.29 4 0
github.com/yihuang/go-abi/stdlib_uint256.abi.go:1135.29,1137.17 2 0
github.com/yihuang/go-abi/stdlib_uint256.abi.go:1137.17,1139.4 1 0
github.com/yihuang/go-abi/stdlib_uint256.abi.go:1140.3,1140.14 1 0
github.com/yihuang/go-abi/stdlib_uint256.abi.go:1143.2,1143.25 1 0
github.com/yihuang/go-abi/stdlib_uint256.abi.go:1147.60,1148.60 1 0
github.com/yihuang/go-abi/stdlib_uint256.abi.go:1148.60,1150.3 1 0
github.com/yihuang/go-abi/stdlib_uint256.abi.go:1151.2,1151.16 1 0
github.com/yihuang/go-abi/stdlib_uint256.abi.go:1155.67,1162.29 4 0
github.com/yihuang/go-abi/stdlib_uint256.abi.go:1162.29,1164.17 2 0
github.com/yihuang/go-abi/stdlib_uint256.abi.go:1164.17,1166.4 1 0
github.com/yihuang/go-abi/stdlib_uint256.abi.go:1167.3,1167.14 1 0
github.com/yihuang/go-abi/stdlib_uint256.abi.go:1170.2,1170.25 1 0
github.com/yihuang/go-abi/stdlib_uint256.abi.go:1174.63,1181.29 4 0
github.com/yihuang/go-abi/stdlib_uint256.abi.go:1181.29,1183.17 2 0
github.com/yihuang/go-abi/stdlib_uint256.abi.go:1183.17,1185.4 1 0
github.com/yihuang/go-abi/stdlib_uint256.abi.go:1186.3,1186.14 1 0
github.com/yihuang/go-abi/stdlib_uint256.abi.go:1189.2,1189.25 1 0
github.com/yihuang/go-abi/stdlib_uint256.abi.go:1193.60,1194.60 1 0
github.com/yihuang/go-abi/stdlib_uint256.abi.go:1194.60,1196.3 1 0
github.com/yihuang/go-abi/stdlib_uint256.abi.go:1197.2,1197.16 1 0
github.com/yihuang/go-abi/stdlib_uint256.abi.go:1201.67,1208.29 4 0
github.com/yihuang/go-abi/stdlib_uint256.abi.go:1208.29,1210.17 2 0
github.com/yihuang/go-abi/stdlib_uint256.abi.go:1210.17,1212.4 1 0
github.com/yihuang/go-abi/stdlib_uint256.abi.go:1213.3,1213.14 1 0
github.com/yihuang/go-abi/stdlib_uint256.abi.go:1216.2,1216.25 1 0
github.com/yihuang/go-abi/stdlib_uint256.abi.go:1220.60,1221.60 1 0
github.com/yihuang/go-abi/stdlib_uint256.abi.go:1221.60,1223.3 1 0
github.com/yihuang/go-abi/stdlib_uint256.abi.go:1224.2,1224.16 1 0
github.com/yihuang/go-abi/stdlib_uint256.abi.go:1228.67,1235.29 4 0
github.com/yihuang/go-abi/stdlib_uint256.abi.go:1235.29,1237.17 2 0
github.com/yihuang/go-abi/stdlib_uint256.abi.go:1237.17,1239.4 1 0
github.com/yihuang/go-abi/stdlib_uint256.abi.go:1240.3,1240.14 1 0
github.com/yihuang/go-abi/stdlib_uint256.abi.go:1243.2,1243.25 1 0
github.com/yihuang/go-abi/stdlib_uint256.abi.go:1247.60,1248.60 1 0
github.com/yihuang/go-abi/stdlib_uint256.abi.go:1248.60,1250.3 1 0
github.com/yihuang/go-abi/stdlib_uint256.abi.go:1251.2,1251.16 1 0
github.com/yihuang/go-abi/stdlib_uint256.abi.go:1255.67,1262.29 4 0
github.com/yihuang/go-abi/stdlib_uint256.abi.go:1262.29,1264.17 2 0
github.com/yihuang/go-abi/stdlib_uint256.abi.go:1264.17,1266.4 1 0
github.com/yihuang/go-abi/stdlib_uint256.abi.go:1267.3,1267.14 1 0
github.com/yihuang/go-abi/stdlib_uint256.abi.go:1270.2,1270.25 1 0
github.com/yihuang/go-abi/stdlib_uint256.abi.go:1274.60,1275.60 1 0
github.com/yihuang/go-abi/stdlib_uint256.abi.go:1275.60,1277.3 1 0
github.com/yihuang/go-abi/stdlib_uint256.abi.go:1278.2,1278.16 1 0
github.com/yihuang/go-abi/stdlib_uint256.abi.go:1282.67,1289.29 4 0
github.com/yihuang/go-abi/stdlib_uint256.abi.go:1289.29,1291.17 2 0
github.com/yihuang/go-abi/stdlib_uint256.abi.go:1291.17,1293.4 1 0
github.com/yihuang/go-abi/stdlib_uint256.abi.go:1294.3,1294.14 1 0
github.com/yihuang/go-abi/stdlib_uint256.abi.go:1297.2,1297.25 1 0
github.com/yihuang/go-abi/stdlib_uint256.abi.go:1301.60,1302.60 1 0
github.com/yihuang/go-abi/stdlib_uint256.abi.go:1302.60,1304.3 1 0
github.com/yihuang/go-abi/stdlib_uint256.abi.go:1305.2,1305.16 1 0
github.com/yihuang/go-abi/stdlib_uint256.abi.go:1309.67,1316.29 4 0
github.com/yihuang/go-abi/stdlib_uint256.abi.go:1316.29,1318.17 2 0
github.com/yihuang/go-abi/stdlib_uint256.abi.go:1318.17,1320.4 1 0
github.com/yihuang/go-abi/stdlib_uint256.abi.go:1321.3,1321.14 1 0
github.com/yihuang/go-abi/stdlib_uint256.abi.go:1324.2,1324.25 1 0
github.com/yihuang/go-abi/stdlib_uint256.abi.go:1328.60,1329.60 1 0
github.com/yihuang/go-abi/stdlib_uint256.abi.go:1329.60,1331.3 1 0
github.com/yihuang/go-abi/stdlib_uint256.abi.go:1332.2,1332.16 1 0
github.com/yihuang/go-abi/stdlib_uint256.abi.go:1336.67,1343.29 4 0
github.com/yihuang/go-abi/stdlib_uint256.abi.go:1343.29,1345.17 2 0
github.com/yihuang/go-abi/stdlib_uint256.abi.go:1345.17,1347.4 1 0
github.com/yihuang/go-abi/stdlib_uint256.abi.go:1348.3,1348.14 1 0
github.com/yihuang/go-abi/stdlib_uint256.abi.go:1351.2,1351.25 1 0
github.com/yihuang/go-abi/stdlib_uint256.abi.go:1355.60,1356.60 1 0
github.com/yihuang/go-abi/stdlib_uint256.abi.go:1356.60,1358.3 1 0
github.com/yihuang/go-abi/stdlib_uint256.abi.go:1359.2,1359.16 1 0
github.com/yihuang/go-abi/stdlib_uint256.abi.go:1363.67,1370.29 4 0
github.com/yihuang/go-abi/stdlib_uint256.abi.go:1370.29,1372.17 2 0
github.com/yihuang/go-abi/stdlib_uint256.abi.go:1372.17,1374.4 1 0
github.com/yihuang/go-abi/stdlib_uint256.abi.go:1375.3,1375.14 1 0
github.com/yihuang/go-abi/stdlib_uint256.abi.go:1378.2,1378.25 1 0
github.com/yihuang/go-abi/stdlib_uint256.abi.go:1382.60,1383.60 1 0
github.com/yihuang/go-abi/stdlib_uint256.abi.go:1383.60,1385.3 1 0
github.com/yihuang/go-abi/stdlib_uint256.abi.go:1386.2,1386.16 1 0
github.com/yihuang/go-abi/stdlib_uint256.abi.go:1390.67,1397.29 4 0
github.com/yihuang/go-abi/stdlib_uint256.abi.go:1397.29,1399.17 2 0
github.com/yihuang/go-abi/stdlib_uint256.abi.go:1399.17,1401.4 1 0
github.com/yihuang/go-abi/stdlib_uint256.abi.go:1402.3,1402.14 1 0
github.com/yihuang/go-abi/stdlib_uint256.abi.go:1405.2,1405.25 1 0
github.com/yihuang/go-abi/stdlib_uint256.abi.go:1409.56,1411.15 2 0
github.com/yihuang/go-abi/stdlib_uint256.abi.go:1411.15,1413.3 1 0
github.com/yihuang/go-abi/stdlib_uint256.abi.go:1414.2,1414.16 1 0
github.com/yihuang/go-abi/stdlib_uint256.abi.go:1418.60,1419.60 1 0
github.com/yihuang/go-abi/stdlib_uint256.abi.go:1419.60,1421.3 1 0
github.com/yihuang/go-abi/stdlib_uint256.abi.go:1422.2,1422.16 1 0
github.com/yihuang/go-abi/stdlib_uint256.abi.go:1426.67,1433.29 4 0
github.com/yihuang/go-abi/stdlib_uint256.abi.go:1433.29,1435.17 2 0
github.com/yihuang/go-abi/stdlib_uint256.abi.go:1435.17,1437.4 1 0
github.com/yihuang/go-abi/stdlib_uint256.abi.go:1438.3,1438.14 1 0
github.com/yihuang/go-abi/stdlib_uint256.abi.go:1441.2,1441.25 1 0
github.com/yihuang/go-abi/stdlib_uint256.abi.go:1445.60,1446.60 1 0
github.com/yihuang/go-abi/stdlib_uint256.abi.go:1446.60,1448.3 1 0
github.com/yihuang/go-abi/stdlib_uint256.abi.go:1449.2,1449.16 1 0
github.com/yihuang/go-abi/stdlib_uint256.abi.go:1453.67,1460.29 4 0
github.com/yihuang/go-abi/stdlib_uint256.abi.go:1460.29,1462.17 2 0
github.com/yihuang/go-abi/stdlib_uint256.abi.go:1462.17,1464.4 1 0
github.com/yihuang/go-abi/stdlib_uint256.abi.go:1465.3,1465.14 1 0
github.com/yihuang/go-abi/stdlib_uint256.abi.go:1468.2,1468.25 1 0
github.com/yihuang/go-abi/stdlib_uint256.abi.go:1472.63,1479.29 4 0
github.com/yihuang/go-abi/stdlib_uint256.abi.go:1479.29,1481.17 2 0
github.com/yihuang/go-abi/stdlib_uint256.abi.go:1481.17,1483.4 1 0
github.com/yihuang/go-abi/stdlib_uint256.abi.go:1484.3,1484.14 1 0
github.com/yihuang/go-abi/stdlib_uint256.abi.go:1487.2,1487.25 1 0
github.com/yihuang/go-abi/stdlib_uint256.abi.go:1491.60,1492.60 1 0
github.com/yihuang/go-abi/stdlib_uint256.abi.go:1492.60,1494.3 1 0
github.com/yihuang/go-abi/stdlib_uint256.abi.go:1495.2,1495.16 1 0
github.com/yihuang/go-abi/stdlib_uint256.abi.go:1499.67,1506.29 4 0
github.com/yihuang/go-abi/stdlib_uint256.abi.go:1506.29,1508.17 2 0
github.com/yihuang/go-abi/stdlib_uint256.abi.go:1508.17,1510.4 1 0
github.com/yihuang/go-abi/stdlib_uint256.abi.go:1511.3,1511.14 1 0
github.com/yihuang/go-abi/stdlib_uint256.abi.go:1514.2,1514.25 1 0
github.com/yihuang/go-abi/stdlib_uint256.abi.go:1518.56,1520.15 2 0
github.com/yihuang/go-abi/stdlib_uint256.abi.go:1520.15,1522.3 1 0
github.com/yihuang/go-abi/stdlib_uint256.abi.go:1523.2,1523.16 1 0
github.com/yihuang/go-abi/stdlib_uint256.abi.go:1527.63,1534.29 4 0
github.com/yihuang/go-abi/stdlib_uint256.abi.go:1534.29,1536.17 2 0
github.com/yihuang/go-abi/stdlib_uint256.abi.go:1536.17,1538.4 1 0
github.com/yihuang/go-abi/stdlib_uint256.abi.go:1539.3,1539.14 1 0
github.com/yihuang/go-abi/stdlib_uint256.abi.go:1542.2,1542.25 1 0
github.com/yihuang/go-abi/stdlib_uint256.abi.go:1546.56,1548.15 2 0
github.com/yihuang/go-abi/stdlib_uint256.abi.go:1548.15,1550.3 1 0
github.com/yihuang/go-abi/stdlib_uint256.abi.go:1551.2,1551.16 1 0
github.com/yihuang/go-abi/stdlib_uint256.abi.go:1555.63,1562.29 4 0
github.com/yihuang/go-abi/stdlib_uint256.abi.go:1562.29,1564.17 2 0
github.com/yihuang/go-abi/stdlib_uint256.abi.go:1564.17,1566.4 1 0
github.com/yihuang/go-abi/stdlib_uint256.abi.go:1567.3,1567.14 1 0
github.com/yihuang/go-abi/stdlib_uint256.abi.go:1570.2,1570.25 1 0
github.com/yihuang/go-abi/stdlib_uint256.abi.go:1574.56,1576.15 2 0
github.com/yihuang/go-abi/stdlib_uint256.abi.go:1576.15,1578.3 1 0
github.com/yihuang/go-abi/stdlib_uint256.abi.go:1579.2,1579.16 1 0
github.com/yihuang/go-abi/stdlib_uint256.abi.go:1583.63,1590.29 4 0
github.com/yihuang/go-abi/stdlib_uint256.abi.go:1590.29,1592.17 2 0
github.com/yihuang/go-abi/stdlib_uint256.abi.go:1592.17,1594.4 1 0
github.com/yihuang/go-abi/stdlib_uint256.abi.go:1595.3,1595.14 1 0
github.com/yihuang/go-abi/stdlib_uint256.abi.go:1598.2,1598.25 1 0
github.com/yihuang/go-abi/stdlib_uint256.abi.go:1602.56,1604.15 2 0
github.com/yihuang/go-abi/stdlib_uint256.abi.go:1604.15,1606.3 1 0
github.com/yihuang/go-abi/stdlib_uint256.abi.go:1607.2,1607.16 1 0
github.com/yihuang/go-abi/stdlib_uint256.abi.go:1611.63,1618.29 4 0
github.com/yihuang/go-abi/stdlib_uint256.abi.go:1618.29,1620.17 2 0
github.com/yihuang/go-abi/stdlib_uint256.abi.go:1620.17,1622.4 1 0
github.com/yihuang/go-abi/stdlib_uint256.abi.go:1623.3,1623.14 1 0
github.com/yihuang/go-abi/stdlib_uint256.abi.go:1626.2,1626.25 1 0
github.com/yihuang/go-abi/stdlib_uint256.abi.go:1630.56,1632.15 2 0
github.com/yihuang/go-abi/stdlib_uint256.abi.go:1632.15,1634.3 1 0
github.com/yihuang/go-abi/stdlib_uint256.abi.go:1635.2,1635.16 1 0
github.com/yihuang/go-abi/stdlib_uint256.abi.go:1639.63,1646.29 4 0
github.com/yihuang/go-abi/stdlib_uint256.abi.go:1646.29,1648.17 2 0
github.com/yihuang/go-abi/stdlib_uint256.abi.go:1648.17,1650.4 1 0
github.com/yihuang/go-abi/stdlib_uint256.abi.go:1651.3,1651.14 1 0
github.com/yihuang/go-abi/stdlib_uint256.abi.go:1654.2,1654.25 1 0
github.com/yihuang/go-abi/stdlib_uint256.abi.go:1658.59,1659.60 1 0
github.com/yihuang/go-abi/stdlib_uint256.abi.go:1659.60,1661.3 1 0
github.com/yihuang/go-abi/stdlib_uint256.abi.go:1662.2,1662.16 1 0
github.com/yihuang/go-abi/stdlib_uint256.abi.go:1666.66,1673.29 4 0
github.com/yihuang/go-abi/stdlib_uint256.abi.go:1673.29,1675.17 2 0
github.com/yihuang/go-abi/stdlib_uint256.abi.go:1675.17,1677.4 1 0
github.com/yihuang/go-abi/stdlib_uint256.abi.go:1678.3,1678.14 1 0
github.com/yihuang/go-abi/stdlib_uint256.abi.go:1681.2,1681.25 1 0
github.com/yihuang/go-abi/stdlib_uint256.abi.go:1685.54,1687.15 2 0
github.com/yihuang/go-abi/stdlib_uint256.abi.go:1687.15,1689.3 1 0
github.com/yihuang/go-abi/stdlib_uint256.abi.go:1690.2,1690.16 1 0
github.com/yihuang/go-abi/stdlib_uint256.abi.go:1694.59,1695.60 1 0
github.com/yihuang/go-abi/stdlib_uint256.abi.go:1695.60,1697.3 1 0
github.com/yihuang/go-abi/stdlib_uint256.abi.go:1698.2,1698.16 1 0
github.com/yihuang/go-abi/stdlib_uint256.abi.go:1702.66,1709.29 4 0
github.com/yihuang/go-abi/stdlib_uint256.abi.go:1709.29,1711.17 2 0
github.com/yihuang/go-abi/stdlib_uint256.abi.go:1711.17,1713.4 1 0
github.com/yihuang/go-abi/stdlib_uint256.abi.go:1714.3,1714.14 1 0
github.com/yihuang/go-abi/stdlib_uint256.abi.go:1717.2,1717.25 1 0
github.com/yihuang/go-abi/stdlib_uint256.abi.go:1721.59,1722.60 1 0
github.com/yihuang/go-abi/stdlib_uint256.abi.go:1722.60,1724.3 1 0
github.com/yihuang/go-abi/stdlib_uint256.abi.go:1725.2,1725.16 1 0
github.com/yihuang/go-abi/stdlib_uint256.abi.go:1729.66,1736.29 4 0
github.com/yihuang/go-abi/stdlib_uint256.abi.go:1736.29,1738.17 2 0
github.com/yihuang/go-abi/stdlib_uint256.abi.go:1738.17,1740.4 1 0
github.com/yihuang/go-abi/stdlib_uint256.abi.go:1741.3,1741.14 1 0
github.com/yihuang/go-abi/stdlib_uint256.abi.go:1744.2,1744.25 1 0
github.com/yihuang/go-abi/stdlib_uint256.abi.go:1748.61,1755.29 4 0
github.com/yihuang/go-abi/stdlib_uint256.abi.go:1755.29,1757.17 2 0
github.com/yihuang/go-abi/stdlib_uint256.abi.go:1757.17,1759.4 1 0
github.com/yihuang/go-abi/stdlib_uint256.abi.go:1760.3,1760.14 1 0
github.com/yihuang/go-abi/stdlib_uint256.abi.go:1763.2,1763.25 1 0
github.com/yihuang/go-abi/stdlib_uint256.abi.go:1767.59,1768.60 1 0
github.com/yihuang/go-abi/stdlib_uint256.abi.go:1768.60,1770.3 1 0
github.com/yihuang/go-abi/stdlib_uint256.abi.go:1771.2,1771.16 1 0
github.com/yihuang/go-abi/stdlib_uint256.abi.go:1775.66,1782.29 4 0
github.com/yihuang/go-abi/stdlib_uint256.abi.go:1782.29,1784.17 2 0
github.com/yihuang/go-abi/stdlib_uint256.abi.go:1784.17,1786.4 1 0
github.com/yihuang/go-abi/stdlib_uint256.abi.go:1787.3,1787.14 1 0
github.com/yihuang/go-abi/stdlib_uint256.abi.go:1790.2,1790.25 1 0
github.com/yihuang/go-abi/stdlib_uint256.abi.go:1794.58,1802.2 3 0
github.com/yihuang/go-abi/stdlib_uint256.abi.go:1805.65,1813.29 5 0
github.com/yihuang/go-abi/stdlib_uint256.abi.go:1813.29,1820.17 4 0
github.com/yihuang/go-abi/stdlib_uint256.abi.go:1820.17,1822.4 1 0
github.com/yihuang/go-abi/stdlib_uint256.abi.go:1823.3,1823.21 1 0
github.com/yihuang/go-abi/stdlib_uint256.abi.go:1826.2,1826.32 1 0
github.com/yihuang/go-abi/stdlib_uint256.abi.go:1830.65,1833.2 2 0
github.com/yihuang/go-abi/stdlib_uint256.abi.go:1836.72,1843.29 4 0
github.com/yihuang/go-abi/stdlib_uint256.abi.go:1843.29,1845.17 2 0
github.com/yihuang/go-abi/stdlib_uint256.abi.go:1845.17,1847.4 1 0
github.com/yihuang/go-abi/stdlib_uint256.abi.go:1848.3,1848.14 1 0
github.com/yihuang/go-abi/stdlib_uint256.abi.go:1851.2,1851.25 1 0
github.com/yihuang/go-abi/stdlib_uint256.abi.go:1855.65,1858.2 2 0
github.com/yihuang/go-abi/stdlib_uint256.abi.go:1861.72,1868.29 4 0
github.com/yihuang/go-abi/stdlib_uint256.abi.go:1868.29,1870.17 2 0
github.com/yihuang/go-abi/stdlib_uint256.abi.go:1870.17,1872.4 1 0
github.com/yihuang/go-abi/stdlib_uint256.abi.go:1873.3,1873.14 1 0
github.com/yihuang/go-abi/stdlib_uint256.abi.go:1876.2,1876.25 1 0
github.com/yihuang/go-abi/stdlib_uint256.abi.go:1880.65,1883.2 2 0
github.com/yihuang/go-abi/stdlib_uint256.abi.go:1886.72,1893.29 4 0
github.com/yihuang/go-abi/stdlib_uint256.abi.go:1893.29,1895.17 2 0
github.com/yihuang/go-abi/stdlib_uint256.abi.go:1895.17,1897.4 1 0
github.com/yihuang/go-abi/stdlib_uint256.abi.go:1898.3,1898.14 1 0
github.com/yihuang/go-abi/stdlib_uint256.abi.go:1901.2,1901.25 1 0
github.com/yihuang/go-abi/stdlib_uint256.abi.go:1905.65,1908.2 2 0
github.com/yihuang/go-abi/stdlib_uint256.abi.go:1911.72,1918.29 4 0
github.com/yihuang/go-abi/stdlib_uint256.abi.go:1918.29,1920.17 2 0
github.com/yihuang/go-abi/stdlib_uint256.abi.go:1920.17,1922.4 1 0
github.com/yihuang/go-abi/stdlib_uint256.abi.go:1923.3,1923.14 1 0
github.com/yihuang/go-abi/stdlib_uint256.abi.go:1926.2,1926.25 1 0
github.com/yihuang/go-abi/stdlib_uint256.abi.go:1930.65,1933.2 2 0
github.com/yihuang/go-abi/stdlib_uint256.abi.go:1936.72,1943.29 4 0
github.com/yihuang/go-abi/stdlib_uint256.abi.go:1943.29,1945.17 2 0
github.com/yihuang/go-abi/stdlib_uint256.abi.go:1945.17,1947.4 1 0
github.com/yihuang/go-abi/stdlib_uint256.abi.go:1948.3,1948.14 1 0
github.com/yihuang/go-abi/stdlib_uint256.abi.go:1951.2,1951.25 1 0
github.com/yihuang/go-abi/stdlib_uint256.abi.go:1955.65,1958.2 2 0
github.com/yihuang/go-abi/stdlib_uint256.abi.go:1961.72,1968.29 4 0
github.com/yihuang/go-abi/stdlib_uint256.abi.go:1968.29,1970.17 2 0
github.com/yihuang/go-abi/stdlib_uint256.abi.go:1970.17,1972.4 1 0
github.com/yihuang/go-abi/stdlib_uint256.abi.go:1973.3,1973.14 1 0
github.com/yihuang/go-abi/stdlib_uint256.abi.go:1976.2,1976.25 1 0
github.com/yihuang/go-abi/stdlib_uint256.abi.go:1980.65,1983.2 2 0
github.com/yihuang/go-abi/stdlib_uint256.abi.go:1986.72,1993.29 4 0
github.com/yihuang/go-abi/stdlib_uint256.abi.go:1993.29,1995.17 2 0
github.com/yihuang/go-abi/stdlib_uint256.abi.go:1995.17,1997.4 1 0
github.com/yihuang/go-abi/stdlib_uint256.abi.go:1998.3,1998.14 1 0
github.com/yihuang/go-abi/stdlib_uint256.abi.go:2001.2,2001.25 1 0
github.com/yihuang/go-abi/stdlib_uint256.abi.go:2005.58,2008.2 2 0
github.com/yihuang/go-abi/stdlib_uint256.abi.go:2011.65,2014.2 2 0
github.com/yihuang/go-abi/stdlib_uint256.abi.go:2017.72,2024.29 4 0
github.com/yihuang/go-abi/stdlib_uint256.abi.go:2024.29,2026.17 2 0
github.com/yihuang/go-abi/stdlib_uint256.abi.go:2026.17,2028.4 1 0
github.com/yihuang/go-abi/stdlib_uint256.abi.go:2029.3,2029.14 1 0
github.com/yihuang/go-abi/stdlib_uint256.abi.go:2032.2,2032.25 1 0
github.com/yihuang/go-abi/stdlib_uint256.abi.go:2036.65,2039.2 2 0
github.com/yihuang/go-abi/stdlib_uint256.abi.go:2042.72,2049.29 4 0
github.com/yihuang/go-abi/stdlib_uint256.abi.go:2049.29,2051.17 2 0
github.com/yihuang/go-abi/stdlib_uint256.abi.go:2051.17,2053.4 1 0
github.com/yihuang/go-abi/stdlib_uint256.abi.go:2054.3,2054.14 1 0
github.com/yihuang/go-abi/stdlib_uint256.abi.go:2057.2,2057.25 1 0
github.com/yihuang/go-abi/stdlib_uint256.abi.go:2061.65,2068.29 4 0
github.com/yihuang/go-abi/stdlib_uint256.abi.go:2068.29,2070.17 2 0
github.com/yihuang/go-abi/stdlib_uint256.abi.go:2070.17,2072.4 1 0
github.com/yihuang/go-abi/stdlib_uint256.abi.go:2073.3,2073.14 1 0
github.com/yihuang/go-abi/stdlib_uint256.abi.go:2076.2,2076.25 1 0
github.com/yihuang/go-abi/stdlib_uint256.abi.go:2080.65,2083.2 2 0
github.com/yihuang/go-abi/stdlib_uint256.abi.go:2086.72,2093.29 4 0
github.com/yihuang/go-abi/stdlib_uint256.abi.go:2093.29,2095.17 2 0
github.com/yihuang/go-abi/stdlib_uint256.abi.go:2095.17,2097.4 1 0
github.com/yihuang/go-abi/stdlib_uint256.abi.go:2098.3,2098.14 1 0
github.com/yihuang/go-abi/stdlib_uint256.abi.go:2101.2,2101.25 1 0
github.com/yihuang/go-abi/stdlib_uint256.abi.go:2105.65,2108.2 2 0
github.com/yihuang/go-abi/stdlib_uint256.abi.go:2111.72,2118.29 4 0
github.com/yihuang/go-abi/stdlib_uint256.abi.go:2118.29,2120.17 2 0
github.com/yihuang/go-abi/stdlib_uint256.abi.go:2120.17,2122.4 1 0
github.com/yihuang/go-abi/stdlib_uint256.abi.go:2123.3,2123.14 1 0
github.com/yihuang/go-abi/stdlib_uint256.abi.go:2126.2,2126.25 1 0
github.com/yihuang/go-abi/stdlib_uint256.abi.go:2130.65,2133.2 2 0
github.com/yihuang/go-abi/stdlib_uint256.abi.go:2136.72,2143.29 4 0
github.com/yihuang/go-abi/stdlib_uint256.abi.go:2143.29,2145.17 2 0
github.com/yihuang/go-abi/stdlib_uint256.abi.go:2145.17,2147.4 1 0
github.com/yihuang/go-abi/stdlib_uint256.abi.go:2148.3,2148.14 1 0
github.com/yihuang/go-abi/stdlib_uint256.abi.go:2151.2,2151.25 1 0
github.com/yihuang/go-abi/stdlib_uint256.abi.go:2155.65,2158.2 2 0
github.com/yihuang/go-abi/stdlib_uint256.abi.go:2161.72,2168.29 4 0
github.com/yihuang/go-abi/stdlib_uint256.abi.go:2168.29,2170.17 2 0
github.com/yihuang/go-abi/stdlib_uint256.abi.go:2170.17,2172.4 1 0
github.com/yihuang/go-abi/stdlib_uint256.abi.go:2173.3,2173.14 1 0
github.com/yihuang/go-abi/stdlib_uint256.abi.go:2176.2,2176.25 1 0
github.com/yihuang/go-abi/stdlib_uint256.abi.go:2180.65,2183.2 2 0
github.com/yihuang/go-abi/stdlib_uint256.abi.go:2186.72,2193.29 4 0
github.com/yihuang/go-abi/stdlib_uint256.abi.go:2193.29,2195.17 2 0
github.com/yihuang/go-abi/stdlib_uint256.abi.go:2195.17,2197.4 1 0
github.com/yihuang/go-abi/stdlib_uint256.abi.go:2198.3,2198.14 1 0
github.com/yihuang/go-abi/stdlib_uint256.abi.go:2201.2,2201.25 1 0
github.com/yihuang/go-abi/stdlib_uint256.abi.go:2205.65,2208.2 2 0
github.com/yihuang/go-abi/stdlib_uint256.abi.go:2211.72,2218.29 4 0
github.com/yihuang/go-abi/stdlib_uint256.abi.go:2218.29,2220.17 2 0
github.com/yihuang/go-abi/stdlib_uint256.abi.go:2220.17,2222.4 1 0
github.com/yihuang/go-abi/stdlib_uint256.abi.go:2223.3,2223.14 1 0
github.com/yihuang/go-abi/stdlib_uint256.abi.go:2226.2,2226.25 1 0
github.com/yihuang/go-abi/stdlib_uint256.abi.go:2230.65,2233.2 2 0
github.com/yihuang/go-abi/stdlib_uint256.abi.go:2236.72,2243.29 4 0
github.com/yihuang/go-abi/stdlib_uint256.abi.go:2243.29,2245.17 2 0
github.com/yihuang/go-abi/stdlib_uint256.abi.go:2245.17,2247.4 1 0
github.com/yihuang/go-abi/stdlib_uint256.abi.go:2248.3,2248.14 1 0
github.com/yihuang/go-abi/stdlib_uint256.abi.go:2251.2,2251.25 1 0
github.com/yihuang/go-abi/stdlib_uint256.abi.go:2255.65,2258.2 2 0
github.com/yihuang/go-abi/stdlib_uint256.abi.go:2261.72,2268.29 4 0
github.com/yihuang/go-abi/stdlib_uint256.abi.go:2268.29,2270.17 2 0
github.com/yihuang/go-abi/stdlib_uint256.abi.go:2270.17,2272.4 1 0
github.com/yihuang/go-abi/stdlib_uint256.abi.go:2273.3,2273.14 1 0
github.com/yihuang/go-abi/stdlib_uint256.abi.go:2276.2,2276.25 1 0
github.com/yihuang/go-abi/stdlib_uint256.abi.go:2280.58,2283.2 2 0
github.com/yihuang/go-abi/stdlib_uint256.abi.go:2286.65,2289.2 2 0
github.com/yihuang/go-abi/stdlib_uint256.abi.go:2292.72,2299.29 4 0
github.com/yihuang/go-abi/stdlib_uint256.abi.go:2299.29,2301.17 2 0
github.com/yihuang/go-abi/stdlib_uint256.abi.go:2301.17,2303.4 1 0
github.com/yihuang/go-abi/stdlib_uint256.abi.go:2304.3,2304.14 1 0
github.com/yihuang/go-abi/stdlib_uint256.abi.go:2307.2,2307.25 1 0
github.com/yihuang/go-abi/stdlib_uint256.abi.go:2311.65,2314.2 2 0
github.com/yihuang/go-abi/stdlib_uint256.abi.go:2317.72,2324.29 4 0
github.com/yihuang/go-abi/stdlib_uint256.abi.go:2324.29,2326.17 2 0
github.com/yihuang/go-abi/stdlib_uint256.abi.go:2326.17,2328.4 1 0
github.com/yihuang/go-abi/stdlib_uint256.abi.go:2329.3,2329.14 1 0
github.com/yihuang/go-abi/stdlib_uint256.abi.go:2332.2,2332.25 1 0
github.com/yihuang/go-abi/stdlib_uint256.abi.go:2336.65,2343.29 4 0
github.com/yihuang/go-abi/stdlib_uint256.abi.go:2343.29,2345.17 2 0
github.com/yihuang/go-abi/stdlib_uint256.abi.go:2345.17,2347.4 1 0
github.com/yihuang/go-abi/stdlib_uint256.abi.go:2348.3,2348.14 1 0
github.com/yihuang/go-abi/stdlib_uint256.abi.go:2351.2,2351.25 1 0
github.com/yihuang/go-abi/stdlib_uint256.abi.go:2355.65,2358.2 2 0
github.com/yihuang/go-abi/stdlib_uint256.abi.go:2361.72,2368.29 4 0
github.com/yihuang/go-abi/stdlib_uint256.abi.go:2368.29,2370.17 2 0
github.com/yihuang/go-abi/stdlib_uint256.abi.go:2370.17,2372.4 1 0
github.com/yihuang/go-abi/stdlib_uint256.abi.go:2373.3,2373.14 1 0
github.com/yihuang/go-abi/stdlib_uint256.abi.go:2376.2,2376.25 1 0
github.com/yihuang/go-abi/stdlib_uint256.abi.go:2380.58,2383.2 2 0
github.com/yihuang/go-abi/stdlib_uint256.abi.go:2386.65,2393.29 4 0
github.com/yihuang/go-abi/stdlib_uint256.abi.go:2393.29,2395.17 2 0
github.com/yihuang/go-abi/stdlib_uint256.abi.go:2395.17,2397.4 1 0
github.com/yihuang/go-abi/stdlib_uint256.abi.go:2398.3,2398.14 1 0
github.com/yihuang/go-abi/stdlib_uint256.abi.go:2401.2,2401.25 1 0
github.com/yihuang/go-abi/stdlib_uint256.abi.go:2405.58,2408.2 2 0
github.com/yihuang/go-abi/stdlib_uint256.abi.go:2411.65,2418.29 4 0
github.com/yihuang/go-abi/stdlib_uint256.abi.go:2418.29,2420.17 2 0
github.com/yihuang/go-abi/stdlib_uint256.abi.go:2420.17,2422.4 1 0
github.com/yihuang/go-abi/stdlib_uint256.abi.go:2423.3,2423.14 1 0
github.com/yihuang/go-abi/stdlib_uint256.abi.go:2426.2,2426.25 1 0
github.com/yihuang/go-abi/stdlib_uint256.abi.go:2430.58,2433.2 2 0
github.com/yihuang/go-abi/stdlib_uint256.abi.go:2436.65,2443.29 4 0
github.com/yihuang/go-abi/stdlib_uint256.abi.go:2443.29,2445.17 2 0
github.com/yihuang/go-abi/stdlib_uint256.abi.go:2445.17,2447.4 1 0
github.com/yihuang/go-abi/stdlib_uint256.abi.go:2448.3,2448.14 1 0
github.com/yihuang/go-abi/stdlib_uint256.abi.go:2451.2,2451.25 1 0
github.com/yihuang/go-abi/stdlib_uint256.abi.go:2455.58,2458.2 2 0
github.com/yihuang/go-abi/stdlib_uint256.abi.go:2461.65,2468.29 4 0
github.com/yihuang/go-abi/stdlib_uint256.abi.go:2468.29,2470.17 2 0
github.com/yihuang/go-abi/stdlib_uint256.abi.go:2470.17,2472.4 1 0
github.com/yihuang/go-abi/stdlib_uint256.abi.go:2473.3,2473.14 1 0
github.com/yihuang/go-abi/stdlib_uint256.abi.go:2476.2,2476.25 1 0
github.com/yihuang/go-abi/stdlib_uint256.abi.go:2480.58,2483.2 2 0
github.com/yihuang/go-abi/stdlib_uint256.abi.go:2486.65,2493.29 4 0
github.com/yihuang/go-abi/stdlib_uint256.abi.go:2493.29,2495.17 2 0
github.com/yihuang/go-abi/stdlib_uint256.abi.go:2495.17,2497.4 1 0
github.com/yihuang/go-abi/stdlib_uint256.abi.go:2498.3,2498.14 1 0
github.com/yihuang/go-abi/stdlib_uint256.abi.go:2501.2,2501.25 1 0
github.com/yihuang/go-abi/stdlib_uint256.abi.go:2505.64,2508.2 2 0
github.com/yihuang/go-abi/stdlib_uint256.abi.go:2511.71,2518.29 4 0
github.com/yihuang/go-abi/stdlib_uint256.abi.go:2518.29,2520.17 2 0
github.com/yihuang/go-abi/stdlib_uint256.abi.go:2520.17,2522.4 1 0
github.com/yihuang/go-abi/stdlib_uint256.abi.go:2523.3,2523.14 1 0
github.com/yihuang/go-abi/stdlib_uint256.abi.go:2526.2,2526.25 1 0
github.com/yihuang/go-abi/stdlib_uint256.abi.go:2530.56,2533.2 2 0
github.com/yihuang/go-abi/stdlib_uint256.abi.go:2536.64,2539.2 2 0
github.com/yihuang/go-abi/stdlib_uint256.abi.go:2542.71,2549.29 4 0
github.com/yihuang/go-abi/stdlib_uint256.abi.go:2549.29,2551.17 2 0
github.com/yihuang/go-abi/stdlib_uint256.abi.go:2551.17,2553.4 1 0
github.com/yihuang/go-abi/stdlib_uint256.abi.go:2554.3,2554.14 1 0
github.com/yihuang/go-abi/stdlib_uint256.abi.go:2557.2,2557.25 1 0
github.com/yihuang/go-abi/stdlib_uint256.abi.go:2561.64,2564.2 2 0
github.com/yihuang/go-abi/stdlib_uint256.abi.go:2567.71,2574.29 4 0
github.com/yihuang/go-abi/stdlib_uint256.abi.go:2574.29,2576.17 2 0
github.com/yihuang/go-abi/stdlib_uint256.abi.go:2576.17,2578.4 1 0
github.com/yihuang/go-abi/stdlib_uint256.abi.go:2579.3,2579.14 1 0
github.com/yihuang/go-abi/stdlib_uint256.abi.go:2582.2,2582.25 1 0
github.com/yihuang/go-abi/stdlib_uint256.abi.go:2586.63,2593.29 4 0
github.com/yihuang/go-abi/stdlib_uint256.abi.go:2593.29,2595.17 2 0
github.com/yihuang/go-abi/stdlib_uint256.abi.go:2595.17,2597.4 1 0
github.com/yihuang/go-abi/stdlib_uint256.abi.go:2598.3,2598.14 1 0
github.com/yihuang/go-abi/stdlib_uint256.abi.go:2601.2,2601.25 1 0
github.com/yihuang/go-abi/stdlib_uint256.abi.go:2605.64,2608.2 2 0
github.com/yihuang/go-abi/stdlib_uint256.abi.go:2611.71,2618.29 4 0
github.com/yihuang/go-abi/stdlib_uint256.abi.go:2618.29,2620.17 2 0
github.com/yihuang/go-abi/stdlib_uint256.abi.go:2620.17,2622.4 1 0
github.com/yihuang/go-abi/stdlib_uint256.abi.go:2623.3,2623.14 1 0
github.com/yihuang/go-abi/stdlib_uint256.abi.go:2626.2,2626.25 1 0
github.com/yihuang/go-abi/stdlib_uint256.abi.go:2630.51,2633.2 2 0
github.com/yihuang/go-abi/stdlib_uint256.abi.go:2636.38,2639.2 2 0
github.com/yihuang/go-abi/stdlib_uint256.abi.go:2642.34,2645.2 2 0
github.com/yihuang/go-abi/stdlib_uint256.abi.go:2648.45,2651.2 2 0
github.com/yihuang/go-abi/stdlib_uint256.abi.go:2654.45,2657.2 2 0
github.com/yihuang/go-abi/stdlib_uint256.abi.go:2660.45,2663.2 2 0
github.com/yihuang/go-abi/stdlib_uint256.abi.go:2666.45,2669.2 2 0
github.com/yihuang/go-abi/stdlib_uint256.abi.go:2672.45,2675.2 2 0
github.com/yihuang/go-abi/stdlib_uint256.abi.go:2678.45,2681.2 2 0
github.com/yihuang/go-abi/stdlib_uint256.abi.go:2684.45,2687.2 2 0
github.com/yihuang/go-abi/stdlib_uint256.abi.go:2690.45,2693.2 2 0
github.com/yihuang/go-abi/stdlib_uint256.abi.go:2696.45,2699.2 2 0
github.com/yihuang/go-abi/stdlib_uint256.abi.go:2702.45,2705.2 2 0
github.com/yihuang/go-abi/stdlib_uint256.abi.go:2708.43,2711.2 2 0
github.com/yihuang/go-abi/stdlib_uint256.abi.go:2714.45,2717.2 2 0
github.com/yihuang/go-abi/stdlib_uint256.abi.go:2720.45,2723.2 2 0
github.com/yihuang/go-abi/stdlib_uint256.abi.go:2726.45,2729.2 2 0
github.com/yihuang/go-abi/stdlib_uint256.abi.go:2732.45,2735.2 2 0
github.com/yihuang/go-abi/stdlib_uint256.abi.go:2738.45,2741.2 2 0
github.com/yihuang/go-abi/stdlib_uint256.abi.go:2744.45,2747.2 2 0
github.com/yihuang/go-abi/stdlib_uint256.abi.go:2750.45,2753.2 2 0
github.com/yihuang/go-abi/stdlib_uint256.abi.go:2756.45,2759.2 2 0
github.com/yihuang/go-abi/stdlib_uint256.abi.go:2762.45,2765.2 2 0
github.com/yihuang/go-abi/stdlib_uint256.abi.go:2768.45,2771.2 2 0
github.com/yihuang/go-abi/stdlib_uint256.abi.go:2774.43,2777.2 2 0
github.com/yihuang/go-abi/stdlib_uint256.abi.go:2780.45,2783.2 2 0
github.com/yihuang/go-abi/stdlib_uint256.abi.go:2786.45,2789.2 2 0
github.com/yihuang/go-abi/stdlib_uint256.abi.go:2792.45,2795.2 2 0
github.com/yihuang/go-abi/stdlib_uint256.abi.go:2798.43,2801.2 2 0
github.com/yihuang/go-abi/stdlib_uint256.abi.go:2804.43,2807.2 2 0
github.com/yihuang/go-abi/stdlib_uint256.abi.go:2810.43,2813.2 2 0
github.com/yihuang/go-abi/stdlib_uint256.abi.go:2816.43,2819.2 2 0
github.com/yihuang/go-abi/stdlib_uint256.abi.go:2822.43,2825.2 2 0
github.com/yihuang/go-abi/stdlib_uint256.abi.go:2828.43,2831.2 2 0
github.com/yihuang/go-abi/stdlib_uint256.abi.go:2834.43,2837.2 2 0
github.com/yihuang/go-abi/stdlib_uint256.abi.go:2840.41,2842.29 2 0
github.com/yihuang/go-abi/stdlib_uint256.abi.go:2842.29,2844.3 1 0
github.com/yihuang/go-abi/stdlib_uint256.abi.go:2845.2,2845.13 1 0
github.com/yihuang/go-abi/stdlib_uint256.abi.go:2849.44,2852.2 2 0
github.com/yihuang/go-abi/stdlib_uint256.abi.go:2855.44,2858.2 2 0
github.com/yihuang/go-abi/stdlib_uint256.abi.go:2861.44,2864.2 2 0
github.com/yihuang/go-abi/stdlib_uint256.abi.go:2867.44,2870.2 2 0
github.com/yihuang/go-abi/stdlib_uint256.abi.go:2873.44,2876.2 2 0
github.com/yihuang/go-abi/stdlib_uint256.abi.go:2879.44,2882.2 2 0
github.com/yihuang/go-abi/stdlib_uint256.abi.go:2885.44,2888.2 2 0
github.com/yihuang/go-abi/stdlib_uint256.abi.go:2891.44,2894.2 2 0
github.com/yihuang/go-abi/stdlib_uint256.abi.go:2897.44,2900.2 2 0
github.com/yihuang/go-abi/stdlib_uint256.abi.go:2903.40,2906.2 2 0
github.com/yihuang/go-abi/stdlib_uint256.abi.go:2909.44,2912.2 2 0
github.com/yihuang/go-abi/stdlib_uint256.abi.go:2915.44,2918.2 2 0
github.com/yihuang/go-abi/stdlib_uint256.abi.go:2921.44,2924.2 2 0
github.com/yihuang/go-abi/stdlib_uint256.abi.go:2927.44,2930.2 2 0
github.com/yihuang/go-abi/stdlib_uint256.abi.go:2933.44,2936.2 2 0
github.com/yihuang/go-abi/stdlib_uint256.abi.go:2939.44,2942.2 2 0
github.com/yihuang/go-abi/stdlib_uint256.abi.go:2945.44,2948.2 2 0
github.com/yihuang/go-abi/stdlib_uint256.abi.go:2951.44,2954.2 2 0
github.com/yihuang/go-abi/stdlib_uint256.abi.go:2957.44,2960.2 2 0
github.com/yihuang/go-abi/stdlib_uint256.abi.go:2963.44,2966.2 2 0
github.com/yihuang/go-abi/stdlib_uint256.abi.go:2969.40,2972.2 2 0
github.com/yihuang/go-abi/stdlib_uint256.abi.go:2975.44,2978.2 2 0
github.com/yihuang/go-abi/stdlib_uint256.abi.go:2981.40,2984.2 2 0
github.com/yihuang/go-abi/stdlib_uint256.abi.go:2987.40,2990.2 2 0
github.com/yihuang/go-abi/stdlib_uint256.abi.go:2993.40,2996.2 2 0
github.com/yihuang/go-abi/stdlib_uint256.abi.go:2999.40,3002.2 2 0
github.com/yihuang/go-abi/stdlib_uint256.abi.go:3005.40,3008.2 2 0
github.com/yihuang/go-abi/stdlib_uint256.abi.go:3011.43,3014.2 2 0
github.com/yihuang/go-abi/stdlib_uint256.abi.go:3017.43,3020.2 2 0
github.com/yihuang/go-abi/stdlib_uint256.abi.go:3023.43,3026.2 2 0
github.com/yihuang/go-abi/stdlib_uint256.abi.go:3029.38,3032.2 2 0
github.com/yihuang/go-abi/stdlib_uint256.abi.go:3035.43,3038.2 2 0
github.com/yihuang/go-abi/stdlib_uint256.abi.go:3041.35,3044.2 2 0
github.com/yihuang/go-abi/stdlib_uint256.abi.go:3047.42,3049.29 2 0
github.com/yihuang/go-abi/stdlib_uint256.abi.go:3049.29,3051.3 1 0
github.com/yihuang/go-abi/stdlib_uint256.abi.go:3052.2,3052.13 1 0
github.com/yihuang/go-abi/stdlib_uint256.abi.go:3056.49,3059.2 2 0
github.com/yihuang/go-abi/stdlib_uint256.abi.go:3062.49,3065.2 2 0
github.com/yihuang/go-abi/stdlib_uint256.abi.go:3068.49,3071.2 2 0
github.com/yihuang/go-abi/stdlib_uint256.abi.go:3074.49,3077.2 2 0
github.com/yihuang/go-abi/stdlib_uint256.abi.go:3080.49,3083.2 2 0
github.com/yihuang/go-abi/stdlib_uint256.abi.go:3086.49,3089.2 2 0
github.com/yihuang/go-abi/stdlib_uint256.abi.go:3092.49,3095.2 2 0
github.com/yihuang/go-abi/stdlib_uint256.abi.go:3098.49,3101.2 2 0
github.com/yihuang/go-abi/stdlib_uint256.abi.go:3104.49,3107.2 2 0
github.com/yihuang/go-abi/stdlib_uint256.abi.go:3110.42,3113.2 2 0
github.com/yihuang/go-abi/stdlib_uint256.abi.go:3116.49,3119.2 2 0
github.com/yihuang/go-abi/stdlib_uint256.abi.go:3122.49,3125.2 2 0
github.com/yihuang/go-abi/stdlib_uint256.abi.go:3128.49,3131.2 2 0
github.com/yihuang/go-abi/stdlib_uint256.abi.go:3134.49,3137.2 2 0
github.com/yihuang/go-abi/stdlib_uint256.abi.go:3140.49,3143.2 2 0
github.com/yihuang/go-abi/stdlib_uint256.abi.go:3146.49,3149.2 2 0
github.com/yihuang/go-abi/stdlib_uint256.abi.go:3152.49,3155.2 2 0
github.com/yihuang/go-abi/stdlib_uint256.abi.go:3158.49,3161.2 2 0
github.com/yihuang/go-abi/stdlib_uint256.abi.go:3164.49,3167.2 2 0
github.com/yihuang/go-abi/stdlib_uint256.abi.go:3170.49,3173.2 2 0
github.com/yihuang/go-abi/stdlib_uint256.abi.go:3176.42,3179.2 2 0
github.com/yihuang/go-abi/stdlib_uint256.abi.go:3182.49,3185.2 2 0
github.com/yihuang/go-abi/stdlib_uint256.abi.go:3188.42,3191.2 2 0
github.com/yihuang/go-abi/stdlib_uint256.abi.go:3194.42,3197.2 2 0
github.com/yihuang/go-abi/stdlib_uint256.abi.go:3200.42,3203.2 2 0
github.com/yihuang/go-abi/stdlib_uint256.abi.go:3206.42,3209.2 2 0
github.com/yihuang/go-abi/stdlib_uint256.abi.go:3212.42,3215.2 2 0
github.com/yihuang/go-abi/stdlib_uint256.abi.go:3218.48,3221.2 2 0
github.com/yihuang/go-abi/stdlib_uint256.abi.go:3224.48,3227.2 2 0
github.com/yihuang/go-abi/stdlib_uint256.abi.go:3230.48,3233.2 2 0
github.com/yihuang/go-abi/stdlib_uint256.abi.go:3236.40,3239.2 2 0
github.com/yihuang/go-abi/stdlib_uint256.abi.go:3242.48,3245.2 2 0
github.com/yihuang/go-abi/stdlib_uint256.abi.go:3248.62,3250.26 2 0
github.com/yihuang/go-abi/stdlib_uint256.abi.go:3250.26,3251.22 1 0
github.com/yihuang/go-abi/stdlib_uint256.abi.go:3251.22,3253.4 1 0
github.com/yihuang/go-abi/stdlib_uint256.abi.go:3255.2,3256.24 2 0
github.com/yihuang/go-abi/stdlib_uint256.abi.go:3260.69,3262.20 1 0
github.com/yihuang/go-abi/stdlib_uint256.abi.go:3262.20,3264.3 1 0
github.com/yihuang/go-abi/stdlib_uint256.abi.go:3265.2,3266.16 2 0
github.com/yihuang/go-abi/stdlib_uint256.abi.go:3266.16,3268.3 1 0
github.com/yihuang/go-abi/stdlib_uint256.abi.go:3269.2,3270.49 2 0
github.com/yihuang/go-abi/stdlib_uint256.abi.go:3270.49,3272.3 1 0
github.com/yihuang/go-abi/stdlib_uint256.abi.go:3273.2,3279.30 3 0
github.com/yihuang/go-abi/stdlib_uint256.abi.go:3279.30,3281.17 2 0
github.com/yihuang/go-abi/stdlib_uint256.abi.go:3281.17,3283.4 1 0
github.com/yihuang/go-abi/stdlib_uint256.abi.go:3284.3,3284.14 1 0
github.com/yihuang/go-abi/stdlib_uint256.abi.go:3286.2,3286.33 1 0
github.com/yihuang/go-abi/stdlib_uint256.abi.go:3290.49,3292.30 1 0
github.com/yihuang/go-abi/stdlib_uint256.abi.go:3292.30,3293.13 1 0
github.com/yihuang/go-abi/stdlib_uint256.abi.go:3293.13,3295.4 1 0
github.com/yihuang/go-abi/stdlib_uint256.abi.go:3297.2,3297.18 1 0
github.com/yihuang/go-abi/stdlib_uint256.abi.go:3298.12,3299.23 1 0
github.com/yihuang/go-abi/stdlib_uint256.abi.go:3300.12,3301.24 1 0
github.com/yihuang/go-abi/stdlib_uint256.abi.go:3302.10,3303.35 1 0
github.com/yihuang/go-abi/stdlib_uint256.abi.go:3308.56,3310.20 1 0
github.com/yihuang/go-abi/stdlib_uint256.abi.go:3310.20,3312.3 1 0
github.com/yihuang/go-abi/stdlib_uint256.abi.go:3313.2,3314.16 2 0
github.com/yihuang/go-abi/stdlib_uint256.abi.go:3314.16,3316.3 1 0
github.com/yihuang/go-abi/stdlib_uint256.abi.go:3317.2,3318.49 2 0
github.com/yihuang/go-abi/stdlib_uint256.abi.go:3318.49,3320.3 1 0
github.com/yihuang/go-abi/stdlib_uint256.abi.go:3321.2,3327.30 3 0
github.com/yihuang/go-abi/stdlib_uint256.abi.go:3327.30,3329.17 2 0
github.com/yihuang/go-abi/stdlib_uint256.abi.go:3329.17,3331.4 1 0
github.com/yihuang/go-abi/stdlib_uint256.abi.go:3332.3,3332.14 1 0
github.com/yihuang/go-abi/stdlib_uint256.abi.go:3334.2,3334.33 1 0
github.com/yihuang/go-abi/stdlib_uint256.abi.go:3338.52,3340.20 1 0
github.com/yihuang/go-abi/stdlib_uint256.abi.go:3340.20,3342.3 1 0
github.com/yihuang/go-abi/stdlib_uint256.abi.go:3343.2,3344.16 2 0
github.com/yihuang/go-abi/stdlib_uint256.abi.go:3344.16,3346.3 1 0
github.com/yihuang/go-abi/stdlib_uint256.abi.go:3347.2,3349.30 3 0
github.com/yihuang/go-abi/stdlib_uint256.abi.go:3349.30,3351.3 1 0
github.com/yihuang/go-abi/stdlib_uint256.abi.go:3353.2,3353.41 1 0
github.com/yihuang/go-abi/stdlib_uint256.abi.go:3353.41,3354.22 1 0
github.com/yihuang/go-abi/stdlib_uint256.abi.go:3354.22,3356.4 1 0
github.com/yihuang/go-abi/stdlib_uint256.abi.go:3360.2,3360.47 1 0
github.com/yihuang/go-abi/stdlib_uint256.abi.go:3364.54,3366.26 1 0
github.com/yihuang/go-abi/stdlib_uint256.abi.go:3366.26,3367.22 1 0
github.com/yihuang/go-abi/stdlib_uint256.abi.go:3367.22,3369.4 1 0
github.com/yihuang/go-abi/stdlib_uint256.abi.go:3371.2,3373.23 3 0
github.com/yihuang/go-abi/stdlib_uint256.abi.go:3377.56,3379.27 1 0
github.com/yihuang/go-abi/stdlib_uint256.abi.go:3379.27,3380.22 1 0
github.com/yihuang/go-abi/stdlib_uint256.abi.go:3380.22,3382.4 1 0
github.com/yihuang/go-abi/stdlib_uint256.abi.go:3384.2,3386.24 3 0
github.com/yihuang/go-abi/stdlib_uint256.abi.go:3390.63,3392.20 1 0
github.com/yihuang/go-abi/stdlib_uint256.abi.go:3392.20,3394.3 1 0
github.com/yihuang/go-abi/stdlib_uint256.abi.go:3395.2,3396.16 2 0
github.com/yihuang/go-abi/stdlib_uint256.abi.go:3396.16,3398.3 1 0
github.com/yihuang/go-abi/stdlib_uint256.abi.go:3399.2,3400.49 2 0
github.com/yihuang/go-abi/stdlib_uint256.abi.go:3400.49,3402.3 1 0
github.com/yihuang/go-abi/stdlib_uint256.abi.go:3403.2,3409.30 3 0
github.com/yihuang/go-abi/stdlib_uint256.abi.go:3409.30,3411.17 2 0
github.com/yihuang/go-abi/stdlib_uint256.abi.go:3411.17,3413.4 1 0
github.com/yihuang/go-abi/stdlib_uint256.abi.go:3414.3,3414.14 1 0
github.com/yihuang/go-abi/stdlib_uint256.abi.go:3416.2,3416.33 1 0
github.com/yihuang/go-abi/stdlib_uint256.abi.go:3420.56,3422.27 1 0
github.com/yihuang/go-abi/stdlib_uint256.abi.go:3422.27,3423.22 1 0
github.com/yihuang/go-abi/stdlib_uint256.abi.go:3423.22,3425.4 1 0
github.com/yihuang/go-abi/stdlib_uint256.abi.go:3427.2,3429.24 3 0
github.com/yihuang/go-abi/stdlib_uint256.abi.go:3433.63,3435.20 1 0
github.com/yihuang/go-abi/stdlib_uint256.abi.go:3435.20,3437.3 1 0
github.com/yihuang/go-abi/stdlib_uint256.abi.go:3438.2,3439.16 2 0
github.com/yihuang/go-abi/stdlib_uint256.abi.go:3439.16,3441.3 1 0
github.com/yihuang/go-abi/stdlib_uint256.abi.go:3442.2,3443.49 2 0
github.com/yihuang/go-abi/stdlib_uint256.abi.go:3443.49,3445.3 1 0
github.com/yihuang/go-abi/stdlib_uint256.abi.go:3446.2,3452.30 3 0
github.com/yihuang/go-abi/stdlib_uint256.abi.go:3452.30,3454.17 2 0
github.com/yihuang/go-abi/stdlib_uint256.abi.go:3454.17,3456.4 1 0
github.com/yihuang/go-abi/stdlib_uint256.abi.go:3457.3,3457.14 1 0
github.com/yihuang/go-abi/stdlib_uint256.abi.go:3459.2,3459.33 1 0
github.com/yihuang/go-abi/stdlib_uint256.abi.go:3463.56,3465.27 1 0
github.com/yihuang/go-abi/stdlib_uint256.abi.go:3465.27,3466.22 1 0
github.com/yihuang/go-abi/stdlib_uint256.abi.go:3466.22,3468.4 1 0
github.com/yihuang/go-abi/stdlib_uint256.abi.go:3470.2,3472.24 3 0
github.com/yihuang/go-abi/stdlib_uint256.abi.go:3476.63,3478.20 1 0
github.com/yihuang/go-abi/stdlib_uint256.abi.go:3478.20,3480.3 1 0
github.com/yihuang/go-abi/stdlib_uint256.abi.go:3481.2,3482.16 2 0
github.com/yihuang/go-abi/stdlib_uint256.abi.go:3482.16,3484.3 1 0
github.com/yihuang/go-abi/stdlib_uint256.abi.go:3485.2,3486.49 2 0
github.com/yihuang/go-abi/stdlib_uint256.abi.go:3486.49,3488.3 1 0
github.com/yihuang/go-abi/stdlib_uint256.abi.go:3489.2,3495.30 3 0
github.com/yihuang/go-abi/stdlib_uint256.abi.go:3495.30,3497.17 2 0
github.com/yihuang/go-abi/stdlib_uint256.abi.go:3497.17,3499.4 1 0
github.com/yihuang/go-abi/stdlib_uint256.abi.go:3500.3,3500.14 1 0
github.com/yihuang/go-abi/stdlib_uint256.abi.go:3502.2,3502.33 1 0
github.com/yihuang/go-abi/stdlib_uint256.abi.go:3506.56,3508.27 1 0
github.com/yihuang/go-abi/stdlib_uint256.abi.go:3508.27,3509.22 1 0
github.com/yihuang/go-abi/stdlib_uint256.abi.go:3509.22,3511.4 1 0
github.com/yihuang/go-abi/stdlib_uint256.abi.go:3513.2,3515.24 3 0
github.com/yihuang/go-abi/stdlib_uint256.abi.go:3519.63,3521.20 1 0
github.com/yihuang/go-abi/stdlib_uint256.abi.go:3521.20,3523.3 1 0
github.com/yihuang/go-abi/stdlib_uint256.abi.go:3524.2,3525.16 2 0
github.com/yihuang/go-abi/stdlib_uint256.abi.go:3525.16,3527.3 1 0
github.com/yihuang/go-abi/stdlib_uint256.abi.go:3528.2,3529.49 2 0
github.com/yihuang/go-abi/stdlib_uint256.abi.go:3529.49,3531.3 1 0
github.com/yihuang/go-abi/stdlib_uint256.abi.go:3532.2,3538.30 3 0
github.com/yihuang/go-abi/stdlib_uint256.abi.go:3538.30,3540.17 2 0
github.com/yihuang/go-abi/stdlib_uint256.abi.go:3540.17,3542.4 1 0
github.com/yihuang/go-abi/stdlib_uint256.abi.go:3543.3,3543.14 1 0
github.com/yihuang/go-abi/stdlib_uint256.abi.go:3545.2,3545.33 1 0
github.com/yihuang/go-abi/stdlib_uint256.abi.go:3549.56,3551.27 1 0
github.com/yihuang/go-abi/stdlib_uint256.abi.go:3551.27,3552.22 1 0
github.com/yihuang/go-abi/stdlib_uint256.abi.go:3552.22,3554.4 1 0
github.com/yihuang/go-abi/stdlib_uint256.abi.go:3556.2,3558.24 3 0
github.com/yihuang/go-abi/stdlib_uint256.abi.go:3562.63,3564.20 1 0
github.com/yihuang/go-abi/stdlib_uint256.abi.go:3564.20,3566.3 1 0
github.com/yihuang/go-abi/stdlib_uint256.abi.go:3567.2,3568.16 2 0
github.com/yihuang/go-abi/stdlib_uint256.abi.go:3568.16,3570.3 1 0
github.com/yihuang/go-abi/stdlib_uint256.abi.go:3571.2,3572.49 2 0
github.com/yihuang/go-abi/stdlib_uint256.abi.go:3572.49,3574.3 1 0
github.com/yihuang/go-abi/stdlib_uint256.abi.go:3575.2,3581.30 3 0
github.com/yihuang/go-abi/stdlib_uint256.abi.go:3581.30,3583.17 2 0
github.com/yihuang/go-abi/stdlib_uint256.abi.go:3583.17,3585.4 1 0
github.com/yihuang/go-abi/stdlib_uint256.abi.go:3586.3,3586.14 1 0
github.com/yihuang/go-abi/stdlib_uint256.abi.go:3588.2,3588.33 1 0
github.com/yihuang/go-abi/stdlib_uint256.abi.go:3592.56,3594.27 1 0
github.com/yihuang/go-abi/stdlib_uint256.abi.go:3594.27,3595.22 1 0
github.com/yihuang/go-abi/stdlib_uint256.abi.go:3595.22,3597.4 1 0
github.com/yihuang/go-abi/stdlib_uint256.abi.go:3599.2,3601.24 3 0
github.com/yihuang/go-abi/stdlib_uint256.abi.go:3605.63,3607.20 1 0
github.com/yihuang/go-abi/stdlib_uint256.abi.go:3607.20,3609.3 1 0
github.com/yihuang/go-abi/stdlib_uint256.abi.go:3610.2,3611.16 2 0
github.com/yihuang/go-abi/stdlib_uint256.abi.go:3611.16,3613.3 1 0
github.com/yihuang/go-abi/stdlib_uint256.abi.go:3614.2,3615.49 2 0
github.com/yihuang/go-abi/stdlib_uint256.abi.go:3615.49,3617.3 1 0
github.com/yihuang/go-abi/stdlib_uint256.abi.go:3618.2,3624.30 3 0
github.com/yihuang/go-abi/stdlib_uint256.abi.go:3624.30,3626.17 2 0
github.com/yihuang/go-abi/stdlib_uint256.abi.go:3626.17,3628.4 1 0
github.com/yihuang/go-abi/stdlib_uint256.abi.go:3629.3,3629.14 1 0
github.com/yihuang/go-abi/stdlib_uint256.abi.go:3631.2,3631.33 1 0
github.com/yihuang/go-abi/stdlib_uint256.abi.go:3635.56,3637.27 1 0
github.com/yihuang/go-abi/stdlib_uint256.abi.go:3637.27,3638.22 1 0
github.com/yihuang/go-abi/stdlib_uint256.abi.go:3638.22,3640.4 1 0
github.com/yihuang/go-abi/stdlib_uint256.abi.go:3642.2,3644.24 3 0
github.com/yihuang/go-abi/stdlib_uint256.abi.go:3648.63,3650.20 1 0
github.com/yihuang/go-abi/stdlib_uint256.abi.go:3650.20,3652.3 1 0
github.com/yihuang/go-abi/stdlib_uint256.abi.go:3653.2,3654.16 2 0
github.com/yihuang/go-abi/stdlib_uint256.abi.go:3654.16,3656.3 1 0
github.com/yihuang/go-abi/stdlib_uint256.abi.go:3657.2,3658.49 2 0
github.com/yihuang/go-abi/stdlib_uint256.abi.go:3658.49,3660.3 1 0
github.com/yihuang/go-abi/stdlib_uint256.abi.go:3661.2,3667.30 3 0
github.com/yihuang/go-abi/stdlib_uint256.abi.go:3667.30,3669.17 2 0
github.com/yihuang/go-abi/stdlib_uint256.abi.go:3669.17,3671.4 1 0
github.com/yihuang/go-abi/stdlib_uint256.abi.go:3672.3,3672.14 1 0
github.com/yihuang/go-abi/stdlib_uint256.abi.go:3674.2,3674.33 1 0
github.com/yihuang/go-abi/stdlib_uint256.abi.go:3678.56,3680.27 1 0
github.com/yihuang/go-abi/stdlib_uint256.abi.go:3680.27,3681.22 1 0
github.com/yihuang/go-abi/stdlib_uint256.abi.go:3681.22,3683.4 1 0
github.com/yihuang/go-abi/stdlib_uint256.abi.go:3685.2,3687.24 3 0
github.com/yihuang/go-abi/stdlib_uint256.abi.go:3691.63,3693.20 1 0
github.com/yihuang/go-abi/stdlib_uint256.abi.go:3693.20,3695.3 1 0
github.com/yihuang/go-abi/stdlib_uint256.abi.go:3696.2,3697.16 2 0
github.com/yihuang/go-abi/stdlib_uint256.abi.go:3697.16,3699.3 1 0
github.com/yihuang/go-abi/stdlib_uint256.abi.go:3700.2,3701.49 2 0
github.com/yihuang/go-abi/stdlib_uint256.abi.go:3701.49,3703.3 1 0
github.com/yihuang/go-abi/stdlib_uint256.abi.go:3704.2,3710.30 3 0
github.com/yihuang/go-abi/stdlib_uint256.abi.go:3710.30,3712.17 2 0
github.com/yihuang/go-abi/stdlib_uint256.abi.go:3712.17,3714.4 1 0
github.com/yihuang/go-abi/stdlib_uint256.abi.go:3715.3,3715.14 1 0
github.com/yihuang/go-abi/stdlib_uint256.abi.go:3717.2,3717.33 1 0
github.com/yihuang/go-abi/stdlib_uint256.abi.go:3721.56,3723.27 1 0
github.com/yihuang/go-abi/stdlib_uint256.abi.go:3723.27,3724.22 1 0
github.com/yihuang/go-abi/stdlib_uint256.abi.go:3724.22,3726.4 1 0
github.com/yihuang/go-abi/stdlib_uint256.abi.go:3728.2,3730.24 3 0
github.com/yihuang/go-abi/stdlib_uint256.abi.go:3734.63,3736.20 1 0
github.com/yihuang/go-abi/stdlib_uint256.abi.go:3736.20,3738.3 1 0
github.com/yihuang/go-abi/stdlib_uint256.abi.go:3739.2,3740.16 2 0
github.com/yihuang/go-abi/stdlib_uint256.abi.go:3740.16,3742.3 1 0
github.com/yihuang/go-abi/stdlib_uint256.abi.go:3743.2,3744.49 2 0
github.com/yihuang/go-abi/stdlib_uint256.abi.go:3744.49,3746.3 1 0
github.com/yihuang/go-abi/stdlib_uint256.abi.go:3747.2,3753.30 3 0
github.com/yihuang/go-abi/stdlib_uint256.abi.go:3753.30,3755.17 2 0
github.com/yihuang/go-abi/stdlib_uint256.abi.go:3755.17,3757.4 1 0
github.com/yihuang/go-abi/stdlib_uint256.abi.go:3758.3,3758.14 1 0
github.com/yihuang/go-abi/stdlib_uint256.abi.go:3760.2,3760.33 1 0
github.com/yihuang/go-abi/stdlib_uint256.abi.go:3764.56,3766.27 1 0
github.com/yihuang/go-abi/stdlib_uint256.abi.go:3766.27,3767.22 1 0
github.com/yihuang/go-abi/stdlib_uint256.abi.go:3767.22,3769.4 1 0
github.com/yihuang/go-abi/stdlib_uint256.abi.go:3771.2,3773.24 3 0
github.com/yihuang/go-abi/stdlib_uint256.abi.go:3777.63,3779.20 1 0
github.com/yihuang/go-abi/stdlib_uint256.abi.go:3779.20,3781.3 1 0
github.com/yihuang/go-abi/stdlib_uint256.abi.go:3782.2,3783.16 2 0
github.com/yihuang/go-abi/stdlib_uint256.abi.go:3783.16,3785.3 1 0
github.com/yihuang/go-abi/stdlib_uint256.abi.go:3786.2,3787.49 2 0
github.com/yihuang/go-abi/stdlib_uint256.abi.go:3787.49,3789.3 1 0
github.com/yihuang/go-abi/stdlib_uint256.abi.go:3790.2,3796.30 3 0
github.com/yihuang/go-abi/stdlib_uint256.abi.go:3796.30,3798.17 2 0
github.com/yihuang/go-abi/stdlib_uint256.abi.go:3798.17,3800.4 1 0
github.com/yihuang/go-abi/stdlib_uint256.abi.go:3801.3,3801.14 1 0
github.com/yihuang/go-abi/stdlib_uint256.abi.go:3803.2,3803.33 1 0
github.com/yihuang/go-abi/stdlib_uint256.abi.go:3807.61,3809.20 1 0
github.com/yihuang/go-abi/stdlib_uint256.abi.go:3809.20,3811.3 1 0
github.com/yihuang/go-abi/stdlib_uint256.abi.go:3812.2,3813.16 2 0
github.com/yihuang/go-abi/stdlib_uint256.abi.go:3813.16,3815.3 1 0
github.com/yihuang/go-abi/stdlib_uint256.abi.go:3816.2,3817.49 2 0
github.com/yihuang/go-abi/stdlib_uint256.abi.go:3817.49,3819.3 1 0
github.com/yihuang/go-abi/stdlib_uint256.abi.go:3820.2,3826.30 3 0
github.com/yihuang/go-abi/stdlib_uint256.abi.go:3826.30,3828.17 2 0
github.com/yihuang/go-abi/stdlib_uint256.abi.go:3828.17,3830.4 1 0
github.com/yihuang/go-abi/stdlib_uint256.abi.go:3831.3,3831.14 1 0
github.com/yihuang/go-abi/stdlib_uint256.abi.go:3833.2,3833.33 1 0
github.com/yihuang/go-abi/stdlib_uint256.abi.go:3837.54,3839.26 1 0
github.com/yihuang/go-abi/stdlib_uint256.abi.go:3839.26,3840.22 1 0
github.com/yihuang/go-abi/stdlib_uint256.abi.go:3840.22,3842.4 1 0
github.com/yihuang/go-abi/stdlib_uint256.abi.go:3844.2,3846.23 3 0
github.com/yihuang/go-abi/stdlib_uint256.abi.go:3850.56,3852.27 1 0
github.com/yihuang/go-abi/stdlib_uint256.abi.go:3852.27,3853.22 1 0
github.com/yihuang/go-abi/stdlib_uint256.abi.go:3853.22,3855.4 1 0
github.com/yihuang/go-abi/stdlib_uint256.abi.go:3857.2,3859.24 3 0
github.com/yihuang/go-abi/stdlib_uint256.abi.go:3863.63,3865.20 1 0
github.com/yihuang/go-abi/stdlib_uint256.abi.go:3865.20,3867.3 1 0
github.com/yihuang/go-abi/stdlib_uint256.abi.go:3868.2,3869.16 2 0
github.com/yihuang/go-abi/stdlib_uint256.abi.go:3869.16,3871.3 1 0
github.com/yihuang/go-abi/stdlib_uint256.abi.go:3872.2,3873.49 2 0
github.com/yihuang/go-abi/stdlib_uint256.abi.go:3873.49,3875.3 1 0
github.com/yihuang/go-abi/stdlib_uint256.abi.go:3876.2,3882.30 3 0
github.com/yihuang/go-abi/stdlib_uint256.abi.go:3882.30,3884.17 2 0
github.com/yihuang/go-abi/stdlib_uint256.abi.go:3884.17,3886.4 1 0
github.com/yihuang/go-abi/stdlib_uint256.abi.go:3887.3,3887.14 1 0
github.com/yihuang/go-abi/stdlib_uint256.abi.go:3889.2,3889.33 1 0
github.com/yihuang/go-abi/stdlib_uint256.abi.go:3893.56,3895.27 1 0
github.com/yihuang/go-abi/stdlib_uint256.abi.go:3895.27,3896.22 1 0
github.com/yihuang/go-abi/stdlib_uint256.abi.go:3896.22,3898.4 1 0
github.com/yihuang/go-abi/stdlib_uint256.abi.go:3900.2,3902.24 3 0
github.com/yihuang/go-abi/stdlib_uint256.abi.go:3906.63,3908.20 1 0
github.com/yihuang/go-abi/stdlib_uint256.abi.go:3908.20,3910.3 1 0
github.com/yihuang/go-abi/stdlib_uint256.abi.go:3911.2,3912.16 2 0
github.com/yihuang/go-abi/stdlib_uint256.abi.go:3912.16,3914.3 1 0
github.com/yihuang/go-abi/stdlib_uint256.abi.go:3915.2,3916.49 2 0
github.com/yihuang/go-abi/stdlib_uint256.abi.go:3916.49,3918.3 1 0
github.com/yihuang/go-abi/stdlib_uint256.abi.go:3919.2,3925.30 3 0
github.com/yihuang/go-abi/stdlib_uint256.abi.go:3925.30,3927.17 2 0
github.com/yihuang/go-abi/stdlib_uint256.abi.go:3927.17,3929.4 1 0
github.com/yihuang/go-abi/stdlib_uint256.abi.go:3930.3,3930.14 1 0
github.com/yihuang/go-abi/stdlib_uint256.abi.go:3932.2,3932.33 1 0
github.com/yihuang/go-abi/stdlib_uint256.abi.go:3936.56,3938.27 1 0
github.com/yihuang/go-abi/stdlib_uint256.abi.go:3938.27,3939.22 1 0
github.com/yihuang/go-abi/stdlib_uint256.abi.go:3939.22,3941.4 1 0
github.com/yihuang/go-abi/stdlib_uint256.abi.go:3943.2,3945.24 3 0
github.com/yihuang/go-abi/stdlib_uint256.abi.go:3949.63,3951.20 1 0
github.com/yihuang/go-abi/stdlib_uint256.abi.go:3951.20,3953.3 1 0
github.com/yihuang/go-abi/stdlib_uint256.abi.go:3954.2,3955.16 2 0
github.com/yihuang/go-abi/stdlib_uint256.abi.go:3955.16,3957.3 1 0
github.com/yihuang/go-abi/stdlib_uint256.abi.go:3958.2,3959.49 2 0
github.com/yihuang/go-abi/stdlib_uint256.abi.go:3959.49,3961.3 1 0
github.com/yihuang/go-abi/stdlib_uint256.abi.go:3962.2,3968.30 3 0
github.com/yihuang/go-abi/stdlib_uint256.abi.go:3968.30,3970.17 2 0
github.com/yihuang/go-abi/stdlib_uint256.abi.go:3970.17,3972.4 1 0
github.com/yihuang/go-abi/stdlib_uint256.abi.go:3973.3,3973.14 1 0
github.com/yihuang/go-abi/stdlib_uint256.abi.go:3975.2,3975.33 1 0
github.com/yihuang/go-abi/stdlib_uint256.abi.go:3979.56,3981.27 1 0
github.com/yihuang/go-abi/stdlib_uint256.abi.go:3981.27,3982.22 1 0
github.com/yihuang/go-abi/stdlib_uint256.abi.go:3982.22,3984.4 1 0
github.com/yihuang/go-abi/stdlib_uint256.abi.go:3986.2,3988.24 3 0
github.com/yihuang/go-abi/stdlib_uint256.abi.go:3992.63,3994.20 1 0
github.com/yihuang/go-abi/stdlib_uint256.abi.go:3994.20,3996.3 1 0
github.com/yihuang/go-abi/stdlib_uint256.abi.go:3997.2,3998.16 2 0
github.com/yihuang/go-abi/stdlib_uint256.abi.go:3998.16,4000.3 1 0
github.com/yihuang/go-abi/stdlib_uint256.abi.go:4001.2,4002.49 2 0
github.com/yihuang/go-abi/stdlib_uint256.abi.go:4002.49,4004.3 1 0
github.com/yihuang/go-abi/stdlib_uint256.abi.go:4005.2,4011.30 3 0
github.com/yihuang/go-abi/stdlib_uint256.abi.go:4011.30,4013.17 2 0
github.com/yihuang/go-abi/stdlib_uint256.abi.go:4013.17,4015.4 1 0
github.com/yihuang/go-abi/stdlib_uint256.abi.go:4016.3,4016.14 1 0
github.com/yihuang/go-abi/stdlib_uint256.abi.go:4018.2,4018.33 1 0
github.com/yihuang/go-abi/stdlib_uint256.abi.go:4022.56,4024.27 1 0
github.com/yihuang/go-abi/stdlib_uint256.abi.go:4024.27,4025.22 1 0
github.com/yihuang/go-abi/stdlib_uint256.abi.go:4025.22,4027.4 1 0
github.com/yihuang/go-abi/stdlib_uint256.abi.go:4029.2,4031.24 3 0
github.com/yihuang/go-abi/stdlib_uint256.abi.go:4035.63,4037.20 1 0
github.com/yihuang/go-abi/stdlib_uint256.abi.go:4037.20,4039.3 1 0
github.com/yihuang/go-abi/stdlib_uint256.abi.go:4040.2,4041.16 2 0
github.com/yihuang/go-abi/stdlib_uint256.abi.go:4041.16,4043.3 1 0
github.com/yihuang/go-abi/stdlib_uint256.abi.go:4044.2,4045.49 2 0
github.com/yihuang/go-abi/stdlib_uint256.abi.go:4045.49,4047.3 1 0
github.com/yihuang/go-abi/stdlib_uint256.abi.go:4048.2,4054.30 3 0
github.com/yihuang/go-abi/stdlib_uint256.abi.go:4054.30,4056.17 2 0
github.com/yihuang/go-abi/stdlib_uint256.abi.go:4056.17,4058.4 1 0
github.com/yihuang/go-abi/stdlib_uint256.abi.go:4059.3,4059.14 1 0
github.com/yihuang/go-abi/stdlib_uint256.abi.go:4061.2,4061.33 1 0
github.com/yihuang/go-abi/stdlib_uint256.abi.go:4065.56,4067.27 1 0
github.com/yihuang/go-abi/stdlib_uint256.abi.go:4067.27,4068.22 1 0
github.com/yihuang/go-abi/stdlib_uint256.abi.go:4068.22,4070.4 1 0
github.com/yihuang/go-abi/stdlib_uint256.abi.go:4072.2,4074.24 3 0
github.com/yihuang/go-abi/stdlib_uint256.abi.go:4078.63,4080.20 1 0
github.com/yihuang/go-abi/stdlib_uint256.abi.go:4080.20,4082.3 1 0
github.com/yihuang/go-abi/stdlib_uint256.abi.go:4083.2,4084.16 2 0
github.com/yihuang/go-abi/stdlib_uint256.abi.go:4084.16,4086.3 1 0
github.com/yihuang/go-abi/stdlib_uint256.abi.go:4087.2,4088.49 2 0
github.com/yihuang/go-abi/stdlib_uint256.abi.go:4088.49,4090.3 1 0
github.com/yihuang/go-abi/stdlib_uint256.abi.go:4091.2,4097.30 3 0
github.com/yihuang/go-abi/stdlib_uint256.abi.go:4097.30,4099.17 2 0
github.com/yihuang/go-abi/stdlib_uint256.abi.go:4099.17,4101.4 1 0
github.com/yihuang/go-abi/stdlib_uint256.abi.go:4102.3,4102.14 1 0
github.com/yihuang/go-abi/stdlib_uint256.abi.go:4104.2,4104.33 1 0
github.com/yihuang/go-abi/stdlib_uint256.abi.go:4108.56,4110.27 1 0
github.com/yihuang/go-abi/stdlib_uint256.abi.go:4110.27,4111.22 1 0
github.com/yihuang/go-abi/stdlib_uint256.abi.go:4111.22,4113.4 1 0
github.com/yihuang/go-abi/stdlib_uint256.abi.go:4115.2,4117.24 3 0
github.com/yihuang/go-abi/stdlib_uint256.abi.go:4121.63,4123.20 1 0
github.com/yihuang/go-abi/stdlib_uint256.abi.go:4123.20,4125.3 1 0
github.com/yihuang/go-abi/stdlib_uint256.abi.go:4126.2,4127.16 2 0
github.com/yihuang/go-abi/stdlib_uint256.abi.go:4127.16,4129.3 1 0
github.com/yihuang/go-abi/stdlib_uint256.abi.go:4130.2,4131.49 2 0
github.com/yihuang/go-abi/stdlib_uint256.abi.go:4131.49,4133.3 1 0
github.com/yihuang/go-abi/stdlib_uint256.abi.go:4134.2,4140.30 3 0
github.com/yihuang/go-abi/stdlib_uint256.abi.go:4140.30,4142.17 2 0
github.com/yihuang/go-abi/stdlib_uint256.abi.go:4142.17,4144.4 1 0
github.com/yihuang/go-abi/stdlib_uint256.abi.go:4145.3,4145.14 1 0
github.com/yihuang/go-abi/stdlib_uint256.abi.go:4147.2,4147.33 1 0
github.com/yihuang/go-abi/stdlib_uint256.abi.go:4151.56,4153.27 1 0
github.com/yihuang/go-abi/stdlib_uint256.abi.go:4153.27,4154.22 1 0
github.com/yihuang/go-abi/stdlib_uint256.abi.go:4154.22,4156.4 1 0
github.com/yihuang/go-abi/stdlib_uint256.abi.go:4158.2,4160.24 3 0
github.com/yihuang/go-abi/stdlib_uint256.abi.go:4164.63,4166.20 1 0
github.com/yihuang/go-abi/stdlib_uint256.abi.go:4166.20,4168.3 1 0
github.com/yihuang/go-abi/stdlib_uint256.abi.go:4169.2,4170.16 2 0
github.com/yihuang/go-abi/stdlib_uint256.abi.go:4170.16,4172.3 1 0
github.com/yihuang/go-abi/stdlib_uint256.abi.go:4173.2,4174.49 2 0
github.com/yihuang/go-abi/stdlib_uint256.abi.go:4174.49,4176.3 1 0
github.com/yihuang/go-abi/stdlib_uint256.abi.go:4177.2,4183.30 3 0
github.com/yihuang/go-abi/stdlib_uint256.abi.go:4183.30,4185.17 2 0
github.com/yihuang/go-abi/stdlib_uint256.abi.go:4185.17,4187.4 1 0
github.com/yihuang/go-abi/stdlib_uint256.abi.go:4188.3,4188.14 1 0
github.com/yihuang/go-abi/stdlib_uint256.abi.go:4190.2,4190.33 1 0
github.com/yihuang/go-abi/stdlib_uint256.abi.go:4194.56,4196.27 1 0
github.com/yihuang/go-abi/stdlib_uint256.abi.go:4196.27,4197.22 1 0
github.com/yihuang/go-abi/stdlib_uint256.abi.go:4197.22,4199.4 1 0
github.com/yihuang/go-abi/stdlib_uint256.abi.go:4201.2,4203.24 3 0
github.com/yihuang/go-abi/stdlib_uint256.abi.go:4207.63,4209.20 1 0
github.com/yihuang/go-abi/stdlib_uint256.abi.go:4209.20,4211.3 1 0
github.com/yihuang/go-abi/stdlib_uint256.abi.go:4212.2,4213.16 2 0
github.com/yihuang/go-abi/stdlib_uint256.abi.go:4213.16,4215.3 1 0
github.com/yihuang/go-abi/stdlib_uint256.abi.go:4216.2,4217.49 2 0
github.com/yihuang/go-abi/stdlib_uint256.abi.go:4217.49,4219.3 1 0
github.com/yihuang/go-abi/stdlib_uint256.abi.go:4220.2,4226.30 3 0
github.com/yihuang/go-abi/stdlib_uint256.abi.go:4226.30,4228.17 2 0
github.com/yihuang/go-abi/stdlib_uint256.abi.go:4228.17,4230.4 1 0
github.com/yihuang/go-abi/stdlib_uint256.abi.go:4231.3,4231.14 1 0
github.com/yihuang/go-abi/stdlib_uint256.abi.go:4233.2,4233.33 1 0
github.com/yihuang/go-abi/stdlib_uint256.abi.go:4237.56,4239.27 1 0
github.com/yihuang/go-abi/stdlib_uint256.abi.go:4239.27,4240.22 1 0
github.com/yihuang/go-abi/stdlib_uint256.abi.go:4240.22,4242.4 1 0
github.com/yihuang/go-abi/stdlib_uint256.abi.go:4244.2,4246.24 3 0
github.com/yihuang/go-abi/stdlib_uint256.abi.go:4250.63,4252.20 1 0
github.com/yihuang/go-abi/stdlib_uint256.abi.go:4252.20,4254.3 1 0
github.com/yihuang/go-abi/stdlib_uint256.abi.go:4255.2,4256.16 2 0
github.com/yihuang/go-abi/stdlib_uint256.abi.go:4256.16,4258.3 1 0
github.com/yihuang/go-abi/stdlib_uint256.abi.go:4259.2,4260.49 2 0
github.com/yihuang/go-abi/stdlib_uint256.abi.go:4260.49,4262.3 1 0
github.com/yihuang/go-abi/stdlib_uint256.abi.go:4263.2,4269.30 3 0
github.com/yihuang/go-abi/stdlib_uint256.abi.go:4269.30,4271.17 2 0
github.com/yihuang/go-abi/stdlib_uint256.abi.go:4271.17,4273.4 1 0
github.com/yihuang/go-abi/stdlib_uint256.abi.go:4274.3,4274.14 1 0
github.com/yihuang/go-abi/stdlib_uint256.abi.go:4276.2,4276.33 1 0
github.com/yihuang/go-abi/stdlib_uint256.abi.go:4280.61,4282.20 1 0
github.com/yihuang/go-abi/stdlib_uint256.abi.go:4282.20,4284.3 1 0
github.com/yihuang/go-abi/stdlib_uint256.abi.go:4285.2,4286.16 2 0
github.com/yihuang/go-abi/stdlib_uint256.abi.go:4286.16,4288.3 1 0
github.com/yihuang/go-abi/stdlib_uint256.abi.go:4289.2,4290.49 2 0
github.com/yihuang/go-abi/stdlib_uint256.abi.go:4290.49,4292.3 1 0
github.com/yihuang/go-abi/stdlib_uint256.abi.go:4293.2,4299.30 3 0
github.com/yihuang/go-abi/stdlib_uint256.abi.go:4299.30,4301.17 2 0
github.com/yihuang/go-abi/stdlib_uint256.abi.go:4301.17,4303.4 1 0
github.com/yihuang/go-abi/stdlib_uint256.abi.go:4304.3,4304.14 1 0
github.com/yihuang/go-abi/stdlib_uint256.abi.go:4306.2,4306.33 1 0
github.com/yihuang/go-abi/stdlib_uint256.abi.go:4310.54,4312.26 1 0
github.com/yihuang/go-abi/stdlib_uint256.abi.go:4312.26,4313.22 1 0
github.com/yihuang/go-abi/stdlib_uint256.abi.go:4313.22,4315.4 1 0
github.com/yihuang/go-abi/stdlib_uint256.abi.go:4317.2,4319.23 3 0
github.com/yihuang/go-abi/stdlib_uint256.abi.go:4323.56,4325.27 1 0
github.com/yihuang/go-abi/stdlib_uint256.abi.go:4325.27,4326.22 1 0
github.com/yihuang/go-abi/stdlib_uint256.abi.go:4326.22,4328.4 1 0
github.com/yihuang/go-abi/stdlib_uint256.abi.go:4330.2,4332.24 3 0
github.com/yihuang/go-abi/stdlib_uint256.abi.go:4336.63,4338.20 1 0
github.com/yihuang/go-abi/stdlib_uint256.abi.go:4338.20,4340.3 1 0
github.com/yihuang/go-abi/stdlib_uint256.abi.go:4341.2,4342.16 2 0
github.com/yihuang/go-abi/stdlib_uint256.abi.go:4342.16,4344.3 1 0
github.com/yihuang/go-abi/stdlib_uint256.abi.go:4345.2,4346.49 2 0
github.com/yihuang/go-abi/stdlib_uint256.abi.go:4346.49,4348.3 1 0
github.com/yihuang/go-abi/stdlib_uint256.abi.go:4349.2,4355.30 3 0
github.com/yihuang/go-abi/stdlib_uint256.abi.go:4355.30,4357.17 2 0
github.com/yihuang/go-abi/stdlib_uint256.abi.go:4357.17,4359.4 1 0
github.com/yihuang/go-abi/stdlib_uint256.abi.go:4360.3,4360.14 1 0
github.com/yihuang/go-abi/stdlib_uint256.abi.go:4362.2,4362.33 1 0
github.com/yihuang/go-abi/stdlib_uint256.abi.go:4366.56,4368.27 1 0
github.com/yihuang/go-abi/stdlib_uint256.abi.go:4368.27,4369.22 1 0
github.com/yihuang/go-abi/stdlib_uint256.abi.go:4369.22,4371.4 1 0
github.com/yihuang/go-abi/stdlib_uint256.abi.go:4373.2,4375.24 3 0
github.com/yihuang/go-abi/stdlib_uint256.abi.go:4379.63,4381.20 1 0
github.com/yihuang/go-abi/stdlib_uint256.abi.go:4381.20,4383.3 1 0
github.com/yihuang/go-abi/stdlib_uint256.abi.go:4384.2,4385.16 2 0
github.com/yihuang/go-abi/stdlib_uint256.abi.go:4385.16,4387.3 1 0
github.com/yihuang/go-abi/stdlib_uint256.abi.go:4388.2,4389.49 2 0
github.com/yihuang/go-abi/stdlib_uint256.abi.go:4389.49,4391.3 1 0
github.com/yihuang/go-abi/stdlib_uint256.abi.go:4392.2,4398.30 3 0
github.com/yihuang/go-abi/stdlib_uint256.abi.go:4398.30,4400.17 2 0
github.com/yihuang/go-abi/stdlib_uint256.abi.go:4400.17,4402.4 1 0
github.com/yihuang/go-abi/stdlib_uint256.abi.go:4403.3,4403.14 1 0
github.com/yihuang/go-abi/stdlib_uint256.abi.go:4405.2,4405.33 1 0
github.com/yihuang/go-abi/stdlib_uint256.abi.go:4409.56,4411.27 1 0
github.com/yihuang/go-abi/stdlib_uint256.abi.go:4411.27,4412.22 1 0
github.com/yihuang/go-abi/stdlib_uint256.abi.go:4412.22,4414.4 1 0
github.com/yihuang/go-abi/stdlib_uint256.abi.go:4416.2,4418.24 3 0
github.com/yihuang/go-abi/stdlib_uint256.abi.go:4422.63,4424.20 1 0
github.com/yihuang/go-abi/stdlib_uint256.abi.go:4424.20,4426.3 1 0
github.com/yihuang/go-abi/stdlib_uint256.abi.go:4427.2,4428.16 2 0
github.com/yihuang/go-abi/stdlib_uint256.abi.go:4428.16,4430.3 1 0
github.com/yihuang/go-abi/stdlib_uint256.abi.go:4431.2,4432.49 2 0
github.com/yihuang/go-abi/stdlib_uint256.abi.go:4432.49,4434.3 1 0
github.com/yihuang/go-abi/stdlib_uint256.abi.go:4435.2,4441.30 3 0
github.com/yihuang/go-abi/stdlib_uint256.abi.go:4441.30,4443.17 2 0
github.com/yihuang/go-abi/stdlib_uint256.abi.go:4443.17,4445.4 1 0
github.com/yihuang/go-abi/stdlib_uint256.abi.go:4446.3,4446.14 1 0
github.com/yihuang/go-abi/stdlib_uint256.abi.go:4448.2,4448.33 1 0
github.com/yihuang/go-abi/stdlib_uint256.abi.go:4452.61,4454.20 1 0
github.com/yihuang/go-abi/stdlib_uint256.abi.go:4454.20,4456.3 1 0
github.com/yihuang/go-abi/stdlib_uint256.abi.go:4457.2,4458.16 2 0
github.com/yihuang/go-abi/stdlib_uint256.abi.go:4458.16,4460.3 1 0
github.com/yihuang/go-abi/stdlib_uint256.abi.go:4461.2,4462.49 2 0
github.com/yihuang/go-abi/stdlib_uint256.abi.go:4462.49,4464.3 1 0
github.com/yihuang/go-abi/stdlib_uint256.abi.go:4465.2,4471.30 3 0
github.com/yihuang/go-abi/stdlib_uint256.abi.go:4471.30,4473.17 2 0
github.com/yihuang/go-abi/stdlib_uint256.abi.go:4473.17,4475.4 1 0
github.com/yihuang/go-abi/stdlib_uint256.abi.go:4476.3,4476.14 1 0
github.com/yihuang/go-abi/stdlib_uint256.abi.go:4478.2,4478.33 1 0
github.com/yihuang/go-abi/stdlib_uint256.abi.go:4482.54,4484.26 1 0
github.com/yihuang/go-abi/stdlib_uint256.abi.go:4484.26,4485.22 1 0
github.com/yihuang/go-abi/stdlib_uint256.abi.go:4485.22,4487.4 1 0
github.com/yihuang/go-abi/stdlib_uint256.abi.go:4489.2,4491.23 3 0
github.com/yihuang/go-abi/stdlib_uint256.abi.go:4495.61,4497.20 1 0
github.com/yihuang/go-abi/stdlib_uint256.abi.go:4497.20,4499.3 1 0
github.com/yihuang/go-abi/stdlib_uint256.abi.go:4500.2,4501.16 2 0
github.com/yihuang/go-abi/stdlib_uint256.abi.go:4501.16,4503.3 1 0
github.com/yihuang/go-abi/stdlib_uint256.abi.go:4504.2,4505.49 2 0
github.com/yihuang/go-abi/stdlib_uint256.abi.go:4505.49,4507.3 1 0
github.com/yihuang/go-abi/stdlib_uint256.abi.go:4508.2,4514.30 3 0
github.com/yihuang/go-abi/stdlib_uint256.abi.go:4514.30,4516.17 2 0
github.com/yihuang/go-abi/stdlib_uint256.abi.go:4516.17,4518.4 1 0
github.com/yihuang/go-abi/stdlib_uint256.abi.go:4519.3,4519.14 1 0
github.com/yihuang/go-abi/stdlib_uint256.abi.go:4521.2,4521.33 1 0
github.com/yihuang/go-abi/stdlib_uint256.abi.go:4525.54,4527.26 1 0
github.com/yihuang/go-abi/stdlib_uint256.abi.go:4527.26,4528.22 1 0
github.com/yihuang/go-abi/stdlib_uint256.abi.go:4528.22,4530.4 1 0
github.com/yihuang/go-abi/stdlib_uint256.abi.go:4532.2,4534.23 3 0
github.com/yihuang/go-abi/stdlib_uint256.abi.go:4538.61,4540.20 1 0
github.com/yihuang/go-abi/stdlib_uint256.abi.go:4540.20,4542.3 1 0
github.com/yihuang/go-abi/stdlib_uint256.abi.go:4543.2,4544.16 2 0
github.com/yihuang/go-abi/stdlib_uint256.abi.go:4544.16,4546.3 1 0
github.com/yihuang/go-abi/stdlib_uint256.abi.go:4547.2,4548.49 2 0
github.com/yihuang/go-abi/stdlib_uint256.abi.go:4548.49,4550.3 1 0
github.com/yihuang/go-abi/stdlib_uint256.abi.go:4551.2,4557.30 3 0
github.com/yihuang/go-abi/stdlib_uint256.abi.go:4557.30,4559.17 2 0
github.com/yihuang/go-abi/stdlib_uint256.abi.go:4559.17,4561.4 1 0
github.com/yihuang/go-abi/stdlib_uint256.abi.go:4562.3,4562.14 1 0
github.com/yihuang/go-abi/stdlib_uint256.abi.go:4564.2,4564.33 1 0
github.com/yihuang/go-abi/stdlib_uint256.abi.go:4568.54,4570.26 1 0
github.com/yihuang/go-abi/stdlib_uint256.abi.go:4570.26,4571.22 1 0
github.com/yihuang/go-abi/stdlib_uint256.abi.go:4571.22,4573.4 1 0
github.com/yihuang/go-abi/stdlib_uint256.abi.go:4575.2,4577.23 3 0
github.com/yihuang/go-abi/stdlib_uint256.abi.go:4581.61,4583.20 1 0
github.com/yihuang/go-abi/stdlib_uint256.abi.go:4583.20,4585.3 1 0
github.com/yihuang/go-abi/stdlib_uint256.abi.go:4586.2,4587.16 2 0
github.com/yihuang/go-abi/stdlib_uint256.abi.go:4587.16,4589.3 1 0
github.com/yihuang/go-abi/stdlib_uint256.abi.go:4590.2,4591.49 2 0
github.com/yihuang/go-abi/stdlib_uint256.abi.go:4591.49,4593.3 1 0
github.com/yihuang/go-abi/stdlib_uint256.abi.go:4594.2,4600.30 3 0
github.com/yihuang/go-abi/stdlib_uint256.abi.go:4600.30,4602.17 2 0
github.com/yihuang/go-abi/stdlib_uint256.abi.go:4602.17,4604.4 1 0
github.com/yihuang/go-abi/stdlib_uint256.abi.go:4605.3,4605.14 1 0
github.com/yihuang/go-abi/stdlib_uint256.abi.go:4607.2,4607.33 1 0
github.com/yihuang/go-abi/stdlib_uint256.abi.go:4611.54,4613.26 1 0
github.com/yihuang/go-abi/stdlib_uint256.abi.go:4613.26,4614.22 1 0
github.com/yihuang/go-abi/stdlib_uint256.abi.go:4614.22,4616.4 1 0
github.com/yihuang/go-abi/stdlib_uint256.abi.go:4618.2,4620.23 3 0
github.com/yihuang/go-abi/stdlib_uint256.abi.go:4624.61,4626.20 1 0
github.com/yihuang/go-abi/stdlib_uint256.abi.go:4626.20,4628.3 1 0
github.com/yihuang/go-abi/stdlib_uint256.abi.go:4629.2,4630.16 2 0
github.com/yihuang/go-abi/stdlib_uint256.abi.go:4630.16,4632.3 1 0
github.com/yihuang/go-abi/stdlib_uint256.abi.go:4633.2,4634.49 2 0
github.com/yihuang/go-abi/stdlib_uint256.abi.go:4634.49,4636.3 1 0
github.com/yihuang/go-abi/stdlib_uint256.abi.go:4637.2,4643.30 3 0
github.com/yihuang/go-abi/stdlib_uint256.abi.go:4643.30,4645.17 2 0
github.com/yihuang/go-abi/stdlib_uint256.abi.go:4645.17,4647.4 1 0
github.com/yihuang/go-abi/stdlib_uint256.abi.go:4648.3,4648.14 1 0
github.com/yihuang/go-abi/stdlib_uint256.abi.go:4650.2,4650.33 1 0
github.com/yihuang/go-abi/stdlib_uint256.abi.go:4654.54,4656.26 1 0
github.com/yihuang/go-abi/stdlib_uint256.abi.go:4656.26,4657.22 1 0
github.com/yihuang/go-abi/stdlib_uint256.abi.go:4657.22,4659.4 1 0
github.com/yihuang/go-abi/stdlib_uint256.abi.go:4661.2,4663.23 3 0
github.com/yihuang/go-abi/stdlib_uint256.abi.go:4667.61,4669.20 1 0
github.com/yihuang/go-abi/stdlib_uint256.abi.go:4669.20,4671.3 1 0
github.com/yihuang/go-abi/stdlib_uint256.abi.go:4672.2,4673.16 2 0
github.com/yihuang/go-abi/stdlib_uint256.abi.go:4673.16,4675.3 1 0
github.com/yihuang/go-abi/stdlib_uint256.abi.go:4676.2,4677.49 2 0
github.com/yihuang/go-abi/stdlib_uint256.abi.go:4677.49,4679.3 1 0
github.com/yihuang/go-abi/stdlib_uint256.abi.go:4680.2,4686.30 3 0
github.com/yihuang/go-abi/stdlib_uint256.abi.go:4686.30,4688.17 2 0
github.com/yihuang/go-abi/stdlib_uint256.abi.go:4688.17,4690.4 1 0
github.com/yihuang/go-abi/stdlib_uint256.abi.go:4691.3,4691.14 1 0
github.com/yihuang/go-abi/stdlib_uint256.abi.go:4693.2,4693.33 1 0
github.com/yihuang/go-abi/stdlib_uint256.abi.go:4697.54,4699.26 1 0
github.com/yihuang/go-abi/stdlib_uint256.abi.go:4699.26,4700.22 1 0
github.com/yihuang/go-abi/stdlib_uint256.abi.go:4700.22,4702.4 1 0
github.com/yihuang/go-abi/stdlib_uint256.abi.go:4704.2,4706.23 3 0
github.com/yihuang/go-abi/stdlib_uint256.abi.go:4710.61,4712.20 1 0
github.com/yihuang/go-abi/stdlib_uint256.abi.go:4712.20,4714.3 1 0
github.com/yihuang/go-abi/stdlib_uint256.abi.go:4715.2,4716.16 2 0
github.com/yihuang/go-abi/stdlib_uint256.abi.go:4716.16,4718.3 1 0
github.com/yihuang/go-abi/stdlib_uint256.abi.go:4719.2,4720.49 2 0
github.com/yihuang/go-abi/stdlib_uint256.abi.go:4720.49,4722.3 1 0
github.com/yihuang/go-abi/stdlib_uint256.abi.go:4723.2,4729.30 3 0
github.com/yihuang/go-abi/stdlib_uint256.abi.go:4729.30,4731.17 2 0
github.com/yihuang/go-abi/stdlib_uint256.abi.go:4731.17,4733.4 1 0
github.com/yihuang/go-abi/stdlib_uint256.abi.go:4734.3,4734.14 1 0
github.com/yihuang/go-abi/stdlib_uint256.abi.go:4736.2,4736.33 1 0
github.com/yihuang/go-abi/stdlib_uint256.abi.go:4740.59,4742.20 1 0
github.com/yihuang/go-abi/stdlib_uint256.abi.go:4742.20,4744.3 1 0
github.com/yihuang/go-abi/stdlib_uint256.abi.go:4745.2,4746.16 2 0
github.com/yihuang/go-abi/stdlib_uint256.abi.go:4746.16,4748.3 1 0
github.com/yihuang/go-abi/stdlib_uint256.abi.go:4749.2,4750.49 2 0
github.com/yihuang/go-abi/stdlib_uint256.abi.go:4750.49,4752.3 1 0
github.com/yihuang/go-abi/stdlib_uint256.abi.go:4753.2,4760.30 4 0
github.com/yihuang/go-abi/stdlib_uint256.abi.go:4760.30,4762.17 2 0
github.com/yihuang/go-abi/stdlib_uint256.abi.go:4762.17,4764.4 1 0
github.com/yihuang/go-abi/stdlib_uint256.abi.go:4765.3,4767.27 2 0
github.com/yihuang/go-abi/stdlib_uint256.abi.go:4767.27,4769.4 1 0
github.com/yihuang/go-abi/stdlib_uint256.abi.go:4770.3,4771.17 2 0
github.com/yihuang/go-abi/stdlib_uint256.abi.go:4771.17,4773.4 1 0
github.com/yihuang/go-abi/stdlib_uint256.abi.go:4774.3,4774.21 1 0
github.com/yihuang/go-abi/stdlib_uint256.abi.go:4776.2,4776.40 1 0
github.com/yihuang/go-abi/stdlib_uint256.abi.go:4780.55,4782.16 2 0
github.com/yihuang/go-abi/stdlib_uint256.abi.go:4782.16,4784.3 1 0
github.com/yihuang/go-abi/stdlib_uint256.abi.go:4785.2,4785.24 1 0
github.com/yihuang/go-abi/stdlib_uint256.abi.go:4789.62,4791.20 1 0
github.com/yihuang/go-abi/stdlib_uint256.abi.go:4791.20,4793.3 1 0
github.com/yihuang/go-abi/stdlib_uint256.abi.go:4794.2,4795.16 2 0
github.com/yihuang/go-abi/stdlib_uint256.abi.go:4795.16,4797.3 1 0
github.com/yihuang/go-abi/stdlib_uint256.abi.go:4798.2,4799.49 2 0
github.com/yihuang/go-abi/stdlib_uint256.abi.go:4799.49,4801.3 1 0
github.com/yihuang/go-abi/stdlib_uint256.abi.go:4802.2,4808.30 3 0
github.com/yihuang/go-abi/stdlib_uint256.abi.go:4808.30,4810.17 2 0
github.com/yihuang/go-abi/stdlib_uint256.abi.go:4810.17,4812.4 1 0
github.com/yihuang/go-abi/stdlib_uint256.abi.go:4813.3,4813.14 1 0
github.com/yihuang/go-abi/stdlib_uint256.abi.go:4815.2,4815.33 1 0
github.com/yihuang/go-abi/stdlib_uint256.abi.go:4819.55,4821.16 2 0
github.com/yihuang/go-abi/stdlib_uint256.abi.go:4821.16,4823.3 1 0
github.com/yihuang/go-abi/stdlib_uint256.abi.go:4824.2,4824.24 1 0
github.com/yihuang/go-abi/stdlib_uint256.abi.go:4828.62,4830.20 1 0
github.com/yihuang/go-abi/stdlib_uint256.abi.go:4830.20,4832.3 1 0
github.com/yihuang/go-abi/stdlib_uint256.abi.go:4833.2,4834.16 2 0
github.com/yihuang/go-abi/stdlib_uint256.abi.go:4834.16,4836.3 1 0
github.com/yihuang/go-abi/stdlib_uint256.abi.go:4837.2,4838.49 2 0
github.com/yihuang/go-abi/stdlib_uint256.abi.go:4838.49,4840.3 1 0
github.com/yihuang/go-abi/stdlib_uint256.abi.go:4841.2,4847.30 3 0
github.com/yihuang/go-abi/stdlib_uint256.abi.go:4847.30,4849.17 2 0
github.com/yihuang/go-abi/stdlib_uint256.abi.go:4849.17,4851.4 1 0
github.com/yihuang/go-abi/stdlib_uint256.abi.go:4852.3,4852.14 1 0
github.com/yihuang/go-abi/stdlib_uint256.abi.go:4854.2,4854.33 1 0
github.com/yihuang/go-abi/stdlib_uint256.abi.go:4858.55,4860.16 2 0
github.com/yihuang/go-abi/stdlib_uint256.abi.go:4860.16,4862.3 1 0
github.com/yihuang/go-abi/stdlib_uint256.abi.go:4863.2,4863.24 1 0
github.com/yihuang/go-abi/stdlib_uint256.abi.go:4867.62,4869.20 1 0
github.com/yihuang/go-abi/stdlib_uint256.abi.go:4869.20,4871.3 1 0
github.com/yihuang/go-abi/stdlib_uint256.abi.go:4872.2,4873.16 2 0
github.com/yihuang/go-abi/stdlib_uint256.abi.go:4873.16,4875.3 1 0
github.com/yihuang/go-abi/stdlib_uint256.abi.go:4876.2,4877.49 2 0
github.com/yihuang/go-abi/stdlib_uint256.abi.go:4877.49,4879.3 1 0
github.com/yihuang/go-abi/stdlib_uint256.abi.go:4880.2,4886.30 3 0
github.com/yihuang/go-abi/stdlib_uint256.abi.go:4886.30,4888.17 2 0
github.com/yihuang/go-abi/stdlib_uint256.abi.go:4888.17,4890.4 1 0
github.com/yihuang/go-abi/stdlib_uint256.abi.go:4891.3,4891.14 1 0
github.com/yihuang/go-abi/stdlib_uint256.abi.go:4893.2,4893.33 1 0
github.com/yihuang/go-abi/stdlib_uint256.abi.go:4897.55,4899.16 2 0
github.com/yihuang/go-abi/stdlib_uint256.abi.go:4899.16,4901.3 1 0
github.com/yihuang/go-abi/stdlib_uint256.abi.go:4902.2,4902.24 1 0
github.com/yihuang/go-abi/stdlib_uint256.abi.go:4906.62,4908.20 1 0
github.com/yihuang/go-abi/stdlib_uint256.abi.go:4908.20,4910.3 1 0
github.com/yihuang/go-abi/stdlib_uint256.abi.go:4911.2,4912.16 2 0
github.com/yihuang/go-abi/stdlib_uint256.abi.go:4912.16,4914.3 1 0
github.com/yihuang/go-abi/stdlib_uint256.abi.go:4915.2,4916.49 2 0
github.com/yihuang/go-abi/stdlib_uint256.abi.go:4916.49,4918.3 1 0
github.com/yihuang/go-abi/stdlib_uint256.abi.go:4919.2,4925.30 3 0
github.com/yihuang/go-abi/stdlib_uint256.abi.go:4925.30,4927.17 2 0
github.com/yihuang/go-abi/stdlib_uint256.abi.go:4927.17,4929.4 1 0
github.com/yihuang/go-abi/stdlib_uint256.abi.go:4930.3,4930.14 1 0
github.com/yihuang/go-abi/stdlib_uint256.abi.go:4932.2,4932.33 1 0
github.com/yihuang/go-abi/stdlib_uint256.abi.go:4936.55,4938.16 2 0
github.com/yihuang/go-abi/stdlib_uint256.abi.go:4938.16,4940.3 1 0
github.com/yihuang/go-abi/stdlib_uint256.abi.go:4941.2,4941.24 1 0
github.com/yihuang/go-abi/stdlib_uint256.abi.go:4945.62,4947.20 1 0
github.com/yihuang/go-abi/stdlib_uint256.abi.go:4947.20,4949.3 1 0
github.com/yihuang/go-abi/stdlib_uint256.abi.go:4950.2,4951.16 2 0
github.com/yihuang/go-abi/stdlib_uint256.abi.go:4951.16,4953.3 1 0
github.com/yihuang/go-abi/stdlib_uint256.abi.go:4954.2,4955.49 2 0
github.com/yihuang/go-abi/stdlib_uint256.abi.go:4955.49,4957.3 1 0
github.com/yihuang/go-abi/stdlib_uint256.abi.go:4958.2,4964.30 3 0
github.com/yihuang/go-abi/stdlib_uint256.abi.go:4964.30,4966.17 2 0
github.com/yihuang/go-abi/stdlib_uint256.abi.go:4966.17,4968.4 1 0
github.com/yihuang/go-abi/stdlib_uint256.abi.go:4969.3,4969.14 1 0
github.com/yihuang/go-abi/stdlib_uint256.abi.go:4971.2,4971.33 1 0
github.com/yihuang/go-abi/stdlib_uint256.abi.go:4975.55,4977.16 2 0
github.com/yihuang/go-abi/stdlib_uint256.abi.go:4977.16,4979.3 1 0
github.com/yihuang/go-abi/stdlib_uint256.abi.go:4980.2,4980.24 1 0
github.com/yihuang/go-abi/stdlib_uint256.abi.go:4984.62,4986.20 1 0
github.com/yihuang/go-abi/stdlib_uint256.abi.go:4986.20,4988.3 1 0
github.com/yihuang/go-abi/stdlib_uint256.abi.go:4989.2,4990.16 2 0
github.com/yihuang/go-abi/stdlib_uint256.abi.go:4990.16,4992.3 1 0
github.com/yihuang/go-abi/stdlib_uint256.abi.go:4993.2,4994.49 2 0
github.com/yihuang/go-abi/stdlib_uint256.abi.go:4994.49,4996.3 1 0
github.com/yihuang/go-abi/stdlib_uint256.abi.go:4997.2,5003.30 3 0
github.com/yihuang/go-abi/stdlib_uint256.abi.go:5003.30,5005.17 2 0
github.com/yihuang/go-abi/stdlib_uint256.abi.go:5005.17,5007.4 1 0
github.com/yihuang/go-abi/stdlib_uint256.abi.go:5008.3,5008.14 1 0
github.com/yihuang/go-abi/stdlib_uint256.abi.go:5010.2,5010.33 1 0
github.com/yihuang/go-abi/stdlib_uint256.abi.go:5014.55,5016.16 2 0
github.com/yihuang/go-abi/stdlib_uint256.abi.go:5016.16,5018.3 1 0
github.com/yihuang/go-abi/stdlib_uint256.abi.go:5019.2,5019.24 1 0
github.com/yihuang/go-abi/stdlib_uint256.abi.go:5023.62,5025.20 1 0
github.com/yihuang/go-abi/stdlib_uint256.abi.go:5025.20,5027.3 1 0
github.com/yihuang/go-abi/stdlib_uint256.abi.go:5028.2,5029.16 2 0
github.com/yihuang/go-abi/stdlib_uint256.abi.go:5029.16,5031.3 1 0
github.com/yihuang/go-abi/stdlib_uint256.abi.go:5032.2,5033.49 2 0
github.com/yihuang/go-abi/stdlib_uint256.abi.go:5033.49,5035.3 1 0
github.com/yihuang/go-abi/stdlib_uint256.abi.go:5036.2,5042.30 3 0
github.com/yihuang/go-abi/stdlib_uint256.abi.go:5042.30,5044.17 2 0
github.com/yihuang/go-abi/stdlib_uint256.abi.go:5044.17,5046.4 1 0
github.com/yihuang/go-abi/stdlib_uint256.abi.go:5047.3,5047.14 1 0
github.com/yihuang/go-abi/stdlib_uint256.abi.go:5049.2,5049.33 1 0
github.com/yihuang/go-abi/stdlib_uint256.abi.go:5053.51,5055.16 2 0
github.com/yihuang/go-abi/stdlib_uint256.abi.go:5055.16,5057.3 1 0
github.com/yihuang/go-abi/stdlib_uint256.abi.go:5058.2,5058.24 1 0
github.com/yihuang/go-abi/stdlib_uint256.abi.go:5062.55,5064.16 2 0
github.com/yihuang/go-abi/stdlib_uint256.abi.go:5064.16,5066.3 1 0
github.com/yihuang/go-abi/stdlib_uint256.abi.go:5067.2,5067.24 1 0
github.com/yihuang/go-abi/stdlib_uint256.abi.go:5071.62,5073.20 1 0
github.com/yihuang/go-abi/stdlib_uint256.abi.go:5073.20,5075.3 1 0
github.com/yihuang/go-abi/stdlib_uint256.abi.go:5076.2,5077.16 2 0
github.com/yihuang/go-abi/stdlib_uint256.abi.go:5077.16,5079.3 1 0
github.com/yihuang/go-abi/stdlib_uint256.abi.go:5080.2,5081.49 2 0
github.com/yihuang/go-abi/stdlib_uint256.abi.go:5081.49,5083.3 1 0
github.com/yihuang/go-abi/stdlib_uint256.abi.go:5084.2,5090.30 3 0
github.com/yihuang/go-abi/stdlib_uint256.abi.go:5090.30,5092.17 2 0
github.com/yihuang/go-abi/stdlib_uint256.abi.go:5092.17,5094.4 1 0
github.com/yihuang/go-abi/stdlib_uint256.abi.go:5095.3,5095.14 1 0
github.com/yihuang/go-abi/stdlib_uint256.abi.go:5097.2,5097.33 1 0
github.com/yihuang/go-abi/stdlib_uint256.abi.go:5101.55,5103.16 2 0
github.com/yihuang/go-abi/stdlib_uint256.abi.go:5103.16,5105.3 1 0
github.com/yihuang/go-abi/stdlib_uint256.abi.go:5106.2,5106.24 1 0
github.com/yihuang/go-abi/stdlib_uint256.abi.go:5110.62,5112.20 1 0
github.com/yihuang/go-abi/stdlib_uint256.abi.go:5112.20,5114.3 1 0
github.com/yihuang/go-abi/stdlib_uint256.abi.go:5115.2,5116.16 2 0
github.com/yihuang/go-abi/stdlib_uint256.abi.go:5116.16,5118.3 1 0
github.com/yihuang/go-abi/stdlib_uint256.abi.go:5119.2,5120.49 2 0
github.com/yihuang/go-abi/stdlib_uint256.abi.go:5120.49,5122.3 1 0
github.com/yihuang/go-abi/stdlib_uint256.abi.go:5123.2,5129.30 3 0
github.com/yihuang/go-abi/stdlib_uint256.abi.go:5129.30,5131.17 2 0
github.com/yihuang/go-abi/stdlib_uint256.abi.go:5131.17,5133.4 1 0
github.com/yihuang/go-abi/stdlib_uint256.abi.go:5134.3,5134.14 1 0
github.com/yihuang/go-abi/stdlib_uint256.abi.go:5136.2,5136.33 1 0
github.com/yihuang/go-abi/stdlib_uint256.abi.go:5140.58,5142.20 1 0
github.com/yihuang/go-abi/stdlib_uint256.abi.go:5142.20,5144.3 1 0
github.com/yihuang/go-abi/stdlib_uint256.abi.go:5145.2,5146.16 2 0
github.com/yihuang/go-abi/stdlib_uint256.abi.go:5146.16,5148.3 1 0
github.com/yihuang/go-abi/stdlib_uint256.abi.go:5149.2,5150.49 2 0
github.com/yihuang/go-abi/stdlib_uint256.abi.go:5150.49,5152.3 1 0
github.com/yihuang/go-abi/stdlib_uint256.abi.go:5153.2,5159.30 3 0
github.com/yihuang/go-abi/stdlib_uint256.abi.go:5159.30,5161.17 2 0
github.com/yihuang/go-abi/stdlib_uint256.abi.go:5161.17,5163.4 1 0
github.com/yihuang/go-abi/stdlib_uint256.abi.go:5164.3,5164.14 1 0
github.com/yihuang/go-abi/stdlib_uint256.abi.go:5166.2,5166.33 1 0
github.com/yihuang/go-abi/stdlib_uint256.abi.go:5170.55,5172.16 2 0
github.com/yihuang/go-abi/stdlib_uint256.abi.go:5172.16,5174.3 1 0
github.com/yihuang/go-abi/stdlib_uint256.abi.go:5175.2,5175.24 1 0
github.com/yihuang/go-abi/stdlib_uint256.abi.go:5179.62,5181.20 1 0
github.com/yihuang/go-abi/stdlib_uint256.abi.go:5181.20,5183.3 1 0
github.com/yihuang/go-abi/stdlib_uint256.abi.go:5184.2,5185.16 2 0
github.com/yihuang/go-abi/stdlib_uint256.abi.go:5185.16,5187.3 1 0
github.com/yihuang/go-abi/stdlib_uint256.abi.go:5188.2,5189.49 2 0
github.com/yihuang/go-abi/stdlib_uint256.abi.go:5189.49,5191.3 1 0
github.com/yihuang/go-abi/stdlib_uint256.abi.go:5192.2,5198.30 3 0
github.com/yihuang/go-abi/stdlib_uint256.abi.go:5198.30,5200.17 2 0
github.com/yihuang/go-abi/stdlib_uint256.abi.go:5200.17,5202.4 1 0
github.com/yihuang/go-abi/stdlib_uint256.abi.go:5203.3,5203.14 1 0
github.com/yihuang/go-abi/stdlib_uint256.abi.go:5205.2,5205.33 1 0
github.com/yihuang/go-abi/stdlib_uint256.abi.go:5209.55,5211.16 2 0
github.com/yihuang/go-abi/stdlib_uint256.abi.go:5211.16,5213.3 1 0
github.com/yihuang/go-abi/stdlib_uint256.abi.go:5214.2,5214.24 1 0
github.com/yihuang/go-abi/stdlib_uint256.abi.go:5218.62,5220.20 1 0
github.com/yihuang/go-abi/stdlib_uint256.abi.go:5220.20,5222.3 1 0
github.com/yihuang/go-abi/stdlib_uint256.abi.go:5223.2,5224.16 2 0
github.com/yihuang/go-abi/stdlib_uint256.abi.go:5224.16,5226.3 1 0
github.com/yihuang/go-abi/stdlib_uint256.abi.go:5227.2,5228.49 2 0
github.com/yihuang/go-abi/stdlib_uint256.abi.go:5228.49,5230.3 1 0
github.com/yihuang/go-abi/stdlib_uint256.abi.go:5231.2,5237.30 3 0
github.com/yihuang/go-abi/stdlib_uint256.abi.go:5237.30,5239.17 2 0
github.com/yihuang/go-abi/stdlib_uint256.abi.go:5239.17,5241.4 1 0
github.com/yihuang/go-abi/stdlib_uint256.abi.go:5242.3,5242.14 1 0
github.com/yihuang/go-abi/stdlib_uint256.abi.go:5244.2,5244.33 1 0
github.com/yihuang/go-abi/stdlib_uint256.abi.go:5248.55,5250.16 2 0
github.com/yihuang/go-abi/stdlib_uint256.abi.go:5250.16,5252.3 1 0
github.com/yihuang/go-abi/stdlib_uint256.abi.go:5253.2,5253.24 1 0
github.com/yihuang/go-abi/stdlib_uint256.abi.go:5257.62,5259.20 1 0
github.com/yihuang/go-abi/stdlib_uint256.abi.go:5259.20,5261.3 1 0
github.com/yihuang/go-abi/stdlib_uint256.abi.go:5262.2,5263.16 2 0
github.com/yihuang/go-abi/stdlib_uint256.abi.go:5263.16,5265.3 1 0
github.com/yihuang/go-abi/stdlib_uint256.abi.go:5266.2,5267.49 2 0
github.com/yihuang/go-abi/stdlib_uint256.abi.go:5267.49,5269.3 1 0
github.com/yihuang/go-abi/stdlib_uint256.abi.go:5270.2,5276.30 3 0
github.com/yihuang/go-abi/stdlib_uint256.abi.go:5276.30,5278.17 2 0
github.com/yihuang/go-abi/stdlib_uint256.abi.go:5278.17,5280.4 1 0
github.com/yihuang/go-abi/stdlib_uint256.abi.go:5281.3,5281.14 1 0
github.com/yihuang/go-abi/stdlib_uint256.abi.go:5283.2,5283.33 1 0
github.com/yihuang/go-abi/stdlib_uint256.abi.go:5287.55,5289.16 2 0
github.com/yihuang/go-abi/stdlib_uint256.abi.go:5289.16,5291.3 1 0
github.com/yihuang/go-abi/stdlib_uint256.abi.go:5292.2,5292.24 1 0
github.com/yihuang/go-abi/stdlib_uint256.abi.go:5296.62,5298.20 1 0
github.com/yihuang/go-abi/stdlib_uint256.abi.go:5298.20,5300.3 1 0
github.com/yihuang/go-abi/stdlib_uint256.abi.go:5301.2,5302.16 2 0
github.com/yihuang/go-abi/stdlib_uint256.abi.go:5302.16,5304.3 1 0
github.com/yihuang/go-abi/stdlib_uint256.abi.go:5305.2,5306.49 2 0
github.com/yihuang/go-abi/stdlib_uint256.abi.go:5306.49,5308.3 1 0
github.com/yihuang/go-abi/stdlib_uint256.abi.go:5309.2,5315.30 3 0
github.com/yihuang/go-abi/stdlib_uint256.abi.go:5315.30,5317.17 2 0
github.com/yihuang/go-abi/stdlib_uint256.abi.go:5317.17,5319.4 1 0
github.com/yihuang/go-abi/stdlib_uint256.abi.go:5320.3,5320.14 1 0
github.com/yihuang/go-abi/stdlib_uint256.abi.go:5322.2,5322.33 1 0
github.com/yihuang/go-abi/stdlib_uint256.abi.go:5326.55,5328.16 2 0
github.com/yihuang/go-abi/stdlib_uint256.abi.go:5328.16,5330.3 1 0
github.com/yihuang/go-abi/stdlib_uint256.abi.go:5331.2,5331.24 1 0
github.com/yihuang/go-abi/stdlib_uint256.abi.go:5335.62,5337.20 1 0
github.com/yihuang/go-abi/stdlib_uint256.abi.go:5337.20,5339.3 1 0
github.com/yihuang/go-abi/stdlib_uint256.abi.go:5340.2,5341.16 2 0
github.com/yihuang/go-abi/stdlib_uint256.abi.go:5341.16,5343.3 1 0
github.com/yihuang/go-abi/stdlib_uint256.abi.go:5344.2,5345.49 2 0
github.com/yihuang/go-abi/stdlib_uint256.abi.go:5345.49,5347.3 1 0
github.com/yihuang/go-abi/stdlib_uint256.abi.go:5348.2,5354.30 3 0
github.com/yihuang/go-abi/stdlib_uint256.abi.go:5354.30,5356.17 2 0
github.com/yihuang/go-abi/stdlib_uint256.abi.go:5356.17,5358.4 1 0
github.com/yihuang/go-abi/stdlib_uint256.abi.go:5359.3,5359.14 1 0
github.com/yihuang/go-abi/stdlib_uint256.abi.go:5361.2,5361.33 1 0
github.com/yihuang/go-abi/stdlib_uint256.abi.go:5365.55,5367.16 2 0
github.com/yihuang/go-abi/stdlib_uint256.abi.go:5367.16,5369.3 1 0
github.com/yihuang/go-abi/stdlib_uint256.abi.go:5370.2,5370.24 1 0
github.com/yihuang/go-abi/stdlib_uint256.abi.go:5374.62,5376.20 1 0
github.com/yihuang/go-abi/stdlib_uint256.abi.go:5376.20,5378.3 1 0
github.com/yihuang/go-abi/stdlib_uint256.abi.go:5379.2,5380.16 2 0
github.com/yihuang/go-abi/stdlib_uint256.abi.go:5380.16,5382.3 1 0
github.com/yihuang/go-abi/stdlib_uint256.abi.go:5383.2,5384.49 2 0
github.com/yihuang/go-abi/stdlib_uint256.abi.go:5384.49,5386.3 1 0
github.com/yihuang/go-abi/stdlib_uint256.abi.go:5387.2,5393.30 3 0
github.com/yihuang/go-abi/stdlib_uint256.abi.go:5393.30,5395.17 2 0
github.com/yihuang/go-abi/stdlib_uint256.abi.go:5395.17,5397.4 1 0
github.com/yihuang/go-abi/stdlib_uint256.abi.go:5398.3,5398.14 1 0
github.com/yihuang/go-abi/stdlib_uint256.abi.go:5400.2,5400.33 1 0
github.com/yihuang/go-abi/stdlib_uint256.abi.go:5404.55,5406.16 2 0
github.com/yihuang/go-abi/stdlib_uint256.abi.go:5406.16,5408.3 1 0
github.com/yihuang/go-abi/stdlib_uint256.abi.go:5409.2,5409.24 1 0
github.com/yihuang/go-abi/stdlib_uint256.abi.go:5413.62,5415.20 1 0
github.com/yihuang/go-abi/stdlib_uint256.abi.go:5415.20,5417.3 1 0
github.com/yihuang/go-abi/stdlib_uint256.abi.go:5418.2,5419.16 2 0
github.com/yihuang/go-abi/stdlib_uint256.abi.go:5419.16,5421.3 1 0
github.com/yihuang/go-abi/stdlib_uint256.abi.go:5422.2,5423.49 2 0
github.com/yihuang/go-abi/stdlib_uint256.abi.go:5423.49,5425.3 1 0
github.com/yihuang/go-abi/stdlib_uint256.abi.go:5426.2,5432.30 3 0
github.com/yihuang/go-abi/stdlib_uint256.abi.go:5432.30,5434.17 2 0
github.com/yihuang/go-abi/stdlib_uint256.abi.go:5434.17,5436.4 1 0
github.com/yihuang/go-abi/stdlib_uint256.abi.go:5437.3,5437.14 1 0
github.com/yihuang/go-abi/stdlib_uint256.abi.go:5439.2,5439.33 1 0
github.com/yihuang/go-abi/stdlib_uint256.abi.go:5443.55,5445.16 2 0
github.com/yihuang/go-abi/stdlib_uint256.abi.go:5445.16,5447.3 1 0
github.com/yihuang/go-abi/stdlib_uint256.abi.go:5448.2,5448.24 1 0
github.com/yihuang/go-abi/stdlib_uint256.abi.go:5452.62,5454.20 1 0
github.com/yihuang/go-abi/stdlib_uint256.abi.go:5454.20,5456.3 1 0
github.com/yihuang/go-abi/stdlib_uint256.abi.go:5457.2,5458.16 2 0
github.com/yihuang/go-abi/stdlib_uint256.abi.go:5458.16,5460.3 1 0
github.com/yihuang/go-abi/stdlib_uint256.abi.go:5461.2,5462.49 2 0
github.com/yihuang/go-abi/stdlib_uint256.abi.go:5462.49,5464.3 1 0
github.com/yihuang/go-abi/stdlib_uint256.abi.go:5465.2,5471.30 3 0
github.com/yihuang/go-abi/stdlib_uint256.abi.go:5471.30,5473.17 2 0
github.com/yihuang/go-abi/stdlib_uint256.abi.go:5473.17,5475.4 1 0
github.com/yihuang/go-abi/stdlib_uint256.abi.go:5476.3,5476.14 1 0
github.com/yihuang/go-abi/stdlib_uint256.abi.go:5478.2,5478.33 1 0
github.com/yihuang/go-abi/stdlib_uint256.abi.go:5482.51,5484.16 2 0
github.com/yihuang/go-abi/stdlib_uint256.abi.go:5484.16,5486.3 1 0
github.com/yihuang/go-abi/stdlib_uint256.abi.go:5487.2,5487.24 1 0
github.com/yihuang/go-abi/stdlib_uint256.abi.go:5491.55,5493.16 2 0
github.com/yihuang/go-abi/stdlib_uint256.abi.go:5493.16,5495.3 1 0
github.com/yihuang/go-abi/stdlib_uint256.abi.go:5496.2,5496.24 1 0
github.com/yihuang/go-abi/stdlib_uint256.abi.go:5500.62,5502.20 1 0
github.com/yihuang/go-abi/stdlib_uint256.abi.go:5502.20,5504.3 1 0
github.com/yihuang/go-abi/stdlib_uint256.abi.go:5505.2,5506.16 2 0
github.com/yihuang/go-abi/stdlib_uint256.abi.go:5506.16,5508.3 1 0
github.com/yihuang/go-abi/stdlib_uint256.abi.go:5509.2,5510.49 2 0
github.com/yihuang/go-abi/stdlib_uint256.abi.go:5510.49,5512.3 1 0
github.com/yihuang/go-abi/stdlib_uint256.abi.go:5513.2,5519.30 3 0
github.com/yihuang/go-abi/stdlib_uint256.abi.go:5519.30,5521.17 2 0
github.com/yihuang/go-abi/stdlib_uint256.abi.go:5521.17,5523.4 1 0
github.com/yihuang/go-abi/stdlib_uint256.abi.go:5524.3,5524.14 1 0
github.com/yihuang/go-abi/stdlib_uint256.abi.go:5526.2,5526.33 1 0
github.com/yihuang/go-abi/stdlib_uint256.abi.go:5530.55,5532.16 2 0
github.com/yihuang/go-abi/stdlib_uint256.abi.go:5532.16,5534.3 1 0
github.com/yihuang/go-abi/stdlib_uint256.abi.go:5535.2,5535.24 1 0
github.com/yihuang/go-abi/stdlib_uint256.abi.go:5539.62,5541.20 1 0
github.com/yihuang/go-abi/stdlib_uint256.abi.go:5541.20,5543.3 1 0
github.com/yihuang/go-abi/stdlib_uint256.abi.go:5544.2,5545.16 2 0
github.com/yihuang/go-abi/stdlib_uint256.abi.go:5545.16,5547.3 1 0
github.com/yihuang/go-abi/stdlib_uint256.abi.go:5548.2,5549.49 2 0
github.com/yihuang/go-abi/stdlib_uint256.abi.go:5549.49,5551.3 1 0
github.com/yihuang/go-abi/stdlib_uint256.abi.go:5552.2,5558.30 3 0
github.com/yihuang/go-abi/stdlib_uint256.abi.go:5558.30,5560.17 2 0
github.com/yihuang/go-abi/stdlib_uint256.abi.go:5560.17,5562.4 1 0
github.com/yihuang/go-abi/stdlib_uint256.abi.go:5563.3,5563.14 1 0
github.com/yihuang/go-abi/stdlib_uint256.abi.go:5565.2,5565.33 1 0
github.com/yihuang/go-abi/stdlib_uint256.abi.go:5569.58,5571.20 1 0
github.com/yihuang/go-abi/stdlib_uint256.abi.go:5571.20,5573.3 1 0
github.com/yihuang/go-abi/stdlib_uint256.abi.go:5574.2,5575.16 2 0
github.com/yihuang/go-abi/stdlib_uint256.abi.go:5575.16,5577.3 1 0
github.com/yihuang/go-abi/stdlib_uint256.abi.go:5578.2,5579.49 2 0
github.com/yihuang/go-abi/stdlib_uint256.abi.go:5579.49,5581.3 1 0
github.com/yihuang/go-abi/stdlib_uint256.abi.go:5582.2,5588.30 3 0
github.com/yihuang/go-abi/stdlib_uint256.abi.go:5588.30,5590.17 2 0
github.com/yihuang/go-abi/stdlib_uint256.abi.go:5590.17,5592.4 1 0
github.com/yihuang/go-abi/stdlib_uint256.abi.go:5593.3,5593.14 1 0
github.com/yihuang/go-abi/stdlib_uint256.abi.go:5595.2,5595.33 1 0
github.com/yihuang/go-abi/stdlib_uint256.abi.go:5599.55,5601.16 2 0
github.com/yihuang/go-abi/stdlib_uint256.abi.go:5601.16,5603.3 1 0
github.com/yihuang/go-abi/stdlib_uint256.abi.go:5604.2,5604.24 1 0
github.com/yihuang/go-abi/stdlib_uint256.abi.go:5608.62,5610.20 1 0
github.com/yihuang/go-abi/stdlib_uint256.abi.go:5610.20,5612.3 1 0
github.com/yihuang/go-abi/stdlib_uint256.abi.go:5613.2,5614.16 2 0
github.com/yihuang/go-abi/stdlib_uint256.abi.go:5614.16,5616.3 1 0
github.com/yihuang/go-abi/stdlib_uint256.abi.go:5617.2,5618.49 2 0
github.com/yihuang/go-abi/stdlib_uint256.abi.go:5618.49,5620.3 1 0
github.com/yihuang/go-abi/stdlib_uint256.abi.go:5621.2,5627.30 3 0
github.com/yihuang/go-abi/stdlib_uint256.abi.go:5627.30,5629.17 2 0
github.com/yihuang/go-abi/stdlib_uint256.abi.go:5629.17,5631.4 1 0
github.com/yihuang/go-abi/stdlib_uint256.abi.go:5632.3,5632.14 1 0
github.com/yihuang/go-abi/stdlib_uint256.abi.go:5634.2,5634.33 1 0
github.com/yihuang/go-abi/stdlib_uint256.abi.go:5638.51,5640.16 2 0
github.com/yihuang/go-abi/stdlib_uint256.abi.go:5640.16,5642.3 1 0
github.com/yihuang/go-abi/stdlib_uint256.abi.go:5643.2,5643.24 1 0
github.com/yihuang/go-abi/stdlib_uint256.abi.go:5647.58,5649.20 1 0
github.com/yihuang/go-abi/stdlib_uint256.abi.go:5649.20,5651.3 1 0
github.com/yihuang/go-abi/stdlib_uint256.abi.go:5652.2,5653.16 2 0
github.com/yihuang/go-abi/stdlib_uint256.abi.go:5653.16,5655.3 1 0
github.com/yihuang/go-abi/stdlib_uint256.abi.go:5656.2,5657.49 2 0
github.com/yihuang/go-abi/stdlib_uint256.abi.go:5657.49,5659.3 1 0
github.com/yihuang/go-abi/stdlib_uint256.abi.go:5660.2,5666.30 3 0
github.com/yihuang/go-abi/stdlib_uint256.abi.go:5666.30,5668.17 2 0
github.com/yihuang/go-abi/stdlib_uint256.abi.go:5668.17,5670.4 1 0
github.com/yihuang/go-abi/stdlib_uint256.abi.go:5671.3,5671.14 1 0
github.com/yihuang/go-abi/stdlib_uint256.abi.go:5673.2,5673.33 1 0
github.com/yihuang/go-abi/stdlib_uint256.abi.go:5677.51,5679.16 2 0
github.com/yihuang/go-abi/stdlib_uint256.abi.go:5679.16,5681.3 1 0
github.com/yihuang/go-abi/stdlib_uint256.abi.go:5682.2,5682.24 1 0
github.com/yihuang/go-abi/stdlib_uint256.abi.go:5686.58,5688.20 1 0
github.com/yihuang/go-abi/stdlib_uint256.abi.go:5688.20,5690.3 1 0
github.com/yihuang/go-abi/stdlib_uint256.abi.go:5691.2,5692.16 2 0
github.com/yihuang/go-abi/stdlib_uint256.abi.go:5692.16,5694.3 1 0
github.com/yihuang/go-abi/stdlib_uint256.abi.go:5695.2,5696.49 2 0
github.com/yihuang/go-abi/stdlib_uint256.abi.go:5696.49,5698.3 1 0
github.com/yihuang/go-abi/stdlib_uint256.abi.go:5699.2,5705.30 3 0
github.com/yihuang/go-abi/stdlib_uint256.abi.go:5705.30,5707.17 2 0
github.com/yihuang/go-abi/stdlib_uint256.abi.go:5707.17,5709.4 1 0
github.com/yihuang/go-abi/stdlib_uint256.abi.go:5710.3,5710.14 1 0
github.com/yihuang/go-abi/stdlib_uint256.abi.go:5712.2,5712.33 1 0
github.com/yihuang/go-abi/stdlib_uint256.abi.go:5716.51,5718.16 2 0
github.com/yihuang/go-abi/stdlib_uint256.abi.go:5718.16,5720.3 1 0
github.com/yihuang/go-abi/stdlib_uint256.abi.go:5721.2,5721.24 1 0
github.com/yihuang/go-abi/stdlib_uint256.abi.go:5725.58,5727.20 1 0
github.com/yihuang/go-abi/stdlib_uint256.abi.go:5727.20,5729.3 1 0
github.com/yihuang/go-abi/stdlib_uint256.abi.go:5730.2,5731.16 2 0
github.com/yihuang/go-abi/stdlib_uint256.abi.go:5731.16,5733.3 1 0
github.com/yihuang/go-abi/stdlib_uint256.abi.go:5734.2,5735.49 2 0
github.com/yihuang/go-abi/stdlib_uint256.abi.go:5735.49,5737.3 1 0
github.com/yihuang/go-abi/stdlib_uint256.abi.go:5738.2,5744.30 3 0
github.com/yihuang/go-abi/stdlib_uint256.abi.go:5744.30,5746.17 2 0
github.com/yihuang/go-abi/stdlib_uint256.abi.go:5746.17,5748.4 1 0
github.com/yihuang/go-abi/stdlib_uint256.abi.go:5749.3,5749.14 1 0
github.com/yihuang/go-abi/stdlib_uint256.abi.go:5751.2,5751.33 1 0
github.com/yihuang/go-abi/stdlib_uint256.abi.go:5755.51,5757.16 2 0
github.com/yihuang/go-abi/stdlib_uint256.abi.go:5757.16,5759.3 1 0
github.com/yihuang/go-abi/stdlib_uint256.abi.go:5760.2,5760.24 1 0
github.com/yihuang/go-abi/stdlib_uint256.abi.go:5764.58,5766.20 1 0
github.com/yihuang/go-abi/stdlib_uint256.abi.go:5766.20,5768.3 1 0
github.com/yihuang/go-abi/stdlib_uint256.abi.go:5769.2,5770.16 2 0
github.com/yihuang/go-abi/stdlib_uint256.abi.go:5770.16,5772.3 1 0
github.com/yihuang/go-abi/stdlib_uint256.abi.go:5773.2,5774.49 2 0
github.com/yihuang/go-abi/stdlib_uint256.abi.go:5774.49,5776.3 1 0
github.com/yihuang/go-abi/stdlib_uint256.abi.go:5777.2,5783.30 3 0
github.com/yihuang/go-abi/stdlib_uint256.abi.go:5783.30,5785.17 2 0
github.com/yihuang/go-abi/stdlib_uint256.abi.go:5785.17,5787.4 1 0
github.com/yihuang/go-abi/stdlib_uint256.abi.go:5788.3,5788.14 1 0
github.com/yihuang/go-abi/stdlib_uint256.abi.go:5790.2,5790.33 1 0
github.com/yihuang/go-abi/stdlib_uint256.abi.go:5794.51,5796.16 2 0
github.com/yihuang/go-abi/stdlib_uint256.abi.go:5796.16,5798.3 1 0
github.com/yihuang/go-abi/stdlib_uint256.abi.go:5799.2,5799.24 1 0
github.com/yihuang/go-abi/stdlib_uint256.abi.go:5803.58,5805.20 1 0
github.com/yihuang/go-abi/stdlib_uint256.abi.go:5805.20,5807.3 1 0
github.com/yihuang/go-abi/stdlib_uint256.abi.go:5808.2,5809.16 2 0
github.com/yihuang/go-abi/stdlib_uint256.abi.go:5809.16,5811.3 1 0
github.com/yihuang/go-abi/stdlib_uint256.abi.go:5812.2,5813.49 2 0
github.com/yihuang/go-abi/stdlib_uint256.abi.go:5813.49,5815.3 1 0
github.com/yihuang/go-abi/stdlib_uint256.abi.go:5816.2,5822.30 3 0
github.com/yihuang/go-abi/stdlib_uint256.abi.go:5822.30,5824.17 2 0
github.com/yihuang/go-abi/stdlib_uint256.abi.go:5824.17,5826.4 1 0
github.com/yihuang/go-abi/stdlib_uint256.abi.go:5827.3,5827.14 1 0
github.com/yihuang/go-abi/stdlib_uint256.abi.go:5829.2,5829.33 1 0
github.com/yihuang/go-abi/stdlib_uint256.abi.go:5833.54,5835.16 2 0
github.com/yihuang/go-abi/stdlib_uint256.abi.go:5835.16,5837.3 1 0
github.com/yihuang/go-abi/stdlib_uint256.abi.go:5838.2,5838.24 1 0
github.com/yihuang/go-abi/stdlib_uint256.abi.go:5842.61,5844.20 1 0
github.com/yihuang/go-abi/stdlib_uint256.abi.go:5844.20,5846.3 1 0
github.com/yihuang/go-abi/stdlib_uint256.abi.go:5847.2,5848.16 2 0
github.com/yihuang/go-abi/stdlib_uint256.abi.go:5848.16,5850.3 1 0
github.com/yihuang/go-abi/stdlib_uint256.abi.go:5851.2,5852.49 2 0
github.com/yihuang/go-abi/stdlib_uint256.abi.go:5852.49,5854.3 1 0
github.com/yihuang/go-abi/stdlib_uint256.abi.go:5855.2,5861.30 3 0
github.com/yihuang/go-abi/stdlib_uint256.abi.go:5861.30,5863.17 2 0
github.com/yihuang/go-abi/stdlib_uint256.abi.go:5863.17,5865.4 1 0
github.com/yihuang/go-abi/stdlib_uint256.abi.go:5866.3,5866.14 1 0
github.com/yihuang/go-abi/stdlib_uint256.abi.go:5868.2,5868.33 1 0
github.com/yihuang/go-abi/stdlib_uint256.abi.go:5872.49,5874.16 2 0
github.com/yihuang/go-abi/stdlib_uint256.abi.go:5874.16,5876.3 1 0
github.com/yihuang/go-abi/stdlib_uint256.abi.go:5877.2,5877.24 1 0
github.com/yihuang/go-abi/stdlib_uint256.abi.go:5881.54,5883.16 2 0
github.com/yihuang/go-abi/stdlib_uint256.abi.go:5883.16,5885.3 1 0
github.com/yihuang/go-abi/stdlib_uint256.abi.go:5886.2,5886.24 1 0
github.com/yihuang/go-abi/stdlib_uint256.abi.go:5890.61,5892.20 1 0
github.com/yihuang/go-abi/stdlib_uint256.abi.go:5892.20,5894.3 1 0
github.com/yihuang/go-abi/stdlib_uint256.abi.go:5895.2,5896.16 2 0
github.com/yihuang/go-abi/stdlib_uint256.abi.go:5896.16,5898.3 1 0
github.com/yihuang/go-abi/stdlib_uint256.abi.go:5899.2,5900.49 2 0
github.com/yihuang/go-abi/stdlib_uint256.abi.go:5900.49,5902.3 1 0
github.com/yihuang/go-abi/stdlib_uint256.abi.go:5903.2,5909.30 3 0
github.com/yihuang/go-abi/stdlib_uint256.abi.go:5909.30,5911.17 2 0
github.com/yihuang/go-abi/stdlib_uint256.abi.go:5911.17,5913.4 1 0
github.com/yihuang/go-abi/stdlib_uint256.abi.go:5914.3,5914.14 1 0
github.com/yihuang/go-abi/stdlib_uint256.abi.go:5916.2,5916.33 1 0
github.com/yihuang/go-abi/stdlib_uint256.abi.go:5920.54,5922.16 2 0
github.com/yihuang/go-abi/stdlib_uint256.abi.go:5922.16,5924.3 1 0
github.com/yihuang/go-abi/stdlib_uint256.abi.go:5925.2,5925.24 1 0
github.com/yihuang/go-abi/stdlib_uint256.abi.go:5929.61,5931.20 1 0
github.com/yihuang/go-abi/stdlib_uint256.abi.go:5931.20,5933.3 1 0
github.com/yihuang/go-abi/stdlib_uint256.abi.go:5934.2,5935.16 2 0
github.com/yihuang/go-abi/stdlib_uint256.abi.go:5935.16,5937.3 1 0
github.com/yihuang/go-abi/stdlib_uint256.abi.go:5938.2,5939.49 2 0
github.com/yihuang/go-abi/stdlib_uint256.abi.go:5939.49,5941.3 1 0
github.com/yihuang/go-abi/stdlib_uint256.abi.go:5942.2,5948.30 3 0
github.com/yihuang/go-abi/stdlib_uint256.abi.go:5948.30,5950.17 2 0
github.com/yihuang/go-abi/stdlib_uint256.abi.go:5950.17,5952.4 1 0
github.com/yihuang/go-abi/stdlib_uint256.abi.go:5953.3,5953.14 1 0
github.com/yihuang/go-abi/stdlib_uint256.abi.go:5955.2,5955.33 1 0
github.com/yihuang/go-abi/stdlib_uint256.abi.go:5959.56,5961.20 1 0
github.com/yihuang/go-abi/stdlib_uint256.abi.go:5961.20,5963.3 1 0
github.com/yihuang/go-abi/stdlib_uint256.abi.go:5964.2,5965.16 2 0
github.com/yihuang/go-abi/stdlib_uint256.abi.go:5965.16,5967.3 1 0
github.com/yihuang/go-abi/stdlib_uint256.abi.go:5968.2,5969.49 2 0
github.com/yihuang/go-abi/stdlib_uint256.abi.go:5969.49,5971.3 1 0
github.com/yihuang/go-abi/stdlib_uint256.abi.go:5972.2,5978.30 3 0
github.com/yihuang/go-abi/stdlib_uint256.abi.go:5978.30,5980.17 2 0
github.com/yihuang/go-abi/stdlib_uint256.abi.go:5980.17,5982.4 1 0
github.com/yihuang/go-abi/stdlib_uint256.abi.go:5983.3,5983.14 1 0
github.com/yihuang/go-abi/stdlib_uint256.abi.go:5985.2,5985.33 1 0
github.com/yihuang/go-abi/stdlib_uint256.abi.go:5989.54,5991.16 2 0
github.com/yihuang/go-abi/stdlib_uint256.abi.go:5991.16,5993.3 1 0
github.com/yihuang/go-abi/stdlib_uint256.abi.go:5994.2,5994.24 1 0
github.com/yihuang/go-abi/stdlib_uint256.abi.go:5998.61,6000.20 1 0
github.com/yihuang/go-abi/stdlib_uint256.abi.go:6000.20,6002.3 1 0
github.com/yihuang/go-abi/stdlib_uint256.abi.go:6003.2,6004.16 2 0
github.com/yihuang/go-abi/stdlib_uint256.abi.go:6004.16,6006.3 1 0
github.com/yihuang/go-abi/stdlib_uint256.abi.go:6007.2,6008.49 2 0
github.com/yihuang/go-abi/stdlib_uint256.abi.go:6008.49,6010.3 1 0
github.com/yihuang/go-abi/stdlib_uint256.abi.go:6011.2,6017.30 3 0
github.com/yihuang/go-abi/stdlib_uint256.abi.go:6017.30,6019.17 2 0
github.com/yihuang/go-abi/stdlib_uint256.abi.go:6019.17,6021.4 1 0
github.com/yihuang/go-abi/stdlib_uint256.abi.go:6022.3,6022.14 1 0
github.com/yihuang/go-abi/stdlib_uint256.abi.go:6024.2,6024.33 1 0
github.com/yihuang/go-abi/stdlib_uint256.abi.go:6028.53,6030.20 1 0
github.com/yihuang/go-abi/stdlib_uint256.abi.go:6030.20,6032.3 1 0
github.com/yihuang/go-abi/stdlib_uint256.abi.go:6033.2,6034.16 2 0
github.com/yihuang/go-abi/stdlib_uint256.abi.go:6034.16,6036.3 1 0
github.com/yihuang/go-abi/stdlib_uint256.abi.go:6037.2,6039.30 3 0
github.com/yihuang/go-abi/stdlib_uint256.abi.go:6039.30,6041.3 1 0
github.com/yihuang/go-abi/stdlib_uint256.abi.go:6043.2,6043.41 1 0
github.com/yihuang/go-abi/stdlib_uint256.abi.go:6043.41,6044.22 1 0
github.com/yihuang/go-abi/stdlib_uint256.abi.go:6044.22,6046.4 1 0
github.com/yihuang/go-abi/stdlib_uint256.abi.go:6050.2,6050.55 1 0
github.com/yihuang/go-abi/stdlib_uint256.abi.go:6054.60,6056.20 1 0
github.com/yihuang/go-abi/stdlib_uint256.abi.go:6056.20,6058.3 1 0
github.com/yihuang/go-abi/stdlib_uint256.abi.go:6059.2,6060.16 2 0
github.com/yihuang/go-abi/stdlib_uint256.abi.go:6060.16,6062.3 1 0
github.com/yihuang/go-abi/stdlib_uint256.abi.go:6063.2,6064.49 2 0
github.com/yihuang/go-abi/stdlib_uint256.abi.go:6064.49,6066.3 1 0
github.com/yihuang/go-abi/stdlib_uint256.abi.go:6067.2,6074.30 4 0
github.com/yihuang/go-abi/stdlib_uint256.abi.go:6074.30,6076.17 2 0
github.com/yihuang/go-abi/stdlib_uint256.abi.go:6076.17,6078.4 1 0
github.com/yihuang/go-abi/stdlib_uint256.abi.go:6079.3,6081.27 2 0
github.com/yihuang/go-abi/stdlib_uint256.abi.go:6081.27,6083.4 1 0
github.com/yihuang/go-abi/stdlib_uint256.abi.go:6084.3,6085.17 2 0
github.com/yihuang/go-abi/stdlib_uint256.abi.go:6085.17,6087.4 1 0
github.com/yihuang/go-abi/stdlib_uint256.abi.go:6088.3,6088.21 1 0
github.com/yihuang/go-abi/stdlib_uint256.abi.go:6090.2,6090.40 1 0
github.com/yihuang/go-abi/stdlib_uint256.abi.go:6094.60,6095.20 1 0
github.com/yihuang/go-abi/stdlib_uint256.abi.go:6095.20,6097.3 1 0
github.com/yihuang/go-abi/stdlib_uint256.abi.go:6098.2,6100.24 3 0
github.com/yihuang/go-abi/stdlib_uint256.abi.go:6104.67,6106.20 1 0
github.com/yihuang/go-abi/stdlib_uint256.abi.go:6106.20,6108.3 1 0
github.com/yihuang/go-abi/stdlib_uint256.abi.go:6109.2,6110.16 2 0
github.com/yihuang/go-abi/stdlib_uint256.abi.go:6110.16,6112.3 1 0
github.com/yihuang/go-abi/stdlib_uint256.abi.go:6113.2,6114.49 2 0
github.com/yihuang/go-abi/stdlib_uint256.abi.go:6114.49,6116.3 1 0
github.com/yihuang/go-abi/stdlib_uint256.abi.go:6117.2,6123.30 3 0
github.com/yihuang/go-abi/stdlib_uint256.abi.go:6123.30,6125.17 2 0
github.com/yihuang/go-abi/stdlib_uint256.abi.go:6125.17,6127.4 1 0
github.com/yihuang/go-abi/stdlib_uint256.abi.go:6128.3,6128.14 1 0
github.com/yihuang/go-abi/stdlib_uint256.abi.go:6130.2,6130.33 1 0
github.com/yihuang/go-abi/stdlib_uint256.abi.go:6134.60,6135.20 1 0
github.com/yihuang/go-abi/stdlib_uint256.abi.go:6135.20,6137.3 1 0
github.com/yihuang/go-abi/stdlib_uint256.abi.go:6138.2,6140.24 3 0
github.com/yihuang/go-abi/stdlib_uint256.abi.go:6144.67,6146.20 1 0
github.com/yihuang/go-abi/stdlib_uint256.abi.go:6146.20,6148.3 1 0
github.com/yihuang/go-abi/stdlib_uint256.abi.go:6149.2,6150.16 2 0
github.com/yihuang/go-abi/stdlib_uint256.abi.go:6150.16,6152.3 1 0
github.com/yihuang/go-abi/stdlib_uint256.abi.go:6153.2,6154.49 2 0
github.com/yihuang/go-abi/stdlib_uint256.abi.go:6154.49,6156.3 1 0
github.com/yihuang/go-abi/stdlib_uint256.abi.go:6157.2,6163.30 3 0
github.com/yihuang/go-abi/stdlib_uint256.abi.go:6163.30,6165.17 2 0
github.com/yihuang/go-abi/stdlib_uint256.abi.go:6165.17,6167.4 1 0
github.com/yihuang/go-abi/stdlib_uint256.abi.go:6168.3,6168.14 1 0
github.com/yihuang/go-abi/stdlib_uint256.abi.go:6170.2,6170.33 1 0
github.com/yihuang/go-abi/stdlib_uint256.abi.go:6174.60,6175.20 1 0
github.com/yihuang/go-abi/stdlib_uint256.abi.go:6175.20,6177.3 1 0
github.com/yihuang/go-abi/stdlib_uint256.abi.go:6178.2,6180.24 3 0
github.com/yihuang/go-abi/stdlib_uint256.abi.go:6184.67,6186.20 1 0
github.com/yihuang/go-abi/stdlib_uint256.abi.go:6186.20,6188.3 1 0
github.com/yihuang/go-abi/stdlib_uint256.abi.go:6189.2,6190.16 2 0
github.com/yihuang/go-abi/stdlib_uint256.abi.go:6190.16,6192.3 1 0
github.com/yihuang/go-abi/stdlib_uint256.abi.go:6193.2,6194.49 2 0
github.com/yihuang/go-abi/stdlib_uint256.abi.go:6194.49,6196.3 1 0
github.com/yihuang/go-abi/stdlib_uint256.abi.go:6197.2,6203.30 3 0
github.com/yihuang/go-abi/stdlib_uint256.abi.go:6203.30,6205.17 2 0
github.com/yihuang/go-abi/stdlib_uint256.abi.go:6205.17,6207.4 1 0
github.com/yihuang/go-abi/stdlib_uint256.abi.go:6208.3,6208.14 1 0
github.com/yihuang/go-abi/stdlib_uint256.abi.go:6210.2,6210.33 1 0
github.com/yihuang/go-abi/stdlib_uint256.abi.go:6214.60,6215.20 1 0
github.com/yihuang/go-abi/stdlib_uint256.abi.go:6215.20,6217.3 1 0
github.com/yihuang/go-abi/stdlib_uint256.abi.go:6218.2,6220.24 3 0
github.com/yihuang/go-abi/stdlib_uint256.abi.go:6224.67,6226.20 1 0
github.com/yihuang/go-abi/stdlib_uint256.abi.go:6226.20,6228.3 1 0
github.com/yihuang/go-abi/stdlib_uint256.abi.go:6229.2,6230.16 2 0
github.com/yihuang/go-abi/stdlib_uint256.abi.go:6230.16,6232.3 1 0
github.com/yihuang/go-abi/stdlib_uint256.abi.go:6233.2,6234.49 2 0
github.com/yihuang/go-abi/stdlib_uint256.abi.go:6234.49,6236.3 1 0
github.com/yihuang/go-abi/stdlib_uint256.abi.go:6237.2,6243.30 3 0
github.com/yihuang/go-abi/stdlib_uint256.abi.go:6243.30,6245.17 2 0
github.com/yihuang/go-abi/stdlib_uint256.abi.go:6245.17,6247.4 1 0
github.com/yihuang/go-abi/stdlib_uint256.abi.go:6248.3,6248.14 1 0
github.com/yihuang/go-abi/stdlib_uint256.abi.go:6250.2,6250.33 1 0
github.com/yihuang/go-abi/stdlib_uint256.abi.go:6254.60,6255.20 1 0
github.com/yihuang/go-abi/stdlib_uint256.abi.go:6255.20,6257.3 1 0
github.com/yihuang/go-abi/stdlib_uint256.abi.go:6258.2,6260.24 3 0
github.com/yihuang/go-abi/stdlib_uint256.abi.go:6264.67,6266.20 1 0
github.com/yihuang/go-abi/stdlib_uint256.abi.go:6266.20,6268.3 1 0
github.com/yihuang/go-abi/stdlib_uint256.abi.go:6269.2,6270.16 2 0
github.com/yihuang/go-abi/stdlib_uint256.abi.go:6270.16,6272.3 1 0
github.com/yihuang/go-abi/stdlib_uint256.abi.go:6273.2,6274.49 2 0
github.com/yihuang/go-abi/stdlib_uint256.abi.go:6274.49,6276.3 1 0
github.com/yihuang/go-abi/stdlib_uint256.abi.go:6277.2,6283.30 3 0
github.com/yihuang/go-abi/stdlib_uint256.abi.go:6283.30,6285.17 2 0
github.com/yihuang/go-abi/stdlib_uint256.abi.go:6285.17,6287.4 1 0
github.com/yihuang/go-abi/stdlib_uint256.abi.go:6288.3,6288.14 1 0
github.com/yihuang/go-abi/stdlib_uint256.abi.go:6290.2,6290.33 1 0
github.com/yihuang/go-abi/stdlib_uint256.abi.go:6294.60,6295.20 1 0
github.com/yihuang/go-abi/stdlib_uint256.abi.go:6295.20,6297.3 1 0
github.com/yihuang/go-abi/stdlib_uint256.abi.go:6298.2,6300.24 3 0
github.com/yihuang/go-abi/stdlib_uint256.abi.go:6304.67,6306.20 1 0
github.com/yihuang/go-abi/stdlib_uint256.abi.go:6306.20,6308.3 1 0
github.com/yihuang/go-abi/stdlib_uint256.abi.go:6309.2,6310.16 2 0
github.com/yihuang/go-abi/stdlib_uint256.abi.go:6310.16,6312.3 1 0
github.com/yihuang/go-abi/stdlib_uint256.abi.go:6313.2,6314.49 2 0
github.com/yihuang/go-abi/stdlib_uint256.abi.go:6314.49,6316.3 1 0
github.com/yihuang/go-abi/stdlib_uint256.abi.go:6317.2,6323.30 3 0
github.com/yihuang/go-abi/stdlib_uint256.abi.go:6323.30,6325.17 2 0
github.com/yihuang/go-abi/stdlib_uint256.abi.go:6325.17,6327.4 1 0
github.com/yihuang/go-abi/stdlib_uint256.abi.go:6328.3,6328.14 1 0
github.com/yihuang/go-abi/stdlib_uint256.abi.go:6330.2,6330.33 1 0
github.com/yihuang/go-abi/stdlib_uint256.abi.go:6334.60,6335.20 1 0
github.com/yihuang/go-abi/stdlib_uint256.abi.go:6335.20,6337.3 1 0
github.com/yihuang/go-abi/stdlib_uint256.abi.go:6338.2,6340.24 3 0
github.com/yihuang/go-abi/stdlib_uint256.abi.go:6344.67,6346.20 1 0
github.com/yihuang/go-abi/stdlib_uint256.abi.go:6346.20,6348.3 1 0
github.com/yihuang/go-abi/stdlib_uint256.abi.go:6349.2,6350.16 2 0
github.com/yihuang/go-abi/stdlib_uint256.abi.go:6350.16,6352.3 1 0
github.com/yihuang/go-abi/stdlib_uint256.abi.go:6353.2,6354.49 2 0
github.com/yihuang/go-abi/stdlib_uint256.abi.go:6354.49,6356.3 1 0
github.com/yihuang/go-abi/stdlib_uint256.abi.go:6357.2,6363.30 3 0
github.com/yihuang/go-abi/stdlib_uint256.abi.go:6363.30,6365.17 2 0
github.com/yihuang/go-abi/stdlib_uint256.abi.go:6365.17,6367.4 1 0
github.com/yihuang/go-abi/stdlib_uint256.abi.go:6368.3,6368.14 1 0
github.com/yihuang/go-abi/stdlib_uint256.abi.go:6370.2,6370.33 1 0
github.com/yihuang/go-abi/stdlib_uint256.abi.go:6374.53,6376.16 2 0
github.com/yihuang/go-abi/stdlib_uint256.abi.go:6376.16,6378.3 1 0
github.com/yihuang/go-abi/stdlib_uint256.abi.go:6379.2,6379.24 1 0
github.com/yihuang/go-abi/stdlib_uint256.abi.go:6383.60,6384.20 1 0
github.com/yihuang/go-abi/stdlib_uint256.abi.go:6384.20,6386.3 1 0
github.com/yihuang/go-abi/stdlib_uint256.abi.go:6387.2,6389.24 3 0
github.com/yihuang/go-abi/stdlib_uint256.abi.go:6393.67,6395.20 1 0
github.com/yihuang/go-abi/stdlib_uint256.abi.go:6395.20,6397.3 1 0
github.com/yihuang/go-abi/stdlib_uint256.abi.go:6398.2,6399.16 2 0
github.com/yihuang/go-abi/stdlib_uint256.abi.go:6399.16,6401.3 1 0
github.com/yihuang/go-abi/stdlib_uint256.abi.go:6402.2,6403.49 2 0
github.com/yihuang/go-abi/stdlib_uint256.abi.go:6403.49,6405.3 1 0
github.com/yihuang/go-abi/stdlib_uint256.abi.go:6406.2,6412.30 3 0
github.com/yihuang/go-abi/stdlib_uint256.abi.go:6412.30,6414.17 2 0
github.com/yihuang/go-abi/stdlib_uint256.abi.go:6414.17,6416.4 1 0
github.com/yihuang/go-abi/stdlib_uint256.abi.go:6417.3,6417.14 1 0
github.com/yihuang/go-abi/stdlib_uint256.abi.go:6419.2,6419.33 1 0
github.com/yihuang/go-abi/stdlib_uint256.abi.go:6423.60,6424.20 1 0
github.com/yihuang/go-abi/stdlib_uint256.abi.go:6424.20,6426.3 1 0
github.com/yihuang/go-abi/stdlib_uint256.abi.go:6427.2,6429.24 3 0
github.com/yihuang/go-abi/stdlib_uint256.abi.go:6433.67,6435.20 1 0
github.com/yihuang/go-abi/stdlib_uint256.abi.go:6435.20,6437.3 1 0
github.com/yihuang/go-abi/stdlib_uint256.abi.go:6438.2,6439.16 2 0
github.com/yihuang/go-abi/stdlib_uint256.abi.go:6439.16,6441.3 1 0
github.com/yihuang/go-abi/stdlib_uint256.abi.go:6442.2,6443.49 2 0
github.com/yihuang/go-abi/stdlib_uint256.abi.go:6443.49,6445.3 1 0
github.com/yihuang/go-abi/stdlib_uint256.abi.go:6446.2,6452.30 3 0
github.com/yihuang/go-abi/stdlib_uint256.abi.go:6452.30,6454.17 2 0
github.com/yihuang/go-abi/stdlib_uint256.abi.go:6454.17,6456.4 1 0
github.com/yihuang/go-abi/stdlib_uint256.abi.go:6457.3,6457.14 1 0
github.com/yihuang/go-abi/stdlib_uint256.abi.go:6459.2,6459.33 1 0
github.com/yihuang/go-abi/stdlib_uint256.abi.go:6463.60,6465.20 1 0
github.com/yihuang/go-abi/stdlib_uint256.abi.go:6465.20,6467.3 1 0
github.com/yihuang/go-abi/stdlib_uint256.abi.go:6468.2,6469.16 2 0
github.com/yihuang/go-abi/stdlib_uint256.abi.go:6469.16,6471.3 1 0
github.com/yihuang/go-abi/stdlib_uint256.abi.go:6472.2,6473.49 2 0
github.com/yihuang/go-abi/stdlib_uint256.abi.go:6473.49,6475.3 1 0
github.com/yihuang/go-abi/stdlib_uint256.abi.go:6476.2,6482.30 3 0
github.com/yihuang/go-abi/stdlib_uint256.abi.go:6482.30,6484.17 2 0
github.com/yihuang/go-abi/stdlib_uint256.abi.go:6484.17,6486.4 1 0
github.com/yihuang/go-abi/stdlib_uint256.abi.go:6487.3,6487.14 1 0
github.com/yihuang/go-abi/stdlib_uint256.abi.go:6489.2,6489.33 1 0
github.com/yihuang/go-abi/stdlib_uint256.abi.go:6493.60,6494.20 1 0
github.com/yihuang/go-abi/stdlib_uint256.abi.go:6494.20,6496.3 1 0
github.com/yihuang/go-abi/stdlib_uint256.abi.go:6497.2,6499.24 3 0
github.com/yihuang/go-abi/stdlib_uint256.abi.go:6503.67,6505.20 1 0
github.com/yihuang/go-abi/stdlib_uint256.abi.go:6505.20,6507.3 1 0
github.com/yihuang/go-abi/stdlib_uint256.abi.go:6508.2,6509.16 2 0
github.com/yihuang/go-abi/stdlib_uint256.abi.go:6509.16,6511.3 1 0
github.com/yihuang/go-abi/stdlib_uint256.abi.go:6512.2,6513.49 2 0
github.com/yihuang/go-abi/stdlib_uint256.abi.go:6513.49,6515.3 1 0
github.com/yihuang/go-abi/stdlib_uint256.abi.go:6516.2,6522.30 3 0
github.com/yihuang/go-abi/stdlib_uint256.abi.go:6522.30,6524.17 2 0
github.com/yihuang/go-abi/stdlib_uint256.abi.go:6524.17,6526.4 1 0
github.com/yihuang/go-abi/stdlib_uint256.abi.go:6527.3,6527.14 1 0
github.com/yihuang/go-abi/stdlib_uint256.abi.go:6529.2,6529.33 1 0
github.com/yihuang/go-abi/stdlib_uint256.abi.go:6533.60,6534.20 1 0
github.com/yihuang/go-abi/stdlib_uint256.abi.go:6534.20,6536.3 1 0
github.com/yihuang/go-abi/stdlib_uint256.abi.go:6537.2,6539.24 3 0
github.com/yihuang/go-abi/stdlib_uint256.abi.go:6543.67,6545.20 1 0
github.com/yihuang/go-abi/stdlib_uint256.abi.go:6545.20,6547.3 1 0
github.com/yihuang/go-abi/stdlib_uint256.abi.go:6548.2,6549.16 2 0
github.com/yihuang/go-abi/stdlib_uint256.abi.go:6549.16,6551.3 1 0
github.com/yihuang/go-abi/stdlib_uint256.abi.go:6552.2,6553.49 2 0
github.com/yihuang/go-abi/stdlib_uint256.abi.go:6553.49,6555.3 1 0
github.com/yihuang/go-abi/stdlib_uint256.abi.go:6556.2,6562.30 3 0
github.com/yihuang/go-abi/stdlib_uint256.abi.go:6562.30,6564.17 2 0
github.com/yihuang/go-abi/stdlib_uint256.abi.go:6564.17,6566.4 1 0
github.com/yihuang/go-abi/stdlib_uint256.abi.go:6567.3,6567.14 1 0
github.com/yihuang/go-abi/stdlib_uint256.abi.go:6569.2,6569.33 1 0
github.com/yihuang/go-abi/stdlib_uint256.abi.go:6573.60,6574.20 1 0
github.com/yihuang/go-abi/stdlib_uint256.abi.go:6574.20,6576.3 1 0
github.com/yihuang/go-abi/stdlib_uint256.abi.go:6577.2,6579.24 3 0
github.com/yihuang/go-abi/stdlib_uint256.abi.go:6583.67,6585.20 1 0
github.com/yihuang/go-abi/stdlib_uint256.abi.go:6585.20,6587.3 1 0
github.com/yihuang/go-abi/stdlib_uint256.abi.go:6588.2,6589.16 2 0
github.com/yihuang/go-abi/stdlib_uint256.abi.go:6589.16,6591.3 1 0
github.com/yihuang/go-abi/stdlib_uint256.abi.go:6592.2,6593.49 2 0
github.com/yihuang/go-abi/stdlib_uint256.abi.go:6593.49,6595.3 1 0
github.com/yihuang/go-abi/stdlib_uint256.abi.go:6596.2,6602.30 3 0
github.com/yihuang/go-abi/stdlib_uint256.abi.go:6602.30,6604.17 2 0
github.com/yihuang/go-abi/stdlib_uint256.abi.go:6604.17,6606.4 1 0
github.com/yihuang/go-abi/stdlib_uint256.abi.go:6607.3,6607.14 1 0
github.com/yihuang/go-abi/stdlib_uint256.abi.go:6609.2,6609.33 1 0
github.com/yihuang/go-abi/stdlib_uint256.abi.go:6613.60,6614.20 1 0
github.com/yihuang/go-abi/stdlib_uint256.abi.go:6614.20,6616.3 1 0
github.com/yihuang/go-abi/stdlib_uint256.abi.go:6617.2,6619.24 3 0
github.com/yihuang/go-abi/stdlib_uint256.abi.go:6623.67,6625.20 1 0
github.com/yihuang/go-abi/stdlib_uint256.abi.go:6625.20,6627.3 1 0
github.com/yihuang/go-abi/stdlib_uint256.abi.go:6628.2,6629.16 2 0
github.com/yihuang/go-abi/stdlib_uint256.abi.go:6629.16,6631.3 1 0
github.com/yihuang/go-abi/stdlib_uint256.abi.go:6632.2,6633.49 2 0
github.com/yihuang/go-abi/stdlib_uint256.abi.go:6633.49,6635.3 1 0
github.com/yihuang/go-abi/stdlib_uint256.abi.go:6636.2,6642.30 3 0
github.com/yihuang/go-abi/stdlib_uint256.abi.go:6642.30,6644.17 2 0
github.com/yihuang/go-abi/stdlib_uint256.abi.go:6644.17,6646.4 1 0
github.com/yihuang/go-abi/stdlib_uint256.abi.go:6647.3,6647.14 1 0
github.com/yihuang/go-abi/stdlib_uint256.abi.go:6649.2,6649.33 1 0
github.com/yihuang/go-abi/stdlib_uint256.abi.go:6653.60,6654.20 1 0
github.com/yihuang/go-abi/stdlib_uint256.abi.go:6654.20,6656.3 1 0
github.com/yihuang/go-abi/stdlib_uint256.abi.go:6657.2,6659.24 3 0
github.com/yihuang/go-abi/stdlib_uint256.abi.go:6663.67,6665.20 1 0
github.com/yihuang/go-abi/stdlib_uint256.abi.go:6665.20,6667.3 1 0
github.com/yihuang/go-abi/stdlib_uint256.abi.go:6668.2,6669.16 2 0
github.com/yihuang/go-abi/stdlib_uint256.abi.go:6669.16,6671.3 1 0
github.com/yihuang/go-abi/stdlib_uint256.abi.go:6672.2,6673.49 2 0
github.com/yihuang/go-abi/stdlib_uint256.abi.go:6673.49,6675.3 1 0
github.com/yihuang/go-abi/stdlib_uint256.abi.go:6676.2,6682.30 3 0
github.com/yihuang/go-abi/stdlib_uint256.abi.go:6682.30,6684.17 2 0
github.com/yihuang/go-abi/stdlib_uint256.abi.go:6684.17,6686.4 1 0
github.com/yihuang/go-abi/stdlib_uint256.abi.go:6687.3,6687.14 1 0
github.com/yihuang/go-abi/stdlib_uint256.abi.go:6689.2,6689.33 1 0
github.com/yihuang/go-abi/stdlib_uint256.abi.go:6693.60,6694.20 1 0
github.com/yihuang/go-abi/stdlib_uint256.abi.go:6694.20,6696.3 1 0
github.com/yihuang/go-abi/stdlib_uint256.abi.go:6697.2,6699.24 3 0
github.com/yihuang/go-abi/stdlib_uint256.abi.go:6703.67,6705.20 1 0
github.com/yihuang/go-abi/stdlib_uint256.abi.go:6705.20,6707.3 1 0
github.com/yihuang/go-abi/stdlib_uint256.abi.go:6708.2,6709.16 2 0
github.com/yihuang/go-abi/stdlib_uint256.abi.go:6709.16,6711.3 1 0
github.com/yihuang/go-abi/stdlib_uint256.abi.go:6712.2,6713.49 2 0
github.com/yihuang/go-abi/stdlib_uint256.abi.go:6713.49,6715.3 1 0
github.com/yihuang/go-abi/stdlib_uint256.abi.go:6716.2,6722.30 3 0
github.com/yihuang/go-abi/stdlib_uint256.abi.go:6722.30,6724.17 2 0
github.com/yihuang/go-abi/stdlib_uint256.abi.go:6724.17,6726.4 1 0
github.com/yihuang/go-abi/stdlib_uint256.abi.go:6727.3,6727.14 1 0
github.com/yihuang/go-abi/stdlib_uint256.abi.go:6729.2,6729.33 1 0
github.com/yihuang/go-abi/stdlib_uint256.abi.go:6733.60,6734.20 1 0
github.com/yihuang/go-abi/stdlib_uint256.abi.go:6734.20,6736.3 1 0
github.com/yihuang/go-abi/stdlib_uint256.abi.go:6737.2,6739.24 3 0
github.com/yihuang/go-abi/stdlib_uint256.abi.go:6743.67,6745.20 1 0
github.com/yihuang/go-abi/stdlib_uint256.abi.go:6745.20,6747.3 1 0
github.com/yihuang/go-abi/stdlib_uint256.abi.go:6748.2,6749.16 2 0
github.com/yihuang/go-abi/stdlib_uint256.abi.go:6749.16,6751.3 1 0
github.com/yihuang/go-abi/stdlib_uint256.abi.go:6752.2,6753.49 2 0
github.com/yihuang/go-abi/stdlib_uint256.abi.go:6753.49,6755.3 1 0
github.com/yihuang/go-abi/stdlib_uint256.abi.go:6756.2,6762.30 3 0
github.com/yihuang/go-abi/stdlib_uint256.abi.go:6762.30,6764.17 2 0
github.com/yihuang/go-abi/stdlib_uint256.abi.go:6764.17,6766.4 1 0
github.com/yihuang/go-abi/stdlib_uint256.abi.go:6767.3,6767.14 1 0
github.com/yihuang/go-abi/stdlib_uint256.abi.go:6769.2,6769.33 1 0
github.com/yihuang/go-abi/stdlib_uint256.abi.go:6773.60,6774.20 1 0
github.com/yihuang/go-abi/stdlib_uint256.abi.go:6774.20,6776.3 1 0
github.com/yihuang/go-abi/stdlib_uint256.abi.go:6777.2,6779.24 3 0
github.com/yihuang/go-abi/stdlib_uint256.abi.go:6783.67,6785.20 1 0
github.com/yihuang/go-abi/stdlib_uint256.abi.go:6785.20,6787.3 1 0
github.com/yihuang/go-abi/stdlib_uint256.abi.go:6788.2,6789.16 2 0
github.com/yihuang/go-abi/stdlib_uint256.abi.go:6789.16,6791.3 1 0
github.com/yihuang/go-abi/stdlib_uint256.abi.go:6792.2,6793.49 2 0
github.com/yihuang/go-abi/stdlib_uint256.abi.go:6793.49,6795.3 1 0
github.com/yihuang/go-abi/stdlib_uint256.abi.go:6796.2,6802.30 3 0
github.com/yihuang/go-abi/stdlib_uint256.abi.go:6802.30,6804.17 2 0
github.com/yihuang/go-abi/stdlib_uint256.abi.go:6804.17,6806.4 1 0
github.com/yihuang/go-abi/stdlib_uint256.abi.go:6807.3,6807.14 1 0
github.com/yihuang/go-abi/stdlib_uint256.abi.go:6809.2,6809.33 1 0
github.com/yihuang/go-abi/stdlib_uint256.abi.go:6813.53,6815.16 2 0
github.com/yihuang/go-abi/stdlib_uint256.abi.go:6815.16,6817.3 1 0
github.com/yihuang/go-abi/stdlib_uint256.abi.go:6818.2,6818.24 1 0
github.com/yihuang/go-abi/stdlib_uint256.abi.go:6822.60,6823.20 1 0
github.com/yihuang/go-abi/stdlib_uint256.abi.go:6823.20,6825.3 1 0
github.com/yihuang/go-abi/stdlib_uint256.abi.go:6826.2,6828.24 3 0
github.com/yihuang/go-abi/stdlib_uint256.abi.go:6832.67,6834.20 1 0
github.com/yihuang/go-abi/stdlib_uint256.abi.go:6834.20,6836.3 1 0
github.com/yihuang/go-abi/stdlib_uint256.abi.go:6837.2,6838.16 2 0
github.com/yihuang/go-abi/stdlib_uint256.abi.go:6838.16,6840.3 1 0
github.com/yihuang/go-abi/stdlib_uint256.abi.go:6841.2,6842.49 2 0
github.com/yihuang/go-abi/stdlib_uint256.abi.go:6842.49,6844.3 1 0
github.com/yihuang/go-abi/stdlib_uint256.abi.go:6845.2,6851.30 3 0
github.com/yihuang/go-abi/stdlib_uint256.abi.go:6851.30,6853.17 2 0
github.com/yihuang/go-abi/stdlib_uint256.abi.go:6853.17,6855.4 1 0
github.com/yihuang/go-abi/stdlib_uint256.abi.go:6856.3,6856.14 1 0
github.com/yihuang/go-abi/stdlib_uint256.abi.go:6858.2,6858.33 1 0
github.com/yihuang/go-abi/stdlib_uint256.abi.go:6862.60,6863.20 1 0
github.com/yihuang/go-abi/stdlib_uint256.abi.go:6863.20,6865.3 1 0
github.com/yihuang/go-abi/stdlib_uint256.abi.go:6866.2,6868.24 3 0
github.com/yihuang/go-abi/stdlib_uint256.abi.go:6872.67,6874.20 1 0
github.com/yihuang/go-abi/stdlib_uint256.abi.go:6874.20,6876.3 1 0
github.com/yihuang/go-abi/stdlib_uint256.abi.go:6877.2,6878.16 2 0
github.com/yihuang/go-abi/stdlib_uint256.abi.go:6878.16,6880.3 1 0
github.com/yihuang/go-abi/stdlib_uint256.abi.go:6881.2,6882.49 2 0
github.com/yihuang/go-abi/stdlib_uint256.abi.go:6882.49,6884.3 1 0
github.com/yihuang/go-abi/stdlib_uint256.abi.go:6885.2,6891.30 3 0
github.com/yihuang/go-abi/stdlib_uint256.abi.go:6891.30,6893.17 2 0
github.com/yihuang/go-abi/stdlib_uint256.abi.go:6893.17,6895.4 1 0
github.com/yihuang/go-abi/stdlib_uint256.abi.go:6896.3,6896.14 1 0
github.com/yihuang/go-abi/stdlib_uint256.abi.go:6898.2,6898.33 1 0
github.com/yihuang/go-abi/stdlib_uint256.abi.go:6902.60,6904.20 1 0
github.com/yihuang/go-abi/stdlib_uint256.abi.go:6904.20,6906.3 1 0
github.com/yihuang/go-abi/stdlib_uint256.abi.go:6907.2,6908.16 2 0
github.com/yihuang/go-abi/stdlib_uint256.abi.go:6908.16,6910.3 1 0
github.com/yihuang/go-abi/stdlib_uint256.abi.go:6911.2,6912.49 2 0
github.com/yihuang/go-abi/stdlib_uint256.abi.go:6912.49,6914.3 1 0
github.com/yihuang/go-abi/stdlib_uint256.abi.go:6915.2,6921.30 3 0
github.com/yihuang/go-abi/stdlib_uint256.abi.go:6921.30,6923.17 2 0
github.com/yihuang/go-abi/stdlib_uint256.abi.go:6923.17,6925.4 1 0
github.com/yihuang/go-abi/stdlib_uint256.abi.go:6926.3,6926.14 1 0
github.com/yihuang/go-abi/stdlib_uint256.abi.go:6928.2,6928.33 1 0
github.com/yihuang/go-abi/stdlib_uint256.abi.go:6932.60,6933.20 1 0
github.com/yihuang/go-abi/stdlib_uint256.abi.go:6933.20,6935.3 1 0
github.com/yihuang/go-abi/stdlib_uint256.abi.go:6936.2,6938.24 3 0
github.com/yihuang/go-abi/stdlib_uint256.abi.go:6942.67,6944.20 1 0
github.com/yihuang/go-abi/stdlib_uint256.abi.go:6944.20,6946.3 1 0
github.com/yihuang/go-abi/stdlib_uint256.abi.go:6947.2,6948.16 2 0
github.com/yihuang/go-abi/stdlib_uint256.abi.go:6948.16,6950.3 1 0
github.com/yihuang/go-abi/stdlib_uint256.abi.go:6951.2,6952.49 2 0
github.com/yihuang/go-abi/stdlib_uint256.abi.go:6952.49,6954.3 1 0
github.com/yihuang/go-abi/stdlib_uint256.abi.go:6955.2,6961.30 3 0
github.com/yihuang/go-abi/stdlib_uint256.abi.go:6961.30,6963.17 2 0
github.com/yihuang/go-abi/stdlib_uint256.abi.go:6963.17,6965.4 1 0
github.com/yihuang/go-abi/stdlib_uint256.abi.go:6966.3,6966.14 1 0
github.com/yihuang/go-abi/stdlib_uint256.abi.go:6968.2,6968.33 1 0
github.com/yihuang/go-abi/stdlib_uint256.abi.go:6972.53,6974.16 2 0
github.com/yihuang/go-abi/stdlib_uint256.abi.go:6974.16,6976.3 1 0
github.com/yihuang/go-abi/stdlib_uint256.abi.go:6977.2,6977.24 1 0
github.com/yihuang/go-abi/stdlib_uint256.abi.go:6981.60,6983.20 1 0
github.com/yihuang/go-abi/stdlib_uint256.abi.go:6983.20,6985.3 1 0
github.com/yihuang/go-abi/stdlib_uint256.abi.go:6986.2,6987.16 2 0
github.com/yihuang/go-abi/stdlib_uint256.abi.go:6987.16,6989.3 1 0
github.com/yihuang/go-abi/stdlib_uint256.abi.go:6990.2,6991.49 2 0
github.com/yihuang/go-abi/stdlib_uint256.abi.go:6991.49,6993.3 1 0
github.com/yihuang/go-abi/stdlib_uint256.abi.go:6994.2,7000.30 3 0
github.com/yihuang/go-abi/stdlib_uint256.abi.go:7000.30,7002.17 2 0
github.com/yihuang/go-abi/stdlib_uint256.abi.go:7002.17,7004.4 1 0
github.com/yihuang/go-abi/stdlib_uint256.abi.go:7005.3,7005.14 1 0
github.com/yihuang/go-abi/stdlib_uint256.abi.go:7007.2,7007.33 1 0
github.com/yihuang/go-abi/stdlib_uint256.abi.go:7011.53,7013.16 2 0
github.com/yihuang/go-abi/stdlib_uint256.abi.go:7013.16,7015.3 1 0
github.com/yihuang/go-abi/stdlib_uint256.abi.go:7016.2,7016.24 1 0
github.com/yihuang/go-abi/stdlib_uint256.abi.go:7020.60,7022.20 1 0
github.com/yihuang/go-abi/stdlib_uint256.abi.go:7022.20,7024.3 1 0
github.com/yihuang/go-abi/stdlib_uint256.abi.go:7025.2,7026.16 2 0
github.com/yihuang/go-abi/stdlib_uint256.abi.go:7026.16,7028.3 1 0
github.com/yihuang/go-abi/stdlib_uint256.abi.go:7029.2,7030.49 2 0
github.com/yihuang/go-abi/stdlib_uint256.abi.go:7030.49,7032.3 1 0
github.com/yihuang/go-abi/stdlib_uint256.abi.go:7033.2,7039.30 3 0
github.com/yihuang/go-abi/stdlib_uint256.abi.go:7039.30,7041.17 2 0
github.com/yihuang/go-abi/stdlib_uint256.abi.go:7041.17,7043.4 1 0
github.com/yihuang/go-abi/stdlib_uint256.abi.go:7044.3,7044.14 1 0
github.com/yihuang/go-abi/stdlib_uint256.abi.go:7046.2,7046.33 1 0
github.com/yihuang/go-abi/stdlib_uint256.abi.go:7050.53,7052.16 2 0
github.com/yihuang/go-abi/stdlib_uint256.abi.go:7052.16,7054.3 1 0
github.com/yihuang/go-abi/stdlib_uint256.abi.go:7055.2,7055.24 1 0
github.com/yihuang/go-abi/stdlib_uint256.abi.go:7059.60,7061.20 1 0
github.com/yihuang/go-abi/stdlib_uint256.abi.go:7061.20,7063.3 1 0
github.com/yihuang/go-abi/stdlib_uint256.abi.go:7064.2,7065.16 2 0
github.com/yihuang/go-abi/stdlib_uint256.abi.go:7065.16,7067.3 1 0
github.com/yihuang/go-abi/stdlib_uint256.abi.go:7068.2,7069.49 2 0
github.com/yihuang/go-abi/stdlib_uint256.abi.go:7069.49,7071.3 1 0
github.com/yihuang/go-abi/stdlib_uint256.abi.go:7072.2,7078.30 3 0
github.com/yihuang/go-abi/stdlib_uint256.abi.go:7078.30,7080.17 2 0
github.com/yihuang/go-abi/stdlib_uint256.abi.go:7080.17,7082.4 1 0
github.com/yihuang/go-abi/stdlib_uint256.abi.go:7083.3,7083.14 1 0
github.com/yihuang/go-abi/stdlib_uint256.abi.go:7085.2,7085.33 1 0
github.com/yihuang/go-abi/stdlib_uint256.abi.go:7089.53,7091.16 2 0
github.com/yihuang/go-abi/stdlib_uint256.abi.go:7091.16,7093.3 1 0
github.com/yihuang/go-abi/stdlib_uint256.abi.go:7094.2,7094.24 1 0
github.com/yihuang/go-abi/stdlib_uint256.abi.go:7098.60,7100.20 1 0
github.com/yihuang/go-abi/stdlib_uint256.abi.go:7100.20,7102.3 1 0
github.com/yihuang/go-abi/stdlib_uint256.abi.go:7103.2,7104.16 2 0
github.com/yihuang/go-abi/stdlib_uint256.abi.go:7104.16,7106.3 1 0
github.com/yihuang/go-abi/stdlib_uint256.abi.go:7107.2,7108.49 2 0
github.com/yihuang/go-abi/stdlib_uint256.abi.go:7108.49,7110.3 1 0
github.com/yihuang/go-abi/stdlib_uint256.abi.go:7111.2,7117.30 3 0
github.com/yihuang/go-abi/stdlib_uint256.abi.go:7117.30,7119.17 2 0
github.com/yihuang/go-abi/stdlib_uint256.abi.go:7119.17,7121.4 1 0
github.com/yihuang/go-abi/stdlib_uint256.abi.go:7122.3,7122.14 1 0
github.com/yihuang/go-abi/stdlib_uint256.abi.go:7124.2,7124.33 1 0
github.com/yihuang/go-abi/stdlib_uint256.abi.go:7128.53,7130.16 2 0
github.com/yihuang/go-abi/stdlib_uint256.abi.go:7130.16,7132.3 1 0
github.com/yihuang/go-abi/stdlib_uint256.abi.go:7133.2,7133.24 1 0
github.com/yihuang/go-abi/stdlib_uint256.abi.go:7137.60,7139.20 1 0
github.com/yihuang/go-abi/stdlib_uint256.abi.go:7139.20,7141.3 1 0
github.com/yihuang/go-abi/stdlib_uint256.abi.go:7142.2,7143.16 2 0
github.com/yihuang/go-abi/stdlib_uint256.abi.go:7143.16,7145.3 1 0
github.com/yihuang/go-abi/stdlib_uint256.abi.go:7146.2,7147.49 2 0
github.com/yihuang/go-abi/stdlib_uint256.abi.go:7147.49,7149.3 1 0
github.com/yihuang/go-abi/stdlib_uint256.abi.go:7150.2,7156.30 3 0
github.com/yihuang/go-abi/stdlib_uint256.abi.go:7156.30,7158.17 2 0
github.com/yihuang/go-abi/stdlib_uint256.abi.go:7158.17,7160.4 1 0
github.com/yihuang/go-abi/stdlib_uint256.abi.go:7161.3,7161.14 1 0
github.com/yihuang/go-abi/stdlib_uint256.abi.go:7163.2,7163.33 1 0
github.com/yihuang/go-abi/stdlib_uint256.abi.go:7167.59,7168.20 1 0
github.com/yihuang/go-abi/stdlib_uint256.abi.go:7168.20,7170.3 1 0
github.com/yihuang/go-abi/stdlib_uint256.abi.go:7171.2,7173.24 3 0
github.com/yihuang/go-abi/stdlib_uint256.abi.go:7177.66,7179.20 1 0
github.com/yihuang/go-abi/stdlib_uint256.abi.go:7179.20,7181.3 1 0
github.com/yihuang/go-abi/stdlib_uint256.abi.go:7182.2,7183.16 2 0
github.com/yihuang/go-abi/stdlib_uint256.abi.go:7183.16,7185.3 1 0
github.com/yihuang/go-abi/stdlib_uint256.abi.go:7186.2,7187.49 2 0
github.com/yihuang/go-abi/stdlib_uint256.abi.go:7187.49,7189.3 1 0
github.com/yihuang/go-abi/stdlib_uint256.abi.go:7190.2,7196.30 3 0
github.com/yihuang/go-abi/stdlib_uint256.abi.go:7196.30,7198.17 2 0
github.com/yihuang/go-abi/stdlib_uint256.abi.go:7198.17,7200.4 1 0
github.com/yihuang/go-abi/stdlib_uint256.abi.go:7201.3,7201.14 1 0
github.com/yihuang/go-abi/stdlib_uint256.abi.go:7203.2,7203.33 1 0
github.com/yihuang/go-abi/stdlib_uint256.abi.go:7207.51,7209.16 2 0
github.com/yihuang/go-abi/stdlib_uint256.abi.go:7209.16,7211.3 1 0
github.com/yihuang/go-abi/stdlib_uint256.abi.go:7212.2,7212.24 1 0
github.com/yihuang/go-abi/stdlib_uint256.abi.go:7216.59,7217.20 1 0
github.com/yihuang/go-abi/stdlib_uint256.abi.go:7217.20,7219.3 1 0
github.com/yihuang/go-abi/stdlib_uint256.abi.go:7220.2,7222.24 3 0
github.com/yihuang/go-abi/stdlib_uint256.abi.go:7226.66,7228.20 1 0
github.com/yihuang/go-abi/stdlib_uint256.abi.go:7228.20,7230.3 1 0
github.com/yihuang/go-abi/stdlib_uint256.abi.go:7231.2,7232.16 2 0
github.com/yihuang/go-abi/stdlib_uint256.abi.go:7232.16,7234.3 1 0
github.com/yihuang/go-abi/stdlib_uint256.abi.go:7235.2,7236.49 2 0
github.com/yihuang/go-abi/stdlib_uint256.abi.go:7236.49,7238.3 1 0
github.com/yihuang/go-abi/stdlib_uint256.abi.go:7239.2,7245.30 3 0
github.com/yihuang/go-abi/stdlib_uint256.abi.go:7245.30,7247.17 2 0
github.com/yihuang/go-abi/stdlib_uint256.abi.go:7247.17,7249.4 1 0
github.com/yihuang/go-abi/stdlib_uint256.abi.go:7250.3,7250.14 1 0
github.com/yihuang/go-abi/stdlib_uint256.abi.go:7252.2,7252.33 1 0
github.com/yihuang/go-abi/stdlib_uint256.abi.go:7256.59,7257.20 1 0
github.com/yihuang/go-abi/stdlib_uint256.abi.go:7257.20,7259.3 1 0
github.com/yihuang/go-abi/stdlib_uint256.abi.go:7260.2,7262.24 3 0
github.com/yihuang/go-abi/stdlib_uint256.abi.go:7266.66,7268.20 1 0
github.com/yihuang/go-abi/stdlib_uint256.abi.go:7268.20,7270.3 1 0
github.com/yihuang/go-abi/stdlib_uint256.abi.go:7271.2,7272.16 2 0
github.com/yihuang/go-abi/stdlib_uint256.abi.go:7272.16,7274.3 1 0
github.com/yihuang/go-abi/stdlib_uint256.abi.go:7275.2,7276.49 2 0
github.com/yihuang/go-abi/stdlib_uint256.abi.go:7276.49,7278.3 1 0
github.com/yihuang/go-abi/stdlib_uint256.abi.go:7279.2,7285.30 3 0
github.com/yihuang/go-abi/stdlib_uint256.abi.go:7285.30,7287.17 2 0
github.com/yihuang/go-abi/stdlib_uint256.abi.go:7287.17,7289.4 1 0
github.com/yihuang/go-abi/stdlib_uint256.abi.go:7290.3,7290.14 1 0
github.com/yihuang/go-abi/stdlib_uint256.abi.go:7292.2,7292.33 1 0
github.com/yihuang/go-abi/stdlib_uint256.abi.go:7296.58,7298.20 1 0
github.com/yihuang/go-abi/stdlib_uint256.abi.go:7298.20,7300.3 1 0
github.com/yihuang/go-abi/stdlib_uint256.abi.go:7301.2,7302.16 2 0
github.com/yihuang/go-abi/stdlib_uint256.abi.go:7302.16,7304.3 1 0
github.com/yihuang/go-abi/stdlib_uint256.abi.go:7305.2,7306.49 2 0
github.com/yihuang/go-abi/stdlib_uint256.abi.go:7306.49,7308.3 1 0
github.com/yihuang/go-abi/stdlib_uint256.abi.go:7309.2,7315.30 3 0
github.com/yihuang/go-abi/stdlib_uint256.abi.go:7315.30,7317.17 2 0
github.com/yihuang/go-abi/stdlib_uint256.abi.go:7317.17,7319.4 1 0
github.com/yihuang/go-abi/stdlib_uint256.abi.go:7320.3,7320.14 1 0
github.com/yihuang/go-abi/stdlib_uint256.abi.go:7322.2,7322.33 1 0
github.com/yihuang/go-abi/stdlib_uint256.abi.go:7326.59,7327.20 1 0
github.com/yihuang/go-abi/stdlib_uint256.abi.go:7327.20,7329.3 1 0
github.com/yihuang/go-abi/stdlib_uint256.abi.go:7330.2,7332.24 3 0
github.com/yihuang/go-abi/stdlib_uint256.abi.go:7336.66,7338.20 1 0
github.com/yihuang/go-abi/stdlib_uint256.abi.go:7338.20,7340.3 1 0
github.com/yihuang/go-abi/stdlib_uint256.abi.go:7341.2,7342.16 2 0
github.com/yihuang/go-abi/stdlib_uint256.abi.go:7342.16,7344.3 1 0
github.com/yihuang/go-abi/stdlib_uint256.abi.go:7345.2,7346.49 2 0
github.com/yihuang/go-abi/stdlib_uint256.abi.go:7346.49,7348.3 1 0
github.com/yihuang/go-abi/stdlib_uint256.abi.go:7349.2,7355.30 3 0
github.com/yihuang/go-abi/stdlib_uint256.abi.go:7355.30,7357.17 2 0
github.com/yihuang/go-abi/stdlib_uint256.abi.go:7357.17,7359.4 1 0
github.com/yihuang/go-abi/stdlib_uint256.abi.go:7360.3,7360.14 1 0
github.com/yihuang/go-abi/stdlib_uint256.abi.go:7362.2,7362.33 1 0
github.com/yihuang/go-abi/stdlib_uint256.abi.go:7366.73,7367.19 1 0
github.com/yihuang/go-abi/stdlib_uint256.abi.go:7367.19,7369.3 1 0
github.com/yihuang/go-abi/stdlib_uint256.abi.go:7370.2,7371.16 2 0
github.com/yihuang/go-abi/stdlib_uint256.abi.go:7375.60,7376.18 1 0
github.com/yihuang/go-abi/stdlib_uint256.abi.go:7376.18,7378.3 1 0
github.com/yihuang/go-abi/stdlib_uint256.abi.go:7379.2,7379.11 1 0
github.com/yihuang/go-abi/stdlib_uint256.abi.go:7379.11,7381.3 1 0
github.com/yihuang/go-abi/stdlib_uint256.abi.go:7381.8,7383.3 1 0
github.com/yihuang/go-abi/stdlib_uint256.abi.go:7384.2,7384.15 1 0
github.com/yihuang/go-abi/stdlib_uint256.abi.go:7388.65,7389.18 1 0
github.com/yihuang/go-abi/stdlib_uint256.abi.go:7389.18,7391.3 1 0
github.com/yihuang/go-abi/stdlib_uint256.abi.go:7392.2,7393.15 2 0
github.com/yihuang/go-abi/stdlib_uint256.abi.go:7397.67,7398.19 1 0
github.com/yihuang/go-abi/stdlib_uint256.abi.go:7398.19,7400.3 1 0
github.com/yihuang/go-abi/stdlib_uint256.abi.go:7401.2,7402.16 2 0
github.com/yihuang/go-abi/stdlib_uint256.abi.go:7406.67,7407.19 1 0
github.com/yihuang/go-abi/stdlib_uint256.abi.go:7407.19,7409.3 1 0
github.com/yihuang/go-abi/stdlib_uint256.abi.go:7410.2,7411.16 2 0
github.com/yihuang/go-abi/stdlib_uint256.abi.go:7415.67,7416.19 1 0
github.com/yihuang/go-abi/stdlib_uint256.abi.go:7416.19,7418.3 1 0
github.com/yihuang/go-abi/stdlib_uint256.abi.go:7419.2,7420.16 2 0
github.com/yihuang/go-abi/stdlib_uint256.abi.go:7424.67,7425.19 1 0
github.com/yihuang/go-abi/stdlib_uint256.abi.go:7425.19,7427.3 1 0
github.com/yihuang/go-abi/stdlib_uint256.abi.go:7428.2,7429.16 2 0
github.com/yihuang/go-abi/stdlib_uint256.abi.go:7433.67,7434.19 1 0
github.com/yihuang/go-abi/stdlib_uint256.abi.go:7434.19,7436.3 1 0
github.com/yihuang/go-abi/stdlib_uint256.abi.go:7437.2,7438.16 2 0
github.com/yihuang/go-abi/stdlib_uint256.abi.go:7442.67,7443.19 1 0
github.com/yihuang/go-abi/stdlib_uint256.abi.go:7443.19,7445.3 1 0
github.com/yihuang/go-abi/stdlib_uint256.abi.go:7446.2,7447.16 2 0
github.com/yihuang/go-abi/stdlib_uint256.abi.go:7451.67,7452.19 1 0
github.com/yihuang/go-abi/stdlib_uint256.abi.go:7452.19,7454.3 1 0
github.com/yihuang/go-abi/stdlib_uint256.abi.go:7455.2,7456.16 2 0
github.com/yihuang/go-abi/stdlib_uint256.abi.go:7460.67,7461.19 1 0
github.com/yihuang/go-abi/stdlib_uint256.abi.go:7461.19,7463.3 1 0
github.com/yihuang/go-abi/stdlib_uint256.abi.go:7464.2,7465.16 2 0
github.com/yihuang/go-abi/stdlib_uint256.abi.go:7469.67,7470.19 1 0
github.com/yihuang/go-abi/stdlib_uint256.abi.go:7470.19,7472.3 1 0
github.com/yihuang/go-abi/stdlib_uint256.abi.go:7473.2,7474.16 2 0
github.com/yihuang/go-abi/stdlib_uint256.abi.go:7478.67,7479.19 1 0
github.com/yihuang/go-abi/stdlib_uint256.abi.go:7479.19,7481.3 1 0
github.com/yihuang/go-abi/stdlib_uint256.abi.go:7482.2,7483.16 2 0
github.com/yihuang/go-abi/stdlib_uint256.abi.go:7487.65,7488.18 1 0
github.com/yihuang/go-abi/stdlib_uint256.abi.go:7488.18,7490.3 1 0
github.com/yihuang/go-abi/stdlib_uint256.abi.go:7491.2,7492.15 2 0
github.com/yihuang/go-abi/stdlib_uint256.abi.go:7496.67,7497.19 1 0
github.com/yihuang/go-abi/stdlib_uint256.abi.go:7497.19,7499.3 1 0
github.com/yihuang/go-abi/stdlib_uint256.abi.go:7500.2,7501.16 2 0
github.com/yihuang/go-abi/stdlib_uint256.abi.go:7505.67,7506.19 1 0
github.com/yihuang/go-abi/stdlib_uint256.abi.go:7506.19,7508.3 1 0
github.com/yihuang/go-abi/stdlib_uint256.abi.go:7509.2,7510.16 2 0
github.com/yihuang/go-abi/stdlib_uint256.abi.go:7514.67,7515.19 1 0
github.com/yihuang/go-abi/stdlib_uint256.abi.go:7515.19,7517.3 1 0
github.com/yihuang/go-abi/stdlib_uint256.abi.go:7518.2,7519.16 2 0
github.com/yihuang/go-abi/stdlib_uint256.abi.go:7523.67,7524.19 1 0
github.com/yihuang/go-abi/stdlib_uint256.abi.go:7524.19,7526.3 1 0
github.com/yihuang/go-abi/stdlib_uint256.abi.go:7527.2,7528.16 2 0
github.com/yihuang/go-abi/stdlib_uint256.abi.go:7532.67,7533.19 1 0
github.com/yihuang/go-abi/stdlib_uint256.abi.go:7533.19,7535.3 1 0
github.com/yihuang/go-abi/stdlib_uint256.abi.go:7536.2,7537.16 2 0
github.com/yihuang/go-abi/stdlib_uint256.abi.go:7541.67,7542.19 1 0
github.com/yihuang/go-abi/stdlib_uint256.abi.go:7542.19,7544.3 1 0
github.com/yihuang/go-abi/stdlib_uint256.abi.go:7545.2,7546.16 2 0
github.com/yihuang/go-abi/stdlib_uint256.abi.go:7550.67,7551.19 1 0
github.com/yihuang/go-abi/stdlib_uint256.abi.go:7551.19,7553.3 1 0
github.com/yihuang/go-abi/stdlib_uint256.abi.go:7554.2,7555.16 2 0
github.com/yihuang/go-abi/stdlib_uint256.abi.go:7559.67,7560.19 1 0
github.com/yihuang/go-abi/stdlib_uint256.abi.go:7560.19,7562.3 1 0
github.com/yihuang/go-abi/stdlib_uint256.abi.go:7563.2,7564.16 2 0
github.com/yihuang/go-abi/stdlib_uint256.abi.go:7568.67,7569.19 1 0
github.com/yihuang/go-abi/stdlib_uint256.abi.go:7569.19,7571.3 1 0
github.com/yihuang/go-abi/stdlib_uint256.abi.go:7572.2,7573.16 2 0
github.com/yihuang/go-abi/stdlib_uint256.abi.go:7577.67,7578.19 1 0
github.com/yihuang/go-abi/stdlib_uint256.abi.go:7578.19,7580.3 1 0
github.com/yihuang/go-abi/stdlib_uint256.abi.go:7581.2,7582.16 2 0
github.com/yihuang/go-abi/stdlib_uint256.abi.go:7586.65,7587.18 1 0
github.com/yihuang/go-abi/stdlib_uint256.abi.go:7587.18,7589.3 1 0
github.com/yihuang/go-abi/stdlib_uint256.abi.go:7590.2,7591.15 2 0
github.com/yihuang/go-abi/stdlib_uint256.abi.go:7595.67,7596.19 1 0
github.com/yihuang/go-abi/stdlib_uint256.abi.go:7596.19,7598.3 1 0
github.com/yihuang/go-abi/stdlib_uint256.abi.go:7599.2,7600.16 2 0
github.com/yihuang/go-abi/stdlib_uint256.abi.go:7604.67,7605.19 1 0
github.com/yihuang/go-abi/stdlib_uint256.abi.go:7605.19,7607.3 1 0
github.com/yihuang/go-abi/stdlib_uint256.abi.go:7608.2,7609.16 2 0
github.com/yihuang/go-abi/stdlib_uint256.abi.go:7613.67,7614.19 1 0
github.com/yihuang/go-abi/stdlib_uint256.abi.go:7614.19,7616.3 1 0
github.com/yihuang/go-abi/stdlib_uint256.abi.go:7617.2,7618.16 2 0
github.com/yihuang/go-abi/stdlib_uint256.abi.go:7622.65,7623.18 1 0
github.com/yihuang/go-abi/stdlib_uint256.abi.go:7623.18,7625.3 1 0
github.com/yihuang/go-abi/stdlib_uint256.abi.go:7626.2,7627.15 2 0
github.com/yihuang/go-abi/stdlib_uint256.abi.go:7631.65,7632.18 1 0
github.com/yihuang/go-abi/stdlib_uint256.abi.go:7632.18,7634.3 1 0
github.com/yihuang/go-abi/stdlib_uint256.abi.go:7635.2,7636.15 2 0
github.com/yihuang/go-abi/stdlib_uint256.abi.go:7640.65,7641.18 1 0
github.com/yihuang/go-abi/stdlib_uint256.abi.go:7641.18,7643.3 1 0
github.com/yihuang/go-abi/stdlib_uint256.abi.go:7644.2,7645.15 2 0
github.com/yihuang/go-abi/stdlib_uint256.abi.go:7649.65,7650.18 1 0
github.com/yihuang/go-abi/stdlib_uint256.abi.go:7650.18,7652.3 1 0
github.com/yihuang/go-abi/stdlib_uint256.abi.go:7653.2,7654.15 2 0
github.com/yihuang/go-abi/stdlib_uint256.abi.go:7658.65,7659.18 1 0
github.com/yihuang/go-abi/stdlib_uint256.abi.go:7659.18,7661.3 1 0
github.com/yihuang/go-abi/stdlib_uint256.abi.go:7662.2,7663.15 2 0
github.com/yihuang/go-abi/stdlib_uint256.abi.go:7667.65,7668.18 1 0
github.com/yihuang/go-abi/stdlib_uint256.abi.go:7668.18,7670.3 1 0
github.com/yihuang/go-abi/stdlib_uint256.abi.go:7671.2,7672.15 2 0
github.com/yihuang/go-abi/stdlib_uint256.abi.go:7676.66,7677.19 1 0
github.com/yihuang/go-abi/stdlib_uint256.abi.go:7677.19,7679.3 1 0
github.com/yihuang/go-abi/stdlib_uint256.abi.go:7680.2,7680.60 1 0
github.com/yihuang/go-abi/stdlib_uint256.abi.go:7680.60,7682.3 1 0
github.com/yihuang/go-abi/stdlib_uint256.abi.go:7683.2,7683.16 1 0
github.com/yihuang/go-abi/stdlib_uint256.abi.go:7687.66,7688.19 1 0
github.com/yihuang/go-abi/stdlib_uint256.abi.go:7688.19,7690.3 1 0
github.com/yihuang/go-abi/stdlib_uint256.abi.go:7691.2,7691.60 1 0
github.com/yihuang/go-abi/stdlib_uint256.abi.go:7691.60,7693.3 1 0
github.com/yihuang/go-abi/stdlib_uint256.abi.go:7694.2,7694.16 1 0
github.com/yihuang/go-abi/stdlib_uint256.abi.go:7698.66,7699.19 1 0
github.com/yihuang/go-abi/stdlib_uint256.abi.go:7699.19,7701.3 1 0
github.com/yihuang/go-abi/stdlib_uint256.abi.go:7702.2,7702.60 1 0
github.com/yihuang/go-abi/stdlib_uint256.abi.go:7702.60,7704.3 1 0
github.com/yihuang/go-abi/stdlib_uint256.abi.go:7705.2,7705.16 1 0
github.com/yihuang/go-abi/stdlib_uint256.abi.go:7709.66,7710.19 1 0
github.com/yihuang/go-abi/stdlib_uint256.abi.go:7710.19,7712.3 1 0
github.com/yihuang/go-abi/stdlib_uint256.abi.go:7713.2,7713.60 1 0
github.com/yihuang/go-abi/stdlib_uint256.abi.go:7713.60,7715.3 1 0
github.com/yihuang/go-abi/stdlib_uint256.abi.go:7716.2,7716.16 1 0
github.com/yihuang/go-abi/stdlib_uint256.abi.go:7720.66,7721.19 1 0
github.com/yihuang/go-abi/stdlib_uint256.abi.go:7721.19,7723.3 1 0
github.com/yihuang/go-abi/stdlib_uint256.abi.go:7724.2,7724.60 1 0
github.com/yihuang/go-abi/stdlib_uint256.abi.go:7724.60,7726.3 1 0
github.com/yihuang/go-abi/stdlib_uint256.abi.go:7727.2,7727.16 1 0
github.com/yihuang/go-abi/stdlib_uint256.abi.go:7731.66,7732.19 1 0
github.com/yihuang/go-abi/stdlib_uint256.abi.go:7732.19,7734.3 1 0
github.com/yihuang/go-abi/stdlib_uint256.abi.go:7735.2,7735.60 1 0
github.com/yihuang/go-abi/stdlib_uint256.abi.go:7735.60,7737.3 1 0
github.com/yihuang/go-abi/stdlib_uint256.abi.go:7738.2,7738.16 1 0
github.com/yihuang/go-abi/stdlib_uint256.abi.go:7742.66,7743.19 1 0
github.com/yihuang/go-abi/stdlib_uint256.abi.go:7743.19,7745.3 1 0
github.com/yihuang/go-abi/stdlib_uint256.abi.go:7746.2,7746.60 1 0
github.com/yihuang/go-abi/stdlib_uint256.abi.go:7746.60,7748.3 1 0
github.com/yihuang/go-abi/stdlib_uint256.abi.go:7749.2,7749.16 1 0
github.com/yihuang/go-abi/stdlib_uint256.abi.go:7753.62,7754.18 1 0
github.com/yihuang/go-abi/stdlib_uint256.abi.go:7754.18,7756.3 1 0
github.com/yihuang/go-abi/stdlib_uint256.abi.go:7757.2,7758.15 2 0
github.com/yihuang/go-abi/stdlib_uint256.abi.go:7762.66,7763.19 1 0
github.com/yihuang/go-abi/stdlib_uint256.abi.go:7763.19,7765.3 1 0
github.com/yihuang/go-abi/stdlib_uint256.abi.go:7766.2,7766.60 1 0
github.com/yihuang/go-abi/stdlib_uint256.abi.go:7766.60,7768.3 1 0
github.com/yihuang/go-abi/stdlib_uint256.abi.go:7769.2,7769.16 1 0
github.com/yihuang/go-abi/stdlib_uint256.abi.go:7773.66,7774.19 1 0
github.com/yihuang/go-abi/stdlib_uint256.abi.go:7774.19,7776.3 1 0
github.com/yihuang/go-abi/stdlib_uint256.abi.go:7777.2,7777.60 1 0
github.com/yihuang/go-abi/stdlib_uint256.abi.go:7777.60,7779.3 1 0
github.com/yihuang/go-abi/stdlib_uint256.abi.go:7780.2,7780.16 1 0
github.com/yihuang/go-abi/stdlib_uint256.abi.go:7784.66,7785.19 1 0
github.com/yihuang/go-abi/stdlib_uint256.abi.go:7785.19,7787.3 1 0
github.com/yihuang/go-abi/stdlib_uint256.abi.go:7788.2,7788.60 1 0
github.com/yihuang/go-abi/stdlib_uint256.abi.go:7788.60,7790.3 1 0
github.com/yihuang/go-abi/stdlib_uint256.abi.go:7791.2,7791.16 1 0
github.com/yihuang/go-abi/stdlib_uint256.abi.go:7795.66,7796.19 1 0
github.com/yihuang/go-abi/stdlib_uint256.abi.go:7796.19,7798.3 1 0
github.com/yihuang/go-abi/stdlib_uint256.abi.go:7799.2,7799.60 1 0
github.com/yihuang/go-abi/stdlib_uint256.abi.go:7799.60,7801.3 1 0
github.com/yihuang/go-abi/stdlib_uint256.abi.go:7802.2,7802.16 1 0
github.com/yihuang/go-abi/stdlib_uint256.abi.go:7806.66,7807.19 1 0
github.com/yihuang/go-abi/stdlib_uint256.abi.go:7807.19,7809.3 1 0
github.com/yihuang/go-abi/stdlib_uint256.abi.go:7810.2,7810.60 1 0
github.com/yihuang/go-abi/stdlib_uint256.abi.go:7810.60,7812.3 1 0
github.com/yihuang/go-abi/stdlib_uint256.abi.go:7813.2,7813.16 1 0
github.com/yihuang/go-abi/stdlib_uint256.abi.go:7817.66,7818.19 1 0
github.com/yihuang/go-abi/stdlib_uint256.abi.go:7818.19,7820.3 1 0
github.com/yihuang/go-abi/stdlib_uint256.abi.go:7821.2,7821.60 1 0
github.com/yihuang/go-abi/stdlib_uint256.abi.go:7821.60,7823.3 1 0
github.com/yihuang/go-abi/stdlib_uint256.abi.go:7824.2,7824.16 1 0
github.com/yihuang/go-abi/stdlib_uint256.abi.go:7828.66,7829.19 1 0
github.com/yihuang/go-abi/stdlib_uint256.abi.go:7829.19,7831.3 1 0
github.com/yihuang/go-abi/stdlib_uint256.abi.go:7832.2,7832.60 1 0
github.com/yihuang/go-abi/stdlib_uint256.abi.go:7832.60,7834.3 1 0
github.com/yihuang/go-abi/stdlib_uint256.abi.go:7835.2,7835.16 1 0
github.com/yihuang/go-abi/stdlib_uint256.abi.go:7839.66,7840.19 1 0
github.com/yihuang/go-abi/stdlib_uint256.abi.go:7840.19,7842.3 1 0
github.com/yihuang/go-abi/stdlib_uint256.abi.go:7843.2,7843.60 1 0
github.com/yihuang/go-abi/stdlib_uint256.abi.go:7843.60,7845.3 1 0
github.com/yihuang/go-abi/stdlib_uint256.abi.go:7846.2,7846.16 1 0
github.com/yihuang/go-abi/stdlib_uint256.abi.go:7850.66,7851.19 1 0
github.com/yihuang/go-abi/stdlib_uint256.abi.go:7851.19,7853.3 1 0
github.com/yihuang/go-abi/stdlib_uint256.abi.go:7854.2,7854.60 1 0
github.com/yihuang/go-abi/stdlib_uint256.abi.go:7854.60,7856.3 1 0
github.com/yihuang/go-abi/stdlib_uint256.abi.go:7857.2,7857.16 1 0
github.com/yihuang/go-abi/stdlib_uint256.abi.go:7861.66,7862.19 1 0
github.com/yihuang/go-abi/stdlib_uint256.abi.go:7862.19,7864.3 1 0
github.com/yihuang/go-abi/stdlib_uint256.abi.go:7865.2,7865.60 1 0
github.com/yihuang/go-abi/stdlib_uint256.abi.go:7865.60,7867.3 1 0
github.com/yihuang/go-abi/stdlib_uint256.abi.go:7868.2,7868.16 1 0
github.com/yihuang/go-abi/stdlib_uint256.abi.go:7872.62,7873.18 1 0
github.com/yihuang/go-abi/stdlib_uint256.abi.go:7873.18,7875.3 1 0
github.com/yihuang/go-abi/stdlib_uint256.abi.go:7876.2,7879.15 4 0
github.com/yihuang/go-abi/stdlib_uint256.abi.go:7883.66,7884.19 1 0
github.com/yihuang/go-abi/stdlib_uint256.abi.go:7884.19,7886.3 1 0
github.com/yihuang/go-abi/stdlib_uint256.abi.go:7887.2,7887.60 1 0
github.com/yihuang/go-abi/stdlib_uint256.abi.go:7887.60,7889.3 1 0
github.com/yihuang/go-abi/stdlib_uint256.abi.go:7890.2,7890.16 1 0
github.com/yihuang/go-abi/stdlib_uint256.abi.go:7894.66,7895.19 1 0
github.com/yihuang/go-abi/stdlib_uint256.abi.go:7895.19,7897.3 1 0
github.com/yihuang/go-abi/stdlib_uint256.abi.go:7898.2,7898.60 1 0
github.com/yihuang/go-abi/stdlib_uint256.abi.go:7898.60,7900.3 1 0
github.com/yihuang/go-abi/stdlib_uint256.abi.go:7901.2,7901.16 1 0
github.com/yihuang/go-abi/stdlib_uint256.abi.go:7905.66,7906.19 1 0
github.com/yihuang/go-abi/stdlib_uint256.abi.go:7906.19,7908.3 1 0
github.com/yihuang/go-abi/stdlib_uint256.abi.go:7909.2,7909.60 1 0
github.com/yihuang/go-abi/stdlib_uint256.abi.go:7909.60,7911.3 1 0
github.com/yihuang/go-abi/stdlib_uint256.abi.go:7912.2,7912.16 1 0
github.com/yihuang/go-abi/stdlib_uint256.abi.go:7916.62,7917.18 1 0
github.com/yihuang/go-abi/stdlib_uint256.abi.go:7917.18,7919.3 1 0
github.com/yihuang/go-abi/stdlib_uint256.abi.go:7920.2,7921.15 2 0
github.com/yihuang/go-abi/stdlib_uint256.abi.go:7925.62,7926.18 1 0
github.com/yihuang/go-abi/stdlib_uint256.abi.go:7926.18,7928.3 1 0
github.com/yihuang/go-abi/stdlib_uint256.abi.go:7929.2,7934.15 6 0
github.com/yihuang/go-abi/stdlib_uint256.abi.go:7938.62,7939.18 1 0
github.com/yihuang/go-abi/stdlib_uint256.abi.go:7939.18,7941.3 1 0
github.com/yihuang/go-abi/stdlib_uint256.abi.go:7942.2,7948.15 7 0
github.com/yihuang/go-abi/stdlib_uint256.abi.go:7952.62,7953.18 1 0
github.com/yihuang/go-abi/stdlib_uint256.abi.go:7953.18,7955.3 1 0
github.com/yihuang/go-abi/stdlib_uint256.abi.go:7956.2,7963.15 8 0
github.com/yihuang/go-abi/stdlib_uint256.abi.go:7967.62,7968.18 1 0
github.com/yihuang/go-abi/stdlib_uint256.abi.go:7968.18,7970.3 1 0
github.com/yihuang/go-abi/stdlib_uint256.abi.go:7971.2,7972.15 2 0
github.com/yihuang/go-abi/stdlib_uint256.abi.go:7976.65,7977.18 1 0
github.com/yihuang/go-abi/stdlib_uint256.abi.go:7977.18,7979.3 1 0
github.com/yihuang/go-abi/stdlib_uint256.abi.go:7980.2,7980.59 1 0
github.com/yihuang/go-abi/stdlib_uint256.abi.go:7980.59,7982.3 1 0
github.com/yihuang/go-abi/stdlib_uint256.abi.go:7983.2,7983.15 1 0
github.com/yihuang/go-abi/stdlib_uint256.abi.go:7987.60,7988.18 1 0
github.com/yihuang/go-abi/stdlib_uint256.abi.go:7988.18,7990.3 1 0
github.com/yihuang/go-abi/stdlib_uint256.abi.go:7991.2,7992.15 2 0
github.com/yihuang/go-abi/stdlib_uint256.abi.go:7996.65,7997.19 1 0
github.com/yihuang/go-abi/stdlib_uint256.abi.go:7997.19,7999.3 1 0
github.com/yihuang/go-abi/stdlib_uint256.abi.go:8000.2,8000.60 1 0
github.com/yihuang/go-abi/stdlib_uint256.abi.go:8000.60,8002.3 1 0
github.com/yihuang/go-abi/stdlib_uint256.abi.go:8003.2,8003.16 1 0
github.com/yihuang/go-abi/stdlib_uint256.abi.go:8007.65,8008.19 1 0
github.com/yihuang/go-abi/stdlib_uint256.abi.go:8008.19,8010.3 1 0
github.com/yihuang/go-abi/stdlib_uint256.abi.go:8011.2,8011.60 1 0
github.com/yihuang/go-abi/stdlib_uint256.abi.go:8011.60,8013.3 1 0
github.com/yihuang/go-abi/stdlib_uint256.abi.go:8014.2,8014.16 1 0
github.com/yihuang/go-abi/stdlib_uint256.abi.go:8018.65,8019.19 1 0
github.com/yihuang/go-abi/stdlib_uint256.abi.go:8019.19,8021.3 1 0
github.com/yihuang/go-abi/stdlib_uint256.abi.go:8022.2,8022.60 1 0
github.com/yihuang/go-abi/stdlib_uint256.abi.go:8022.60,8024.3 1 0
github.com/yihuang/go-abi/stdlib_uint256.abi.go:8025.2,8025.16 1 0
github.com/yihuang/go-abi/stdlib_uint256.abi.go:8029.71,8030.19 1 0
github.com/yihuang/go-abi/stdlib_uint256.abi.go:8030.19,8032.3 1 0
github.com/yihuang/go-abi/stdlib_uint256.abi.go:8033.2,8036.16 4 0
github.com/yihuang/go-abi/stdlib_uint256.abi.go:8040.71,8041.19 1 0
github.com/yihuang/go-abi/stdlib_uint256.abi.go:8041.19,8043.3 1 0
github.com/yihuang/go-abi/stdlib_uint256.abi.go:8044.2,8047.16 4 0
github.com/yihuang/go-abi/stdlib_uint256.abi.go:8051.71,8052.19 1 0
github.com/yihuang/go-abi/stdlib_uint256.abi.go:8052.19,8054.3 1 0
github.com/yihuang/go-abi/stdlib_uint256.abi.go:8055.2,8058.16 4 0
github.com/yihuang/go-abi/stdlib_uint256.abi.go:8062.71,8063.19 1 0
github.com/yihuang/go-abi/stdlib_uint256.abi.go:8063.19,8065.3 1 0
github.com/yihuang/go-abi/stdlib_uint256.abi.go:8066.2,8069.16 4 0
github.com/yihuang/go-abi/stdlib_uint256.abi.go:8073.71,8074.19 1 0
github.com/yihuang/go-abi/stdlib_uint256.abi.go:8074.19,8076.3 1 0
github.com/yihuang/go-abi/stdlib_uint256.abi.go:8077.2,8080.16 4 0
github.com/yihuang/go-abi/stdlib_uint256.abi.go:8084.71,8085.19 1 0
github.com/yihuang/go-abi/stdlib_uint256.abi.go:8085.19,8087.3 1 0
github.com/yihuang/go-abi/stdlib_uint256.abi.go:8088.2,8091.16 4 0
github.com/yihuang/go-abi/stdlib_uint256.abi.go:8095.71,8096.19 1 0
github.com/yihuang/go-abi/stdlib_uint256.abi.go:8096.19,8098.3 1 0
github.com/yihuang/go-abi/stdlib_uint256.abi.go:8099.2,8102.16 4 0
github.com/yihuang/go-abi/stdlib_uint256.abi.go:8106.64,8107.18 1 0
github.com/yihuang/go-abi/stdlib_uint256.abi.go:8107.18,8109.3 1 0
github.com/yihuang/go-abi/stdlib_uint256.abi.go:8110.2,8111.15 2 0
github.com/yihuang/go-abi/stdlib_uint256.abi.go:8115.71,8116.19 1 0
github.com/yihuang/go-abi/stdlib_uint256.abi.go:8116.19,8118.3 1 0
github.com/yihuang/go-abi/stdlib_uint256.abi.go:8119.2,8122.16 4 0
github.com/yihuang/go-abi/stdlib_uint256.abi.go:8126.71,8127.19 1 0
github.com/yihuang/go-abi/stdlib_uint256.abi.go:8127.19,8129.3 1 0
github.com/yihuang/go-abi/stdlib_uint256.abi.go:8130.2,8133.16 4 0
github.com/yihuang/go-abi/stdlib_uint256.abi.go:8137.71,8138.19 1 0
github.com/yihuang/go-abi/stdlib_uint256.abi.go:8138.19,8140.3 1 0
github.com/yihuang/go-abi/stdlib_uint256.abi.go:8141.2,8144.16 4 0
github.com/yihuang/go-abi/stdlib_uint256.abi.go:8148.71,8149.19 1 0
github.com/yihuang/go-abi/stdlib_uint256.abi.go:8149.19,8151.3 1 0
github.com/yihuang/go-abi/stdlib_uint256.abi.go:8152.2,8155.16 4 0
github.com/yihuang/go-abi/stdlib_uint256.abi.go:8159.71,8160.19 1 0
github.com/yihuang/go-abi/stdlib_uint256.abi.go:8160.19,8162.3 1 0
github.com/yihuang/go-abi/stdlib_uint256.abi.go:8163.2,8166.16 4 0
github.com/yihuang/go-abi/stdlib_uint256.abi.go:8170.71,8171.19 1 0
github.com/yihuang/go-abi/stdlib_uint256.abi.go:8171.19,8173.3 1 0
github.com/yihuang/go-abi/stdlib_uint256.abi.go:8174.2,8177.16 4 0
github.com/yihuang/go-abi/stdlib_uint256.abi.go:8181.71,8182.19 1 0
github.com/yihuang/go-abi/stdlib_uint256.abi.go:8182.19,8184.3 1 0
github.com/yihuang/go-abi/stdlib_uint256.abi.go:8185.2,8188.16 4 0
github.com/yihuang/go-abi/stdlib_uint256.abi.go:8192.71,8193.19 1 0
github.com/yihuang/go-abi/stdlib_uint256.abi.go:8193.19,8195.3 1 0
github.com/yihuang/go-abi/stdlib_uint256.abi.go:8196.2,8199.16 4 0
github.com/yihuang/go-abi/stdlib_uint256.abi.go:8203.71,8204.19 1 0
github.com/yihuang/go-abi/stdlib_uint256.abi.go:8204.19,8206.3 1 0
github.com/yihuang/go-abi/stdlib_uint256.abi.go:8207.2,8210.16 4 0
github.com/yihuang/go-abi/stdlib_uint256.abi.go:8214.71,8215.19 1 0
github.com/yihuang/go-abi/stdlib_uint256.abi.go:8215.19,8217.3 1 0
github.com/yihuang/go-abi/stdlib_uint256.abi.go:8218.2,8221.16 4 0
github.com/yihuang/go-abi/stdlib_uint256.abi.go:8225.64,8226.18 1 0
github.com/yihuang/go-abi/stdlib_uint256.abi.go:8226.18,8228.3 1 0
github.com/yihuang/go-abi/stdlib_uint256.abi.go:8229.2,8232.15 4 0
github.com/yihuang/go-abi/stdlib_uint256.abi.go:8236.71,8237.19 1 0
github.com/yihuang/go-abi/stdlib_uint256.abi.go:8237.19,8239.3 1 0
github.com/yihuang/go-abi/stdlib_uint256.abi.go:8240.2,8243.16 4 0
github.com/yihuang/go-abi/stdlib_uint256.abi.go:8247.71,8248.19 1 0
github.com/yihuang/go-abi/stdlib_uint256.abi.go:8248.19,8250.3 1 0
github.com/yihuang/go-abi/stdlib_uint256.abi.go:8251.2,8254.16 4 0
github.com/yihuang/go-abi/stdlib_uint256.abi.go:8258.71,8259.19 1 0
github.com/yihuang/go-abi/stdlib_uint256.abi.go:8259.19,8261.3 1 0
github.com/yihuang/go-abi/stdlib_uint256.abi.go:8262.2,8263.16 2 0
github.com/yihuang/go-abi/stdlib_uint256.abi.go:8267.64,8268.18 1 0
github.com/yihuang/go-abi/stdlib_uint256.abi.go:8268.18,8270.3 1 0
github.com/yihuang/go-abi/stdlib_uint256.abi.go:8271.2,8272.15 2 0
github.com/yihuang/go-abi/stdlib_uint256.abi.go:8276.64,8277.18 1 0
github.com/yihuang/go-abi/stdlib_uint256.abi.go:8277.18,8279.3 1 0
github.com/yihuang/go-abi/stdlib_uint256.abi.go:8280.2,8285.15 6 0
github.com/yihuang/go-abi/stdlib_uint256.abi.go:8289.64,8290.18 1 0
github.com/yihuang/go-abi/stdlib_uint256.abi.go:8290.18,8292.3 1 0
github.com/yihuang/go-abi/stdlib_uint256.abi.go:8293.2,8299.15 7 0
github.com/yihuang/go-abi/stdlib_uint256.abi.go:8303.64,8304.18 1 0
github.com/yihuang/go-abi/stdlib_uint256.abi.go:8304.18,8306.3 1 0
github.com/yihuang/go-abi/stdlib_uint256.abi.go:8307.2,8314.15 8 0
github.com/yihuang/go-abi/stdlib_uint256.abi.go:8318.64,8319.18 1 0
github.com/yihuang/go-abi/stdlib_uint256.abi.go:8319.18,8321.3 1 0
github.com/yihuang/go-abi/stdlib_uint256.abi.go:8322.2,8323.15 2 0
github.com/yihuang/go-abi/stdlib_uint256.abi.go:8327.70,8328.18 1 0
github.com/yihuang/go-abi/stdlib_uint256.abi.go:8328.18,8330.3 1 0
github.com/yihuang/go-abi/stdlib_uint256.abi.go:8331.2,8334.15 4 0
github.com/yihuang/go-abi/stdlib_uint256.abi.go:8338.62,8339.18 1 0
github.com/yihuang/go-abi/stdlib_uint256.abi.go:8339.18,8341.3 1 0
github.com/yihuang/go-abi/stdlib_uint256.abi.go:8342.2,8343.15 2 0
github.com/yihuang/go-abi/stdlib_uint256.abi.go:8347.70,8348.19 1 0
github.com/yihuang/go-abi/stdlib_uint256.abi.go:8348.19,8350.3 1 0
github.com/yihuang/go-abi/stdlib_uint256.abi.go:8351.2,8354.16 4 0
github.com/yihuang/go-abi/stdlib_uint256.abi.go:8358.70,8359.19 1 0
github.com/yihuang/go-abi/stdlib_uint256.abi.go:8359.19,8361.3 1 0
github.com/yihuang/go-abi/stdlib_uint256.abi.go:8362.2,8365.16 4 0
github.com/yihuang/go-abi/stdlib_uint256.abi.go:8369.70,8370.19 1 0
github.com/yihuang/go-abi/stdlib_uint256.abi.go:8370.19,8372.3 1 0
github.com/yihuang/go-abi/stdlib_uint256.abi.go:8373.2,8376.16 4 0
github.com/yihuang/go-abi/stdlib_uint256.abi.go:8380.68,8381.20 1 0
github.com/yihuang/go-abi/stdlib_uint256.abi.go:8381.20,8383.3 1 0
github.com/yihuang/go-abi/stdlib_uint256.abi.go:8384.2,8386.24 3 0
github.com/yihuang/go-abi/stdlib_uint256.abi.go:8390.55,8391.17 1 0
github.com/yihuang/go-abi/stdlib_uint256.abi.go:8392.12,8393.23 1 0
github.com/yihuang/go-abi/stdlib_uint256.abi.go:8394.12,8395.22 1 0
github.com/yihuang/go-abi/stdlib_uint256.abi.go:8396.10,8397.35 1 0
github.com/yihuang/go-abi/stdlib_uint256.abi.go:8402.60,8403.19 1 0
github.com/yihuang/go-abi/stdlib_uint256.abi.go:8403.19,8405.3 1 0
github.com/yihuang/go-abi/stdlib_uint256.abi.go:8406.2,8408.23 3 0
github.com/yihuang/go-abi/stdlib_uint256.abi.go:8412.62,8413.20 1 0
github.com/yihuang/go-abi/stdlib_uint256.abi.go:8413.20,8415.3 1 0
github.com/yihuang/go-abi/stdlib_uint256.abi.go:8416.2,8418.24 3 0
github.com/yihuang/go-abi/stdlib_uint256.abi.go:8422.62,8423.20 1 0
github.com/yihuang/go-abi/stdlib_uint256.abi.go:8423.20,8425.3 1 0
github.com/yihuang/go-abi/stdlib_uint256.abi.go:8426.2,8428.24 3 0
github.com/yihuang/go-abi/stdlib_uint256.abi.go:8432.62,8433.20 1 0
github.com/yihuang/go-abi/stdlib_uint256.abi.go:8433.20,8435.3 1 0
github.com/yihuang/go-abi/stdlib_uint256.abi.go:8436.2,8438.24 3 0
github.com/yihuang/go-abi/stdlib_uint256.abi.go:8442.62,8443.20 1 0
github.com/yihuang/go-abi/stdlib_uint256.abi.go:8443.20,8445.3 1 0
github.com/yihuang/go-abi/stdlib_uint256.abi.go:8446.2,8448.24 3 0
github.com/yihuang/go-abi/stdlib_uint256.abi.go:8452.62,8453.20 1 0
github.com/yihuang/go-abi/stdlib_uint256.abi.go:8453.20,8455.3 1 0
github.com/yihuang/go-abi/stdlib_uint256.abi.go:8456.2,8458.24 3 0
github.com/yihuang/go-abi/stdlib_uint256.abi.go:8462.62,8463.20 1 0
github.com/yihuang/go-abi/stdlib_uint256.abi.go:8463.20,8465.3 1 0
github.com/yihuang/go-abi/stdlib_uint256.abi.go:8466.2,8468.24 3 0
github.com/yihuang/go-abi/stdlib_uint256.abi.go:8472.62,8473.20 1 0
github.com/yihuang/go-abi/stdlib_uint256.abi.go:8473.20,8475.3 1 0
github.com/yihuang/go-abi/stdlib_uint256.abi.go:8476.2,8478.24 3 0
github.com/yihuang/go-abi/stdlib_uint256.abi.go:8482.62,8483.20 1 0
github.com/yihuang/go-abi/stdlib_uint256.abi.go:8483.20,8485.3 1 0
github.com/yihuang/go-abi/stdlib_uint256.abi.go:8486.2,8488.24 3 0
github.com/yihuang/go-abi/stdlib_uint256.abi.go:8492.62,8493.20 1 0
github.com/yihuang/go-abi/stdlib_uint256.abi.go:8493.20,8495.3 1 0
github.com/yihuang/go-abi/stdlib_uint256.abi.go:8496.2,8498.24 3 0
github.com/yihuang/go-abi/stdlib_uint256.abi.go:8502.62,8503.20 1 0
github.com/yihuang/go-abi/stdlib_uint256.abi.go:8503.20,8505.3 1 0
github.com/yihuang/go-abi/stdlib_uint256.abi.go:8506.2,8508.24 3 0
github.com/yihuang/go-abi/stdlib_uint256.abi.go:8512.60,8513.19 1 0
github.com/yihuang/go-abi/stdlib_uint256.abi.go:8513.19,8515.3 1 0
github.com/yihuang/go-abi/stdlib_uint256.abi.go:8516.2,8518.23 3 0
github.com/yihuang/go-abi/stdlib_uint256.abi.go:8522.62,8523.20 1 0
github.com/yihuang/go-abi/stdlib_uint256.abi.go:8523.20,8525.3 1 0
github.com/yihuang/go-abi/stdlib_uint256.abi.go:8526.2,8528.24 3 0
github.com/yihuang/go-abi/stdlib_uint256.abi.go:8532.62,8533.20 1 0
github.com/yihuang/go-abi/stdlib_uint256.abi.go:8533.20,8535.3 1 0
github.com/yihuang/go-abi/stdlib_uint256.abi.go:8536.2,8538.24 3 0
github.com/yihuang/go-abi/stdlib_uint256.abi.go:8542.62,8543.20 1 0
github.com/yihuang/go-abi/stdlib_uint256.abi.go:8543.20,8545.3 1 0
github.com/yihuang/go-abi/stdlib_uint256.abi.go:8546.2,8548.24 3 0
github.com/yihuang/go-abi/stdlib_uint256.abi.go:8552.62,8553.20 1 0
github.com/yihuang/go-abi/stdlib_uint256.abi.go:8553.20,8555.3 1 0
github.com/yihuang/go-abi/stdlib_uint256.abi.go:8556.2,8558.24 3 0
github.com/yihuang/go-abi/stdlib_uint256.abi.go:8562.62,8563.20 1 0
github.com/yihuang/go-abi/stdlib_uint256.abi.go:8563.20,8565.3 1 0
github.com/yihuang/go-abi/stdlib_uint256.abi.go:8566.2,8568.24 3 0
github.com/yihuang/go-abi/stdlib_uint256.abi.go:8572.62,8573.20 1 0
github.com/yihuang/go-abi/stdlib_uint256.abi.go:8573.20,8575.3 1 0
github.com/yihuang/go-abi/stdlib_uint256.abi.go:8576.2,8578.24 3 0
github.com/yihuang/go-abi/stdlib_uint256.abi.go:8582.62,8583.20 1 0
github.com/yihuang/go-abi/stdlib_uint256.abi.go:8583.20,8585.3 1 0
github.com/yihuang/go-abi/stdlib_uint256.abi.go:8586.2,8588.24 3 0
github.com/yihuang/go-abi/stdlib_uint256.abi.go:8592.62,8593.20 1 0
github.com/yihuang/go-abi/stdlib_uint256.abi.go:8593.20,8595.3 1 0
github.com/yihuang/go-abi/stdlib_uint256.abi.go:8596.2,8598.24 3 0
github.com/yihuang/go-abi/stdlib_uint256.abi.go:8602.62,8603.20 1 0
github.com/yihuang/go-abi/stdlib_uint256.abi.go:8603.20,8605.3 1 0
github.com/yihuang/go-abi/stdlib_uint256.abi.go:8606.2,8608.24 3 0
github.com/yihuang/go-abi/stdlib_uint256.abi.go:8612.62,8613.20 1 0
github.com/yihuang/go-abi/stdlib_uint256.abi.go:8613.20,8615.3 1 0
github.com/yihuang/go-abi/stdlib_uint256.abi.go:8616.2,8618.24 3 0
github.com/yihuang/go-abi/stdlib_uint256.abi.go:8622.60,8623.19 1 0
github.com/yihuang/go-abi/stdlib_uint256.abi.go:8623.19,8625.3 1 0
github.com/yihuang/go-abi/stdlib_uint256.abi.go:8626.2,8628.23 3 0
github.com/yihuang/go-abi/stdlib_uint256.abi.go:8632.62,8633.20 1 0
github.com/yihuang/go-abi/stdlib_uint256.abi.go:8633.20,8635.3 1 0
github.com/yihuang/go-abi/stdlib_uint256.abi.go:8636.2,8638.24 3 0
github.com/yihuang/go-abi/stdlib_uint256.abi.go:8642.62,8643.20 1 0
github.com/yihuang/go-abi/stdlib_uint256.abi.go:8643.20,8645.3 1 0
github.com/yihuang/go-abi/stdlib_uint256.abi.go:8646.2,8648.24 3 0
github.com/yihuang/go-abi/stdlib_uint256.abi.go:8652.62,8653.20 1 0
github.com/yihuang/go-abi/stdlib_uint256.abi.go:8653.20,8655.3 1 0
github.com/yihuang/go-abi/stdlib_uint256.abi.go:8656.2,8658.24 3 0
github.com/yihuang/go-abi/stdlib_uint256.abi.go:8662.60,8663.19 1 0
github.com/yihuang/go-abi/stdlib_uint256.abi.go:8663.19,8665.3 1 0
github.com/yihuang/go-abi/stdlib_uint256.abi.go:8666.2,8668.23 3 0
github.com/yihuang/go-abi/stdlib_uint256.abi.go:8672.60,8673.19 1 0
github.com/yihuang/go-abi/stdlib_uint256.abi.go:8673.19,8675.3 1 0
github.com/yihuang/go-abi/stdlib_uint256.abi.go:8676.2,8678.23 3 0
github.com/yihuang/go-abi/stdlib_uint256.abi.go:8682.60,8683.19 1 0
github.com/yihuang/go-abi/stdlib_uint256.abi.go:8683.19,8685.3 1 0
github.com/yihuang/go-abi/stdlib_uint256.abi.go:8686.2,8688.23 3 0
github.com/yihuang/go-abi/stdlib_uint256.abi.go:8692.60,8693.19 1 0
github.com/yihuang/go-abi/stdlib_uint256.abi.go:8693.19,8695.3 1 0
github.com/yihuang/go-abi/stdlib_uint256.abi.go:8696.2,8698.23 3 0
github.com/yihuang/go-abi/stdlib_uint256.abi.go:8702.60,8703.19 1 0
github.com/yihuang/go-abi/stdlib_uint256.abi.go:8703.19,8705.3 1 0
github.com/yihuang/go-abi/stdlib_uint256.abi.go:8706.2,8708.23 3 0
github.com/yihuang/go-abi/stdlib_uint256.abi.go:8712.60,8713.19 1 0
github.com/yihuang/go-abi/stdlib_uint256.abi.go:8713.19,8715.3 1 0
github.com/yihuang/go-abi/stdlib_uint256.abi.go:8716.2,8718.23 3 0
github.com/yihuang/go-abi/stdlib_uint256.abi.go:8722.61,8723.20 1 0
github.com/yihuang/go-abi/stdlib_uint256.abi.go:8723.20,8725.3 1 0
github.com/yihuang/go-abi/stdlib_uint256.abi.go:8726.2,8727.16 2 0
github.com/yihuang/go-abi/stdlib_uint256.abi.go:8727.16,8729.3 1 0
github.com/yihuang/go-abi/stdlib_uint256.abi.go:8730.2,8730.24 1 0
github.com/yihuang/go-abi/stdlib_uint256.abi.go:8734.61,8735.20 1 0
github.com/yihuang/go-abi/stdlib_uint256.abi.go:8735.20,8737.3 1 0
github.com/yihuang/go-abi/stdlib_uint256.abi.go:8738.2,8739.16 2 0
github.com/yihuang/go-abi/stdlib_uint256.abi.go:8739.16,8741.3 1 0
github.com/yihuang/go-abi/stdlib_uint256.abi.go:8742.2,8742.24 1 0
github.com/yihuang/go-abi/stdlib_uint256.abi.go:8746.61,8747.20 1 0
github.com/yihuang/go-abi/stdlib_uint256.abi.go:8747.20,8749.3 1 0
github.com/yihuang/go-abi/stdlib_uint256.abi.go:8750.2,8751.16 2 0
github.com/yihuang/go-abi/stdlib_uint256.abi.go:8751.16,8753.3 1 0
github.com/yihuang/go-abi/stdlib_uint256.abi.go:8754.2,8754.24 1 0
github.com/yihuang/go-abi/stdlib_uint256.abi.go:8758.61,8759.20 1 0
github.com/yihuang/go-abi/stdlib_uint256.abi.go:8759.20,8761.3 1 0
github.com/yihuang/go-abi/stdlib_uint256.abi.go:8762.2,8763.16 2 0
github.com/yihuang/go-abi/stdlib_uint256.abi.go:8763.16,8765.3 1 0
github.com/yihuang/go-abi/stdlib_uint256.abi.go:8766.2,8766.24 1 0
github.com/yihuang/go-abi/stdlib_uint256.abi.go:8770.61,8771.20 1 0
github.com/yihuang/go-abi/stdlib_uint256.abi.go:8771.20,8773.3 1 0
github.com/yihuang/go-abi/stdlib_uint256.abi.go:8774.2,8775.16 2 0
github.com/yihuang/go-abi/stdlib_uint256.abi.go:8775.16,8777.3 1 0
github.com/yihuang/go-abi/stdlib_uint256.abi.go:8778.2,8778.24 1 0
github.com/yihuang/go-abi/stdlib_uint256.abi.go:8782.61,8783.20 1 0
github.com/yihuang/go-abi/stdlib_uint256.abi.go:8783.20,8785.3 1 0
github.com/yihuang/go-abi/stdlib_uint256.abi.go:8786.2,8787.16 2 0
github.com/yihuang/go-abi/stdlib_uint256.abi.go:8787.16,8789.3 1 0
github.com/yihuang/go-abi/stdlib_uint256.abi.go:8790.2,8790.24 1 0
github.com/yihuang/go-abi/stdlib_uint256.abi.go:8794.61,8795.20 1 0
github.com/yihuang/go-abi/stdlib_uint256.abi.go:8795.20,8797.3 1 0
github.com/yihuang/go-abi/stdlib_uint256.abi.go:8798.2,8799.16 2 0
github.com/yihuang/go-abi/stdlib_uint256.abi.go:8799.16,8801.3 1 0
github.com/yihuang/go-abi/stdlib_uint256.abi.go:8802.2,8802.24 1 0
github.com/yihuang/go-abi/stdlib_uint256.abi.go:8806.57,8807.19 1 0
github.com/yihuang/go-abi/stdlib_uint256.abi.go:8807.19,8809.3 1 0
github.com/yihuang/go-abi/stdlib_uint256.abi.go:8810.2,8810.57 1 0
github.com/yihuang/go-abi/stdlib_uint256.abi.go:8814.61,8815.20 1 0
github.com/yihuang/go-abi/stdlib_uint256.abi.go:8815.20,8817.3 1 0
github.com/yihuang/go-abi/stdlib_uint256.abi.go:8818.2,8819.16 2 0
github.com/yihuang/go-abi/stdlib_uint256.abi.go:8819.16,8821.3 1 0
github.com/yihuang/go-abi/stdlib_uint256.abi.go:8822.2,8822.24 1 0
github.com/yihuang/go-abi/stdlib_uint256.abi.go:8826.61,8827.20 1 0
github.com/yihuang/go-abi/stdlib_uint256.abi.go:8827.20,8829.3 1 0
github.com/yihuang/go-abi/stdlib_uint256.abi.go:8830.2,8831.16 2 0
github.com/yihuang/go-abi/stdlib_uint256.abi.go:8831.16,8833.3 1 0
github.com/yihuang/go-abi/stdlib_uint256.abi.go:8834.2,8834.24 1 0
github.com/yihuang/go-abi/stdlib_uint256.abi.go:8838.61,8839.20 1 0
github.com/yihuang/go-abi/stdlib_uint256.abi.go:8839.20,8841.3 1 0
github.com/yihuang/go-abi/stdlib_uint256.abi.go:8842.2,8843.16 2 0
github.com/yihuang/go-abi/stdlib_uint256.abi.go:8843.16,8845.3 1 0
github.com/yihuang/go-abi/stdlib_uint256.abi.go:8846.2,8846.24 1 0
github.com/yihuang/go-abi/stdlib_uint256.abi.go:8850.61,8851.20 1 0
github.com/yihuang/go-abi/stdlib_uint256.abi.go:8851.20,8853.3 1 0
github.com/yihuang/go-abi/stdlib_uint256.abi.go:8854.2,8855.16 2 0
github.com/yihuang/go-abi/stdlib_uint256.abi.go:8855.16,8857.3 1 0
github.com/yihuang/go-abi/stdlib_uint256.abi.go:8858.2,8858.24 1 0
github.com/yihuang/go-abi/stdlib_uint256.abi.go:8862.61,8863.20 1 0
github.com/yihuang/go-abi/stdlib_uint256.abi.go:8863.20,8865.3 1 0
github.com/yihuang/go-abi/stdlib_uint256.abi.go:8866.2,8867.16 2 0
github.com/yihuang/go-abi/stdlib_uint256.abi.go:8867.16,8869.3 1 0
github.com/yihuang/go-abi/stdlib_uint256.abi.go:8870.2,8870.24 1 0
github.com/yihuang/go-abi/stdlib_uint256.abi.go:8874.61,8875.20 1 0
github.com/yihuang/go-abi/stdlib_uint256.abi.go:8875.20,8877.3 1 0
github.com/yihuang/go-abi/stdlib_uint256.abi.go:8878.2,8879.16 2 0
github.com/yihuang/go-abi/stdlib_uint256.abi.go:8879.16,8881.3 1 0
github.com/yihuang/go-abi/stdlib_uint256.abi.go:8882.2,8882.24 1 0
github.com/yihuang/go-abi/stdlib_uint256.abi.go:8886.61,8887.20 1 0
github.com/yihuang/go-abi/stdlib_uint256.abi.go:8887.20,8889.3 1 0
github.com/yihuang/go-abi/stdlib_uint256.abi.go:8890.2,8891.16 2 0
github.com/yihuang/go-abi/stdlib_uint256.abi.go:8891.16,8893.3 1 0
github.com/yihuang/go-abi/stdlib_uint256.abi.go:8894.2,8894.24 1 0
github.com/yihuang/go-abi/stdlib_uint256.abi.go:8898.61,8899.20 1 0
github.com/yihuang/go-abi/stdlib_uint256.abi.go:8899.20,8901.3 1 0
github.com/yihuang/go-abi/stdlib_uint256.abi.go:8902.2,8903.16 2 0
github.com/yihuang/go-abi/stdlib_uint256.abi.go:8903.16,8905.3 1 0
github.com/yihuang/go-abi/stdlib_uint256.abi.go:8906.2,8906.24 1 0
github.com/yihuang/go-abi/stdlib_uint256.abi.go:8910.61,8911.20 1 0
github.com/yihuang/go-abi/stdlib_uint256.abi.go:8911.20,8913.3 1 0
github.com/yihuang/go-abi/stdlib_uint256.abi.go:8914.2,8915.16 2 0
github.com/yihuang/go-abi/stdlib_uint256.abi.go:8915.16,8917.3 1 0
github.com/yihuang/go-abi/stdlib_uint256.abi.go:8918.2,8918.24 1 0
github.com/yihuang/go-abi/stdlib_uint256.abi.go:8922.61,8923.20 1 0
github.com/yihuang/go-abi/stdlib_uint256.abi.go:8923.20,8925.3 1 0
github.com/yihuang/go-abi/stdlib_uint256.abi.go:8926.2,8927.16 2 0
github.com/yihuang/go-abi/stdlib_uint256.abi.go:8927.16,8929.3 1 0
github.com/yihuang/go-abi/stdlib_uint256.abi.go:8930.2,8930.24 1 0
github.com/yihuang/go-abi/stdlib_uint256.abi.go:8934.57,8935.19 1 0
github.com/yihuang/go-abi/stdlib_uint256.abi.go:8935.19,8937.3 1 0
github.com/yihuang/go-abi/stdlib_uint256.abi.go:8938.2,8939.23 2 0
github.com/yihuang/go-abi/stdlib_uint256.abi.go:8939.23,8941.3 1 0
github.com/yihuang/go-abi/stdlib_uint256.abi.go:8942.2,8942.18 1 0
github.com/yihuang/go-abi/stdlib_uint256.abi.go:8946.61,8947.20 1 0
github.com/yihuang/go-abi/stdlib_uint256.abi.go:8947.20,8949.3 1 0
github.com/yihuang/go-abi/stdlib_uint256.abi.go:8950.2,8951.16 2 0
github.com/yihuang/go-abi/stdlib_uint256.abi.go:8951.16,8953.3 1 0
github.com/yihuang/go-abi/stdlib_uint256.abi.go:8954.2,8954.24 1 0
github.com/yihuang/go-abi/stdlib_uint256.abi.go:8958.61,8959.20 1 0
github.com/yihuang/go-abi/stdlib_uint256.abi.go:8959.20,8961.3 1 0
github.com/yihuang/go-abi/stdlib_uint256.abi.go:8962.2,8963.16 2 0
github.com/yihuang/go-abi/stdlib_uint256.abi.go:8963.16,8965.3 1 0
github.com/yihuang/go-abi/stdlib_uint256.abi.go:8966.2,8966.24 1 0
github.com/yihuang/go-abi/stdlib_uint256.abi.go:8970.61,8971.20 1 0
github.com/yihuang/go-abi/stdlib_uint256.abi.go:8971.20,8973.3 1 0
github.com/yihuang/go-abi/stdlib_uint256.abi.go:8974.2,8975.16 2 0
github.com/yihuang/go-abi/stdlib_uint256.abi.go:8975.16,8977.3 1 0
github.com/yihuang/go-abi/stdlib_uint256.abi.go:8978.2,8978.24 1 0
github.com/yihuang/go-abi/stdlib_uint256.abi.go:8982.57,8983.19 1 0
github.com/yihuang/go-abi/stdlib_uint256.abi.go:8983.19,8985.3 1 0
github.com/yihuang/go-abi/stdlib_uint256.abi.go:8986.2,8986.57 1 0
github.com/yihuang/go-abi/stdlib_uint256.abi.go:8990.57,8991.19 1 0
github.com/yihuang/go-abi/stdlib_uint256.abi.go:8991.19,8993.3 1 0
github.com/yihuang/go-abi/stdlib_uint256.abi.go:8994.2,8995.23 2 0
github.com/yihuang/go-abi/stdlib_uint256.abi.go:8995.23,8997.3 1 0
github.com/yihuang/go-abi/stdlib_uint256.abi.go:8998.2,8998.18 1 0
github.com/yihuang/go-abi/stdlib_uint256.abi.go:9002.57,9003.19 1 0
github.com/yihuang/go-abi/stdlib_uint256.abi.go:9003.19,9005.3 1 0
github.com/yihuang/go-abi/stdlib_uint256.abi.go:9006.2,9007.23 2 0
github.com/yihuang/go-abi/stdlib_uint256.abi.go:9007.23,9009.3 1 0
github.com/yihuang/go-abi/stdlib_uint256.abi.go:9010.2,9010.18 1 0
github.com/yihuang/go-abi/stdlib_uint256.abi.go:9014.57,9015.19 1 0
github.com/yihuang/go-abi/stdlib_uint256.abi.go:9015.19,9017.3 1 0
github.com/yihuang/go-abi/stdlib_uint256.abi.go:9018.2,9019.23 2 0
github.com/yihuang/go-abi/stdlib_uint256.abi.go:9019.23,9021.3 1 0
github.com/yihuang/go-abi/stdlib_uint256.abi.go:9022.2,9022.18 1 0
github.com/yihuang/go-abi/stdlib_uint256.abi.go:9026.57,9027.19 1 0
github.com/yihuang/go-abi/stdlib_uint256.abi.go:9027.19,9029.3 1 0
github.com/yihuang/go-abi/stdlib_uint256.abi.go:9030.2,9030.57 1 0
github.com/yihuang/go-abi/stdlib_uint256.abi.go:9034.60,9035.19 1 0
github.com/yihuang/go-abi/stdlib_uint256.abi.go:9035.19,9037.3 1 0
github.com/yihuang/go-abi/stdlib_uint256.abi.go:9038.2,9039.16 2 0
github.com/yihuang/go-abi/stdlib_uint256.abi.go:9039.16,9041.3 1 0
github.com/yihuang/go-abi/stdlib_uint256.abi.go:9042.2,9042.23 1 0
github.com/yihuang/go-abi/stdlib_uint256.abi.go:9046.55,9047.19 1 0
github.com/yihuang/go-abi/stdlib_uint256.abi.go:9047.19,9049.3 1 0
github.com/yihuang/go-abi/stdlib_uint256.abi.go:9050.2,9050.30 1 0
github.com/yihuang/go-abi/stdlib_uint256.abi.go:9054.60,9055.20 1 0
github.com/yihuang/go-abi/stdlib_uint256.abi.go:9055.20,9057.3 1 0
github.com/yihuang/go-abi/stdlib_uint256.abi.go:9058.2,9059.16 2 0
github.com/yihuang/go-abi/stdlib_uint256.abi.go:9059.16,9061.3 1 0
github.com/yihuang/go-abi/stdlib_uint256.abi.go:9062.2,9062.24 1 0
github.com/yihuang/go-abi/stdlib_uint256.abi.go:9066.60,9067.20 1 0
github.com/yihuang/go-abi/stdlib_uint256.abi.go:9067.20,9069.3 1 0
github.com/yihuang/go-abi/stdlib_uint256.abi.go:9070.2,9071.16 2 0
github.com/yihuang/go-abi/stdlib_uint256.abi.go:9071.16,9073.3 1 0
github.com/yihuang/go-abi/stdlib_uint256.abi.go:9074.2,9074.24 1 0
github.com/yihuang/go-abi/stdlib_uint256.abi.go:9078.60,9079.20 1 0
github.com/yihuang/go-abi/stdlib_uint256.abi.go:9079.20,9081.3 1 0
github.com/yihuang/go-abi/stdlib_uint256.abi.go:9082.2,9083.16 2 0
github.com/yihuang/go-abi/stdlib_uint256.abi.go:9083.16,9085.3 1 0
github.com/yihuang/go-abi/stdlib_uint256.abi.go:9086.2,9086.24 1 0
github.com/yihuang/go-abi/stdlib_uint256.abi.go:9090.66,9091.20 1 0
github.com/yihuang/go-abi/stdlib_uint256.abi.go:9091.20,9093.3 1 0
github.com/yihuang/go-abi/stdlib_uint256.abi.go:9094.2,9096.24 3 0
github.com/yihuang/go-abi/stdlib_uint256.abi.go:9100.66,9101.20 1 0
github.com/yihuang/go-abi/stdlib_uint256.abi.go:9101.20,9103.3 1 0
github.com/yihuang/go-abi/stdlib_uint256.abi.go:9104.2,9106.24 3 0
github.com/yihuang/go-abi/stdlib_uint256.abi.go:9110.66,9111.20 1 0
github.com/yihuang/go-abi/stdlib_uint256.abi.go:9111.20,9113.3 1 0
github.com/yihuang/go-abi/stdlib_uint256.abi.go:9114.2,9116.24 3 0
github.com/yihuang/go-abi/stdlib_uint256.abi.go:9120.66,9121.20 1 0
github.com/yihuang/go-abi/stdlib_uint256.abi.go:9121.20,9123.3 1 0
github.com/yihuang/go-abi/stdlib_uint256.abi.go:9124.2,9126.24 3 0
github.com/yihuang/go-abi/stdlib_uint256.abi.go:9130.66,9131.20 1 0
github.com/yihuang/go-abi/stdlib_uint256.abi.go:9131.20,9133.3 1 0
github.com/yihuang/go-abi/stdlib_uint256.abi.go:9134.2,9136.24 3 0
github.com/yihuang/go-abi/stdlib_uint256.abi.go:9140.66,9141.20 1 0
github.com/yihuang/go-abi/stdlib_uint256.abi.go:9141.20,9143.3 1 0
github.com/yihuang/go-abi/stdlib_uint256.abi.go:9144.2,9146.24 3 0
github.com/yihuang/go-abi/stdlib_uint256.abi.go:9150.66,9151.20 1 0
github.com/yihuang/go-abi/stdlib_uint256.abi.go:9151.20,9153.3 1 0
github.com/yihuang/go-abi/stdlib_uint256.abi.go:9154.2,9156.24 3 0
github.com/yihuang/go-abi/stdlib_uint256.abi.go:9160.59,9161.19 1 0
github.com/yihuang/go-abi/stdlib_uint256.abi.go:9161.19,9163.3 1 0
github.com/yihuang/go-abi/stdlib_uint256.abi.go:9164.2,9164.50 1 0
github.com/yihuang/go-abi/stdlib_uint256.abi.go:9168.66,9169.20 1 0
github.com/yihuang/go-abi/stdlib_uint256.abi.go:9169.20,9171.3 1 0
github.com/yihuang/go-abi/stdlib_uint256.abi.go:9172.2,9174.24 3 0
github.com/yihuang/go-abi/stdlib_uint256.abi.go:9178.66,9179.20 1 0
github.com/yihuang/go-abi/stdlib_uint256.abi.go:9179.20,9181.3 1 0
github.com/yihuang/go-abi/stdlib_uint256.abi.go:9182.2,9184.24 3 0
github.com/yihuang/go-abi/stdlib_uint256.abi.go:9188.66,9189.20 1 0
github.com/yihuang/go-abi/stdlib_uint256.abi.go:9189.20,9191.3 1 0
github.com/yihuang/go-abi/stdlib_uint256.abi.go:9192.2,9194.24 3 0
github.com/yihuang/go-abi/stdlib_uint256.abi.go:9198.66,9199.20 1 0
github.com/yihuang/go-abi/stdlib_uint256.abi.go:9199.20,9201.3 1 0
github.com/yihuang/go-abi/stdlib_uint256.abi.go:9202.2,9204.24 3 0
github.com/yihuang/go-abi/stdlib_uint256.abi.go:9208.66,9209.20 1 0
github.com/yihuang/go-abi/stdlib_uint256.abi.go:9209.20,9211.3 1 0
github.com/yihuang/go-abi/stdlib_uint256.abi.go:9212.2,9214.24 3 0
github.com/yihuang/go-abi/stdlib_uint256.abi.go:9218.66,9219.20 1 0
github.com/yihuang/go-abi/stdlib_uint256.abi.go:9219.20,9221.3 1 0
github.com/yihuang/go-abi/stdlib_uint256.abi.go:9222.2,9224.24 3 0
github.com/yihuang/go-abi/stdlib_uint256.abi.go:9228.66,9229.20 1 0
github.com/yihuang/go-abi/stdlib_uint256.abi.go:9229.20,9231.3 1 0
github.com/yihuang/go-abi/stdlib_uint256.abi.go:9232.2,9234.24 3 0
github.com/yihuang/go-abi/stdlib_uint256.abi.go:9238.66,9239.20 1 0
github.com/yihuang/go-abi/stdlib_uint256.abi.go:9239.20,9241.3 1 0
github.com/yihuang/go-abi/stdlib_uint256.abi.go:9242.2,9244.24 3 0
github.com/yihuang/go-abi/stdlib_uint256.abi.go:9248.66,9249.20 1 0
github.com/yihuang/go-abi/stdlib_uint256.abi.go:9249.20,9251.3 1 0
github.com/yihuang/go-abi/stdlib_uint256.abi.go:9252.2,9254.24 3 0
github.com/yihuang/go-abi/stdlib_uint256.abi.go:9258.66,9259.20 1 0
github.com/yihuang/go-abi/stdlib_uint256.abi.go:9259.20,9261.3 1 0
github.com/yihuang/go-abi/stdlib_uint256.abi.go:9262.2,9264.24 3 0
github.com/yihuang/go-abi/stdlib_uint256.abi.go:9268.59,9269.19 1 0
github.com/yihuang/go-abi/stdlib_uint256.abi.go:9269.19,9271.3 1 0
github.com/yihuang/go-abi/stdlib_uint256.abi.go:9272.2,9272.75 1 0
github.com/yihuang/go-abi/stdlib_uint256.abi.go:9276.66,9277.20 1 0
github.com/yihuang/go-abi/stdlib_uint256.abi.go:9277.20,9279.3 1 0
github.com/yihuang/go-abi/stdlib_uint256.abi.go:9280.2,9282.24 3 0
github.com/yihuang/go-abi/stdlib_uint256.abi.go:9286.66,9287.20 1 0
github.com/yihuang/go-abi/stdlib_uint256.abi.go:9287.20,9289.3 1 0
github.com/yihuang/go-abi/stdlib_uint256.abi.go:9290.2,9292.24 3 0
github.com/yihuang/go-abi/stdlib_uint256.abi.go:9296.66,9297.20 1 0
github.com/yihuang/go-abi/stdlib_uint256.abi.go:9297.20,9299.3 1 0
github.com/yihuang/go-abi/stdlib_uint256.abi.go:9300.2,9302.24 3 0
github.com/yihuang/go-abi/stdlib_uint256.abi.go:9306.59,9307.19 1 0
github.com/yihuang/go-abi/stdlib_uint256.abi.go:9307.19,9309.3 1 0
github.com/yihuang/go-abi/stdlib_uint256.abi.go:9310.2,9310.50 1 0
github.com/yihuang/go-abi/stdlib_uint256.abi.go:9314.59,9315.19 1 0
github.com/yihuang/go-abi/stdlib_uint256.abi.go:9315.19,9317.3 1 0
github.com/yihuang/go-abi/stdlib_uint256.abi.go:9318.2,9318.119 1 0
github.com/yihuang/go-abi/stdlib_uint256.abi.go:9322.59,9323.19 1 0
github.com/yihuang/go-abi/stdlib_uint256.abi.go:9323.19,9325.3 1 0
github.com/yihuang/go-abi/stdlib_uint256.abi.go:9326.2,9326.141 1 0
github.com/yihuang/go-abi/stdlib_uint256.abi.go:9330.59,9331.19 1 0
github.com/yihuang/go-abi/stdlib_uint256.abi.go:9331.19,9333.3 1 0
github.com/yihuang/go-abi/stdlib_uint256.abi.go:9334.2,9334.163 1 0
github.com/yihuang/go-abi/stdlib_uint256.abi.go:9338.59,9339.19 1 0
github.com/yihuang/go-abi/stdlib_uint256.abi.go:9339.19,9341.3 1 0
github.com/yihuang/go-abi/stdlib_uint256.abi.go:9342.2,9342.50 1 0
github.com/yihuang/go-abi/stdlib_uint256.abi.go:9346.65,9347.19 1 0
github.com/yihuang/go-abi/stdlib_uint256.abi.go:9347.19,9349.3 1 0
github.com/yihuang/go-abi/stdlib_uint256.abi.go:9350.2,9352.23 3 0
github.com/yihuang/go-abi/stdlib_uint256.abi.go:9356.57,9357.19 1 0
github.com/yihuang/go-abi/stdlib_uint256.abi.go:9357.19,9359.3 1 0
github.com/yihuang/go-abi/stdlib_uint256.abi.go:9360.2,9360.24 1 0
github.com/yihuang/go-abi/stdlib_uint256.abi.go:9364.65,9365.20 1 0
github.com/yihuang/go-abi/stdlib_uint256.abi.go:9365.20,9367.3 1 0
github.com/yihuang/go-abi/stdlib_uint256.abi.go:9368.2,9370.24 3 0
github.com/yihuang/go-abi/stdlib_uint256.abi.go:9374.65,9375.20 1 0
github.com/yihuang/go-abi/stdlib_uint256.abi.go:9375.20,9377.3 1 0
github.com/yihuang/go-abi/stdlib_uint256.abi.go:9378.2,9380.24 3 0
github.com/yihuang/go-abi/stdlib_uint256.abi.go:9384.65,9385.20 1 0
github.com/yihuang/go-abi/stdlib_uint256.abi.go:9385.20,9387.3 1 0
github.com/yihuang/go-abi/stdlib_uint256.abi.go:9388.2,9390.24 3 0
github.com/yihuang/go-abi/stdlib_uint256.abi.go:9414.38,9425.2 9 0
github.com/yihuang/go-abi/stdlib_uint256.abi.go:9428.58,9436.61 3 0
github.com/yihuang/go-abi/stdlib_uint256.abi.go:9436.61,9438.3 1 0
github.com/yihuang/go-abi/stdlib_uint256.abi.go:9441.2,9441.65 1 0
github.com/yihuang/go-abi/stdlib_uint256.abi.go:9441.65,9443.3 1 0
github.com/yihuang/go-abi/stdlib_uint256.abi.go:9446.2,9446.65 1 0
github.com/yihuang/go-abi/stdlib_uint256.abi.go:9446.65,9448.3 1 0
github.com/yihuang/go-abi/stdlib_uint256.abi.go:9452.2,9455.16 3 0
github.com/yihuang/go-abi/stdlib_uint256.abi.go:9455.16,9457.3 1 0
github.com/yihuang/go-abi/stdlib_uint256.abi.go:9458.2,9465.16 4 0
github.com/yihuang/go-abi/stdlib_uint256.abi.go:9465.16,9467.3 1 0
github.com/yihuang/go-abi/stdlib_uint256.abi.go:9468.2,9475.16 4 0
github.com/yihuang/go-abi/stdlib_uint256.abi.go:9475.16,9477.3 1 0
github.com/yihuang/go-abi/stdlib_uint256.abi.go:9478.2,9485.16 4 0
github.com/yihuang/go-abi/stdlib_uint256.abi.go:9485.16,9487.3 1 0
github.com/yihuang/go-abi/stdlib_uint256.abi.go:9488.2,9495.16 4 0
github.com/yihuang/go-abi/stdlib_uint256.abi.go:9495.16,9497.3 1 0
github.com/yihuang/go-abi/stdlib_uint256.abi.go:9498.2,9505.16 4 0
github.com/yihuang/go-abi/stdlib_uint256.abi.go:9505.16,9507.3 1 0
github.com/yihuang/go-abi/stdlib_uint256.abi.go:9508.2,9515.16 4 0
github.com/yihuang/go-abi/stdlib_uint256.abi.go:9515.16,9517.3 1 0
github.com/yihuang/go-abi/stdlib_uint256.abi.go:9518.2,9520.27 2 0
github.com/yihuang/go-abi/stdlib_uint256.abi.go:9524.49,9526.47 2 0
github.com/yihuang/go-abi/stdlib_uint256.abi.go:9526.47,9528.3 1 0
github.com/yihuang/go-abi/stdlib_uint256.abi.go:9529.2,9529.17 1 0
github.com/yihuang/go-abi/stdlib_uint256.abi.go:9533.54,9534.21 1 0
github.com/yihuang/go-abi/stdlib_uint256.abi.go:9534.21,9536.3 1 0
github.com/yihuang/go-abi/stdlib_uint256.abi.go:9537.2,9545.16 4 0
github.com/yihuang/go-abi/stdlib_uint256.abi.go:9545.16,9547.3 1 0
github.com/yihuang/go-abi/stdlib_uint256.abi.go:9549.2,9550.16 2 0
github.com/yihuang/go-abi/stdlib_uint256.abi.go:9550.16,9552.3 1 0
github.com/yihuang/go-abi/stdlib_uint256.abi.go:9554.2,9555.16 2 0
github.com/yihuang/go-abi/stdlib_uint256.abi.go:9555.16,9557.3 1 0
github.com/yihuang/go-abi/stdlib_uint256.abi.go:9559.2,9561.17 2 0
github.com/yihuang/go-abi/stdlib_uint256.abi.go:9561.17,9563.4 1 0
github.com/yihuang/go-abi/stdlib_uint256.abi.go:9564.3,9564.30 1 0
github.com/yihuang/go-abi/stdlib_uint256.abi.go:9564.30,9566.4 1 0
github.com/yihuang/go-abi/stdlib_uint256.abi.go:9567.3,9568.17 2 0
github.com/yihuang/go-abi/stdlib_uint256.abi.go:9568.17,9570.4 1 0
github.com/yihuang/go-abi/stdlib_uint256.abi.go:9571.3,9571.21 1 0
github.com/yihuang/go-abi/stdlib_uint256.abi.go:9574.2,9576.17 2 0
github.com/yihuang/go-abi/stdlib_uint256.abi.go:9576.17,9578.4 1 0
github.com/yihuang/go-abi/stdlib_uint256.abi.go:9579.3,9579.30 1 0
github.com/yihuang/go-abi/stdlib_uint256.abi.go:9579.30,9581.4 1 0
github.com/yihuang/go-abi/stdlib_uint256.abi.go:9582.3,9583.17 2 0
github.com/yihuang/go-abi/stdlib_uint256.abi.go:9583.17,9585.4 1 0
github.com/yihuang/go-abi/stdlib_uint256.abi.go:9586.3,9586.21 1 0
github.com/yihuang/go-abi/stdlib_uint256.abi.go:9589.2,9591.17 2 0
github.com/yihuang/go-abi/stdlib_uint256.abi.go:9591.17,9593.4 1 0
github.com/yihuang/go-abi/stdlib_uint256.abi.go:9594.3,9594.30 1 0
github.com/yihuang/go-abi/stdlib_uint256.abi.go:9594.30,9596.4 1 0
github.com/yihuang/go-abi/stdlib_uint256.abi.go:9597.3,9598.17 2 0
github.com/yihuang/go-abi/stdlib_uint256.abi.go:9598.17,9600.4 1 0
github.com/yihuang/go-abi/stdlib_uint256.abi.go:9601.3,9601.21 1 0
github.com/yihuang/go-abi/stdlib_uint256.abi.go:9604.2,9606.17 2 0
github.com/yihuang/go-abi/stdlib_uint256.abi.go:9606.17,9608.4 1 0
github.com/yihuang/go-abi/stdlib_uint256.abi.go:9609.3,9609.30 1 0
github.com/yihuang/go-abi/stdlib_uint256.abi.go:9609.30,9611.4 1 0
github.com/yihuang/go-abi/stdlib_uint256.abi.go:9612.3,9613.17 2 0
github.com/yihuang/go-abi/stdlib_uint256.abi.go:9613.17,9615.4 1 0
github.com/yihuang/go-abi/stdlib_uint256.abi.go:9616.3,9616.21 1 0
github.com/yihuang/go-abi/stdlib_uint256.abi.go:9619.2,9621.17 2 0
github.com/yihuang/go-abi/stdlib_uint256.abi.go:9621.17,9623.4 1 0
github.com/yihuang/go-abi/stdlib_uint256.abi.go:9624.3,9624.30 1 0
github.com/yihuang/go-abi/stdlib_uint256.abi.go:9624.30,9626.4 1 0
github.com/yihuang/go-abi/stdlib_uint256.abi.go:9627.3,9628.17 2 0
github.com/yihuang/go-abi/stdlib_uint256.abi.go:9628.17,9630.4 1 0
github.com/yihuang/go-abi/stdlib_uint256.abi.go:9631.3,9631.21 1 0
github.com/yihuang/go-abi/stdlib_uint256.abi.go:9634.2,9636.17 2 0
github.com/yihuang/go-abi/stdlib_uint256.abi.go:9636.17,9638.4 1 0
github.com/yihuang/go-abi/stdlib_uint256.abi.go:9639.3,9639.30 1 0
github.com/yihuang/go-abi/stdlib_uint256.abi.go:9639.30,9641.4 1 0
github.com/yihuang/go-abi/stdlib_uint256.abi.go:9642.3,9643.17 2 0
github.com/yihuang/go-abi/stdlib_uint256.abi.go:9643.17,9645.4 1 0
github.com/yihuang/go-abi/stdlib_uint256.abi.go:9646.3,9646.21 1 0
github.com/yihuang/go-abi/stdlib_uint256.abi.go:9649.2,9651.17 2 0
github.com/yihuang/go-abi/stdlib_uint256.abi.go:9651.17,9653.4 1 0
github.com/yihuang/go-abi/stdlib_uint256.abi.go:9654.3,9654.30 1 0
github.com/yihuang/go-abi/stdlib_uint256.abi.go:9654.30,9656.4 1 0
github.com/yihuang/go-abi/stdlib_uint256.abi.go:9657.3,9658.17 2 0
github.com/yihuang/go-abi/stdlib_uint256.abi.go:9658.17,9660.4 1 0
github.com/yihuang/go-abi/stdlib_uint256.abi.go:9661.3,9661.21 1 0
github.com/yihuang/go-abi/stdlib_uint256.abi.go:9663.2,9663.27 1 0
github.com/yihuang/go-abi/stdlib_uint256.abi.go:9667.43,9669.2 1 0
github.com/yihuang/go-abi/stdlib_uint256.abi.go:9672.41,9674.2 1 0
github.com/yihuang/go-abi/stdlib_uint256.abi.go:9677.48,9679.2 1 0
github.com/yihuang/go-abi/stdlib_uint256.abi.go:9682.57,9685.50 3 0
github.com/yihuang/go-abi/stdlib_uint256.abi.go:9685.50,9687.3 1 0
github.com/yihuang/go-abi/stdlib_uint256.abi.go:9688.2,9688.20 1 0
github.com/yihuang/go-abi/stdlib_uint256.abi.go:9703.14,9716.2 1 0
github.com/yihuang/go-abi/stdlib_uint256.abi.go:9798.38,9834.2 34 0
github.com/yihuang/go-abi/stdlib_uint256.abi.go:9837.58,9845.63 3 0
github.com/yihuang/go-abi/stdlib_uint256.abi.go:9845.63,9847.3 1 0
github.com/yihuang/go-abi/stdlib_uint256.abi.go:9850.2,9850.64 1 0
github.com/yihuang/go-abi/stdlib_uint256.abi.go:9850.64,9852.3 1 0
github.com/yihuang/go-abi/stdlib_uint256.abi.go:9855.2,9855.64 1 0
github.com/yihuang/go-abi/stdlib_uint256.abi.go:9855.64,9857.3 1 0
github.com/yihuang/go-abi/stdlib_uint256.abi.go:9860.2,9860.64 1 0
github.com/yihuang/go-abi/stdlib_uint256.abi.go:9860.64,9862.3 1 0
github.com/yihuang/go-abi/stdlib_uint256.abi.go:9865.2,9865.65 1 0
github.com/yihuang/go-abi/stdlib_uint256.abi.go:9865.65,9867.3 1 0
github.com/yihuang/go-abi/stdlib_uint256.abi.go:9870.2,9870.65 1 0
github.com/yihuang/go-abi/stdlib_uint256.abi.go:9870.65,9872.3 1 0
github.com/yihuang/go-abi/stdlib_uint256.abi.go:9875.2,9875.65 1 0
github.com/yihuang/go-abi/stdlib_uint256.abi.go:9875.65,9877.3 1 0
github.com/yihuang/go-abi/stdlib_uint256.abi.go:9880.2,9880.65 1 0
github.com/yihuang/go-abi/stdlib_uint256.abi.go:9880.65,9882.3 1 0
github.com/yihuang/go-abi/stdlib_uint256.abi.go:9885.2,9885.65 1 0
github.com/yihuang/go-abi/stdlib_uint256.abi.go:9885.65,9887.3 1 0
github.com/yihuang/go-abi/stdlib_uint256.abi.go:9890.2,9890.67 1 0
github.com/yihuang/go-abi/stdlib_uint256.abi.go:9890.67,9892.3 1 0
github.com/yihuang/go-abi/stdlib_uint256.abi.go:9895.2,9895.67 1 0
github.com/yihuang/go-abi/stdlib_uint256.abi.go:9895.67,9897.3 1 0
github.com/yihuang/go-abi/stdlib_uint256.abi.go:9900.2,9900.67 1 0
github.com/yihuang/go-abi/stdlib_uint256.abi.go:9900.67,9902.3 1 0
github.com/yihuang/go-abi/stdlib_uint256.abi.go:9905.2,9905.67 1 0
github.com/yihuang/go-abi/stdlib_uint256.abi.go:9905.67,9907.3 1 0
github.com/yihuang/go-abi/stdlib_uint256.abi.go:9910.2,9910.67 1 0
github.com/yihuang/go-abi/stdlib_uint256.abi.go:9910.67,9912.3 1 0
github.com/yihuang/go-abi/stdlib_uint256.abi.go:9915.2,9915.67 1 0
github.com/yihuang/go-abi/stdlib_uint256.abi.go:9915.67,9917.3 1 0
github.com/yihuang/go-abi/stdlib_uint256.abi.go:9920.2,9920.67 1 0
github.com/yihuang/go-abi/stdlib_uint256.abi.go:9920.67,9922.3 1 0
github.com/yihuang/go-abi/stdlib_uint256.abi.go:9925.2,9925.67 1 0
github.com/yihuang/go-abi/stdlib_uint256.abi.go:9925.67,9927.3 1 0
github.com/yihuang/go-abi/stdlib_uint256.abi.go:9930.2,9930.67 1 0
github.com/yihuang/go-abi/stdlib_uint256.abi.go:9930.67,9932.3 1 0
github.com/yihuang/go-abi/stdlib_uint256.abi.go:9935.2,9935.67 1 0
github.com/yihuang/go-abi/stdlib_uint256.abi.go:9935.67,9937.3 1 0
github.com/yihuang/go-abi/stdlib_uint256.abi.go:9940.2,9940.67 1 0
github.com/yihuang/go-abi/stdlib_uint256.abi.go:9940.67,9942.3 1 0
github.com/yihuang/go-abi/stdlib_uint256.abi.go:9945.2,9945.67 1 0
github.com/yihuang/go-abi/stdlib_uint256.abi.go:9945.67,9947.3 1 0
github.com/yihuang/go-abi/stdlib_uint256.abi.go:9950.2,9950.67 1 0
github.com/yihuang/go-abi/stdlib_uint256.abi.go:9950.67,9952.3 1 0
github.com/yihuang/go-abi/stdlib_uint256.abi.go:9955.2,9955.67 1 0
github.com/yihuang/go-abi/stdlib_uint256.abi.go:9955.67,9957.3 1 0
github.com/yihuang/go-abi/stdlib_uint256.abi.go:9960.2,9960.67 1 0
github.com/yihuang/go-abi/stdlib_uint256.abi.go:9960.67,9962.3 1 0
github.com/yihuang/go-abi/stdlib_uint256.abi.go:9965.2,9965.67 1 0
github.com/yihuang/go-abi/stdlib_uint256.abi.go:9965.67,9967.3 1 0
github.com/yihuang/go-abi/stdlib_uint256.abi.go:9970.2,9970.67 1 0
github.com/yihuang/go-abi/stdlib_uint256.abi.go:9970.67,9972.3 1 0
github.com/yihuang/go-abi/stdlib_uint256.abi.go:9975.2,9975.67 1 0
github.com/yihuang/go-abi/stdlib_uint256.abi.go:9975.67,9977.3 1 0
github.com/yihuang/go-abi/stdlib_uint256.abi.go:9980.2,9980.67 1 0
github.com/yihuang/go-abi/stdlib_uint256.abi.go:9980.67,9982.3 1 0
github.com/yihuang/go-abi/stdlib_uint256.abi.go:9985.2,9985.67 1 0
github.com/yihuang/go-abi/stdlib_uint256.abi.go:9985.67,9987.3 1 0
github.com/yihuang/go-abi/stdlib_uint256.abi.go:9990.2,9990.67 1 0
github.com/yihuang/go-abi/stdlib_uint256.abi.go:9990.67,9992.3 1 0
github.com/yihuang/go-abi/stdlib_uint256.abi.go:9995.2,9995.67 1 0
github.com/yihuang/go-abi/stdlib_uint256.abi.go:9995.67,9997.3 1 0
github.com/yihuang/go-abi/stdlib_uint256.abi.go:10000.2,10000.67 1 0
github.com/yihuang/go-abi/stdlib_uint256.abi.go:10000.67,10002.3 1 0
github.com/yihuang/go-abi/stdlib_uint256.abi.go:10006.2,10009.16 3 0
github.com/yihuang/go-abi/stdlib_uint256.abi.go:10009.16,10011.3 1 0
github.com/yihuang/go-abi/stdlib_uint256.abi.go:10012.2,10019.16 4 0
github.com/yihuang/go-abi/stdlib_uint256.abi.go:10019.16,10021.3 1 0
github.com/yihuang/go-abi/stdlib_uint256.abi.go:10022.2,10029.16 4 0
github.com/yihuang/go-abi/stdlib_uint256.abi.go:10029.16,10031.3 1 0
github.com/yihuang/go-abi/stdlib_uint256.abi.go:10032.2,10039.16 4 0
github.com/yihuang/go-abi/stdlib_uint256.abi.go:10039.16,10041.3 1 0
github.com/yihuang/go-abi/stdlib_uint256.abi.go:10042.2,10049.16 4 0
github.com/yihuang/go-abi/stdlib_uint256.abi.go:10049.16,10051.3 1 0
github.com/yihuang/go-abi/stdlib_uint256.abi.go:10052.2,10059.16 4 0
github.com/yihuang/go-abi/stdlib_uint256.abi.go:10059.16,10061.3 1 0
github.com/yihuang/go-abi/stdlib_uint256.abi.go:10062.2,10069.16 4 0
github.com/yihuang/go-abi/stdlib_uint256.abi.go:10069.16,10071.3 1 0
github.com/yihuang/go-abi/stdlib_uint256.abi.go:10072.2,10079.16 4 0
github.com/yihuang/go-abi/stdlib_uint256.abi.go:10079.16,10081.3 1 0
github.com/yihuang/go-abi/stdlib_uint256.abi.go:10082.2,10089.16 4 0
github.com/yihuang/go-abi/stdlib_uint256.abi.go:10089.16,10091.3 1 0
github.com/yihuang/go-abi/stdlib_uint256.abi.go:10092.2,10099.16 4 0
github.com/yihuang/go-abi/stdlib_uint256.abi.go:10099.16,10101.3 1 0
github.com/yihuang/go-abi/stdlib_uint256.abi.go:10102.2,10109.16 4 0
github.com/yihuang/go-abi/stdlib_uint256.abi.go:10109.16,10111.3 1 0
github.com/yihuang/go-abi/stdlib_uint256.abi.go:10112.2,10119.16 4 0
github.com/yihuang/go-abi/stdlib_uint256.abi.go:10119.16,10121.3 1 0
github.com/yihuang/go-abi/stdlib_uint256.abi.go:10122.2,10129.16 4 0
github.com/yihuang/go-abi/stdlib_uint256.abi.go:10129.16,10131.3 1 0
github.com/yihuang/go-abi/stdlib_uint256.abi.go:10132.2,10139.16 4 0
github.com/yihuang/go-abi/stdlib_uint256.abi.go:10139.16,10141.3 1 0
github.com/yihuang/go-abi/stdlib_uint256.abi.go:10142.2,10149.16 4 0
github.com/yihuang/go-abi/stdlib_uint256.abi.go:10149.16,10151.3 1 0
github.com/yihuang/go-abi/stdlib_uint256.abi.go:10152.2,10159.16 4 0
github.com/yihuang/go-abi/stdlib_uint256.abi.go:10159.16,10161.3 1 0
github.com/yihuang/go-abi/stdlib_uint256.abi.go:10162.2,10169.16 4 0
github.com/yihuang/go-abi/stdlib_uint256.abi.go:10169.16,10171.3 1 0
github.com/yihuang/go-abi/stdlib_uint256.abi.go:10172.2,10179.16 4 0
github.com/yihuang/go-abi/stdlib_uint256.abi.go:10179.16,10181.3 1 0
github.com/yihuang/go-abi/stdlib_uint256.abi.go:10182.2,10189.16 4 0
github.com/yihuang/go-abi/stdlib_uint256.abi.go:10189.16,10191.3 1 0
github.com/yihuang/go-abi/stdlib_uint256.abi.go:10192.2,10199.16 4 0
github.com/yihuang/go-abi/stdlib_uint256.abi.go:10199.16,10201.3 1 0
github.com/yihuang/go-abi/stdlib_uint256.abi.go:10202.2,10209.16 4 0
github.com/yihuang/go-abi/stdlib_uint256.abi.go:10209.16,10211.3 1 0
github.com/yihuang/go-abi/stdlib_uint256.abi.go:10212.2,10219.16 4 0
github.com/yihuang/go-abi/stdlib_uint256.abi.go:10219.16,10221.3 1 0
github.com/yihuang/go-abi/stdlib_uint256.abi.go:10222.2,10229.16 4 0
github.com/yihuang/go-abi/stdlib_uint256.abi.go:10229.16,10231.3 1 0
github.com/yihuang/go-abi/stdlib_uint256.abi.go:10232.2,10239.16 4 0
github.com/yihuang/go-abi/stdlib_uint256.abi.go:10239.16,10241.3 1 0
github.com/yihuang/go-abi/stdlib_uint256.abi.go:10242.2,10249.16 4 0
github.com/yihuang/go-abi/stdlib_uint256.abi.go:10249.16,10251.3 1 0
github.com/yihuang/go-abi/stdlib_uint256.abi.go:10252.2,10259.16 4 0
github.com/yihuang/go-abi/stdlib_uint256.abi.go:10259.16,10261.3 1 0
github.com/yihuang/go-abi/stdlib_uint256.abi.go:10262.2,10269.16 4 0
github.com/yihuang/go-abi/stdlib_uint256.abi.go:10269.16,10271.3 1 0
github.com/yihuang/go-abi/stdlib_uint256.abi.go:10272.2,10279.16 4 0
github.com/yihuang/go-abi/stdlib_uint256.abi.go:10279.16,10281.3 1 0
github.com/yihuang/go-abi/stdlib_uint256.abi.go:10282.2,10289.16 4 0
github.com/yihuang/go-abi/stdlib_uint256.abi.go:10289.16,10291.3 1 0
github.com/yihuang/go-abi/stdlib_uint256.abi.go:10292.2,10299.16 4 0
github.com/yihuang/go-abi/stdlib_uint256.abi.go:10299.16,10301.3 1 0
github.com/yihuang/go-abi/stdlib_uint256.abi.go:10302.2,10309.16 4 0
github.com/yihuang/go-abi/stdlib_uint256.abi.go:10309.16,10311.3 1 0
github.com/yihuang/go-abi/stdlib_uint256.abi.go:10312.2,10319.16 4 0
github.com/yihuang/go-abi/stdlib_uint256.abi.go:10319.16,10321.3 1 0
github.com/yihuang/go-abi/stdlib_uint256.abi.go:10322.2,10324.27 2 0
github.com/yihuang/go-abi/stdlib_uint256.abi.go:10328.49,10330.47 2 0
github.com/yihuang/go-abi/stdlib_uint256.abi.go:10330.47,10332.3 1 0
github.com/yihuang/go-abi/stdlib_uint256.abi.go:10333.2,10333.17 1 0
github.com/yihuang/go-abi/stdlib_uint256.abi.go:10337.54,10338.22 1 0
github.com/yihuang/go-abi/stdlib_uint256.abi.go:10338.22,10340.3 1 0
github.com/yihuang/go-abi/stdlib_uint256.abi.go:10341.2,10349.16 4 0
github.com/yihuang/go-abi/stdlib_uint256.abi.go:10349.16,10351.3 1 0
github.com/yihuang/go-abi/stdlib_uint256.abi.go:10353.2,10354.16 2 0
github.com/yihuang/go-abi/stdlib_uint256.abi.go:10354.16,10356.3 1 0
github.com/yihuang/go-abi/stdlib_uint256.abi.go:10358.2,10359.16 2 0
github.com/yihuang/go-abi/stdlib_uint256.abi.go:10359.16,10361.3 1 0
github.com/yihuang/go-abi/stdlib_uint256.abi.go:10363.2,10364.16 2 0
github.com/yihuang/go-abi/stdlib_uint256.abi.go:10364.16,10366.3 1 0
github.com/yihuang/go-abi/stdlib_uint256.abi.go:10368.2,10369.16 2 0
github.com/yihuang/go-abi/stdlib_uint256.abi.go:10369.16,10371.3 1 0
github.com/yihuang/go-abi/stdlib_uint256.abi.go:10373.2,10374.16 2 0
github.com/yihuang/go-abi/stdlib_uint256.abi.go:10374.16,10376.3 1 0
github.com/yihuang/go-abi/stdlib_uint256.abi.go:10378.2,10379.16 2 0
github.com/yihuang/go-abi/stdlib_uint256.abi.go:10379.16,10381.3 1 0
github.com/yihuang/go-abi/stdlib_uint256.abi.go:10383.2,10384.16 2 0
github.com/yihuang/go-abi/stdlib_uint256.abi.go:10384.16,10386.3 1 0
github.com/yihuang/go-abi/stdlib_uint256.abi.go:10388.2,10389.16 2 0
github.com/yihuang/go-abi/stdlib_uint256.abi.go:10389.16,10391.3 1 0
github.com/yihuang/go-abi/stdlib_uint256.abi.go:10393.2,10394.16 2 0
github.com/yihuang/go-abi/stdlib_uint256.abi.go:10394.16,10396.3 1 0
github.com/yihuang/go-abi/stdlib_uint256.abi.go:10398.2,10399.16 2 0
github.com/yihuang/go-abi/stdlib_uint256.abi.go:10399.16,10401.3 1 0
github.com/yihuang/go-abi/stdlib_uint256.abi.go:10403.2,10404.16 2 0
github.com/yihuang/go-abi/stdlib_uint256.abi.go:10404.16,10406.3 1 0
github.com/yihuang/go-abi/stdlib_uint256.abi.go:10408.2,10409.16 2 0
github.com/yihuang/go-abi/stdlib_uint256.abi.go:10409.16,10411.3 1 0
github.com/yihuang/go-abi/stdlib_uint256.abi.go:10413.2,10414.16 2 0
github.com/yihuang/go-abi/stdlib_uint256.abi.go:10414.16,10416.3 1 0
github.com/yihuang/go-abi/stdlib_uint256.abi.go:10418.2,10419.16 2 0
github.com/yihuang/go-abi/stdlib_uint256.abi.go:10419.16,10421.3 1 0
github.com/yihuang/go-abi/stdlib_uint256.abi.go:10423.2,10424.16 2 0
github.com/yihuang/go-abi/stdlib_uint256.abi.go:10424.16,10426.3 1 0
github.com/yihuang/go-abi/stdlib_uint256.abi.go:10428.2,10429.16 2 0
github.com/yihuang/go-abi/stdlib_uint256.abi.go:10429.16,10431.3 1 0
github.com/yihuang/go-abi/stdlib_uint256.abi.go:10433.2,10434.16 2 0
github.com/yihuang/go-abi/stdlib_uint256.abi.go:10434.16,10436.3 1 0
github.com/yihuang/go-abi/stdlib_uint256.abi.go:10438.2,10439.16 2 0
github.com/yihuang/go-abi/stdlib_uint256.abi.go:10439.16,10441.3 1 0
github.com/yihuang/go-abi/stdlib_uint256.abi.go:10443.2,10444.16 2 0
github.com/yihuang/go-abi/stdlib_uint256.abi.go:10444.16,10446.3 1 0
github.com/yihuang/go-abi/stdlib_uint256.abi.go:10448.2,10449.16 2 0
github.com/yihuang/go-abi/stdlib_uint256.abi.go:10449.16,10451.3 1 0
github.com/yihuang/go-abi/stdlib_uint256.abi.go:10453.2,10454.16 2 0
github.com/yihuang/go-abi/stdlib_uint256.abi.go:10454.16,10456.3 1 0
github.com/yihuang/go-abi/stdlib_uint256.abi.go:10458.2,10459.16 2 0
github.com/yihuang/go-abi/stdlib_uint256.abi.go:10459.16,10461.3 1 0
github.com/yihuang/go-abi/stdlib_uint256.abi.go:10463.2,10464.16 2 0
github.com/yihuang/go-abi/stdlib_uint256.abi.go:10464.16,10466.3 1 0
github.com/yihuang/go-abi/stdlib_uint256.abi.go:10468.2,10469.16 2 0
github.com/yihuang/go-abi/stdlib_uint256.abi.go:10469.16,10471.3 1 0
github.com/yihuang/go-abi/stdlib_uint256.abi.go:10473.2,10474.16 2 0
github.com/yihuang/go-abi/stdlib_uint256.abi.go:10474.16,10476.3 1 0
github.com/yihuang/go-abi/stdlib_uint256.abi.go:10478.2,10479.16 2 0
github.com/yihuang/go-abi/stdlib_uint256.abi.go:10479.16,10481.3 1 0
github.com/yihuang/go-abi/stdlib_uint256.abi.go:10483.2,10484.16 2 0
github.com/yihuang/go-abi/stdlib_uint256.abi.go:10484.16,10486.3 1 0
github.com/yihuang/go-abi/stdlib_uint256.abi.go:10488.2,10489.16 2 0
github.com/yihuang/go-abi/stdlib_uint256.abi.go:10489.16,10491.3 1 0
github.com/yihuang/go-abi/stdlib_uint256.abi.go:10493.2,10494.16 2 0
github.com/yihuang/go-abi/stdlib_uint256.abi.go:10494.16,10496.3 1 0
github.com/yihuang/go-abi/stdlib_uint256.abi.go:10498.2,10499.16 2 0
github.com/yihuang/go-abi/stdlib_uint256.abi.go:10499.16,10501.3 1 0
github.com/yihuang/go-abi/stdlib_uint256.abi.go:10503.2,10504.16 2 0
github.com/yihuang/go-abi/stdlib_uint256.abi.go:10504.16,10506.3 1 0
github.com/yihuang/go-abi/stdlib_uint256.abi.go:10508.2,10510.17 2 0
github.com/yihuang/go-abi/stdlib_uint256.abi.go:10510.17,10512.4 1 0
github.com/yihuang/go-abi/stdlib_uint256.abi.go:10513.3,10513.30 1 0
github.com/yihuang/go-abi/stdlib_uint256.abi.go:10513.30,10515.4 1 0
github.com/yihuang/go-abi/stdlib_uint256.abi.go:10516.3,10517.17 2 0
github.com/yihuang/go-abi/stdlib_uint256.abi.go:10517.17,10519.4 1 0
github.com/yihuang/go-abi/stdlib_uint256.abi.go:10520.3,10520.21 1 0
github.com/yihuang/go-abi/stdlib_uint256.abi.go:10523.2,10525.17 2 0
github.com/yihuang/go-abi/stdlib_uint256.abi.go:10525.17,10527.4 1 0
github.com/yihuang/go-abi/stdlib_uint256.abi.go:10528.3,10528.30 1 0
github.com/yihuang/go-abi/stdlib_uint256.abi.go:10528.30,10530.4 1 0
github.com/yihuang/go-abi/stdlib_uint256.abi.go:10531.3,10532.17 2 0
github.com/yihuang/go-abi/stdlib_uint256.abi.go:10532.17,10534.4 1 0
github.com/yihuang/go-abi/stdlib_uint256.abi.go:10535.3,10535.21 1 0
github.com/yihuang/go-abi/stdlib_uint256.abi.go:10538.2,10540.17 2 0
github.com/yihuang/go-abi/stdlib_uint256.abi.go:10540.17,10542.4 1 0
github.com/yihuang/go-abi/stdlib_uint256.abi.go:10543.3,10543.30 1 0
github.com/yihuang/go-abi/stdlib_uint256.abi.go:10543.30,10545.4 1 0
github.com/yihuang/go-abi/stdlib_uint256.abi.go:10546.3,10547.17 2 0
github.com/yihuang/go-abi/stdlib_uint256.abi.go:10547.17,10549.4 1 0
github.com/yihuang/go-abi/stdlib_uint256.abi.go:10550.3,10550.21 1 0
github.com/yihuang/go-abi/stdlib_uint256.abi.go:10553.2,10555.17 2 0
github.com/yihuang/go-abi/stdlib_uint256.abi.go:10555.17,10557.4 1 0
github.com/yihuang/go-abi/stdlib_uint256.abi.go:10558.3,10558.30 1 0
github.com/yihuang/go-abi/stdlib_uint256.abi.go:10558.30,10560.4 1 0
github.com/yihuang/go-abi/stdlib_uint256.abi.go:10561.3,10562.17 2 0
github.com/yihuang/go-abi/stdlib_uint256.abi.go:10562.17,10564.4 1 0
github.com/yihuang/go-abi/stdlib_uint256.abi.go:10565.3,10565.21 1 0
github.com/yihuang/go-abi/stdlib_uint256.abi.go:10568.2,10570.17 2 0
github.com/yihuang/go-abi/stdlib_uint256.abi.go:10570.17,10572.4 1 0
github.com/yihuang/go-abi/stdlib_uint256.abi.go:10573.3,10573.30 1 0
github.com/yihuang/go-abi/stdlib_uint256.abi.go:10573.30,10575.4 1 0
github.com/yihuang/go-abi/stdlib_uint256.abi.go:10576.3,10577.17 2 0
github.com/yihuang/go-abi/stdlib_uint256.abi.go:10577.17,10579.4 1 0
github.com/yihuang/go-abi/stdlib_uint256.abi.go:10580.3,10580.21 1 0
github.com/yihuang/go-abi/stdlib_uint256.abi.go:10583.2,10585.17 2 0
github.com/yihuang/go-abi/stdlib_uint256.abi.go:10585.17,10587.4 1 0
github.com/yihuang/go-abi/stdlib_uint256.abi.go:10588.3,10588.30 1 0
github.com/yihuang/go-abi/stdlib_uint256.abi.go:10588.30,10590.4 1 0
github.com/yihuang/go-abi/stdlib_uint256.abi.go:10591.3,10592.17 2 0
github.com/yihuang/go-abi/stdlib_uint256.abi.go:10592.17,10594.4 1 0
github.com/yihuang/go-abi/stdlib_uint256.abi.go:10595.3,10595.21 1 0
github.com/yihuang/go-abi/stdlib_uint256.abi.go:10598.2,10600.17 2 0
github.com/yihuang/go-abi/stdlib_uint256.abi.go:10600.17,10602.4 1 0
github.com/yihuang/go-abi/stdlib_uint256.abi.go:10603.3,10603.30 1 0
github.com/yihuang/go-abi/stdlib_uint256.abi.go:10603.30,10605.4 1 0
github.com/yihuang/go-abi/stdlib_uint256.abi.go:10606.3,10607.17 2 0
github.com/yihuang/go-abi/stdlib_uint256.abi.go:10607.17,10609.4 1 0
github.com/yihuang/go-abi/stdlib_uint256.abi.go:10610.3,10610.21 1 0
github.com/yihuang/go-abi/stdlib_uint256.abi.go:10613.2,10615.17 2 0
github.com/yihuang/go-abi/stdlib_uint256.abi.go:10615.17,10617.4 1 0
github.com/yihuang/go-abi/stdlib_uint256.abi.go:10618.3,10618.30 1 0
github.com/yihuang/go-abi/stdlib_uint256.abi.go:10618.30,10620.4 1 0
github.com/yihuang/go-abi/stdlib_uint256.abi.go:10621.3,10622.17 2 0
github.com/yihuang/go-abi/stdlib_uint256.abi.go:10622.17,10624.4 1 0
github.com/yihuang/go-abi/stdlib_uint256.abi.go:10625.3,10625.21 1 0
github.com/yihuang/go-abi/stdlib_uint256.abi.go:10628.2,10630.17 2 0
github.com/yihuang/go-abi/stdlib_uint256.abi.go:10630.17,10632.4 1 0
github.com/yihuang/go-abi/stdlib_uint256.abi.go:10633.3,10633.30 1 0
github.com/yihuang/go-abi/stdlib_uint256.abi.go:10633.30,10635.4 1 0
github.com/yihuang/go-abi/stdlib_uint256.abi.go:10636.3,10637.17 2 0
github.com/yihuang/go-abi/stdlib_uint256.abi.go:10637.17,10639.4 1 0
github.com/yihuang/go-abi/stdlib_uint256.abi.go:10640.3,10640.21 1 0
github.com/yihuang/go-abi/stdlib_uint256.abi.go:10643.2,10645.17 2 0
github.com/yihuang/go-abi/stdlib_uint256.abi.go:10645.17,10647.4 1 0
github.com/yihuang/go-abi/stdlib_uint256.abi.go:10648.3,10648.30 1 0
github.com/yihuang/go-abi/stdlib_uint256.abi.go:10648.30,10650.4 1 0
github.com/yihuang/go-abi/stdlib_uint256.abi.go:10651.3,10652.17 2 0
github.com/yihuang/go-abi/stdlib_uint256.abi.go:10652.17,10654.4 1 0
github.com/yihuang/go-abi/stdlib_uint256.abi.go:10655.3,10655.21 1 0
github.com/yihuang/go-abi/stdlib_uint256.abi.go:10658.2,10660.17 2 0
github.com/yihuang/go-abi/stdlib_uint256.abi.go:10660.17,10662.4 1 0
github.com/yihuang/go-abi/stdlib_uint256.abi.go:10663.3,10663.30 1 0
github.com/yihuang/go-abi/stdlib_uint256.abi.go:10663.30,10665.4 1 0
github.com/yihuang/go-abi/stdlib_uint256.abi.go:10666.3,10667.17 2 0
github.com/yihuang/go-abi/stdlib_uint256.abi.go:10667.17,10669.4 1 0
github.com/yihuang/go-abi/stdlib_uint256.abi.go:10670.3,10670.21 1 0
github.com/yihuang/go-abi/stdlib_uint256.abi.go:10673.2,10675.17 2 0
github.com/yihuang/go-abi/stdlib_uint256.abi.go:10675.17,10677.4 1 0
github.com/yihuang/go-abi/stdlib_uint256.abi.go:10678.3,10678.30 1 0
github.com/yihuang/go-abi/stdlib_uint256.abi.go:10678.30,10680.4 1 0
github.com/yihuang/go-abi/stdlib_uint256.abi.go:10681.3,10682.17 2 0
github.com/yihuang/go-abi/stdlib_uint256.abi.go:10682.17,10684.4 1 0
github.com/yihuang/go-abi/stdlib_uint256.abi.go:10685.3,10685.21 1 0
github.com/yihuang/go-abi/stdlib_uint256.abi.go:10688.2,10690.17 2 0
github.com/yihuang/go-abi/stdlib_uint256.abi.go:10690.17,10692.4 1 0
github.com/yihuang/go-abi/stdlib_uint256.abi.go:10693.3,10693.30 1 0
github.com/yihuang/go-abi/stdlib_uint256.abi.go:10693.30,10695.4 1 0
github.com/yihuang/go-abi/stdlib_uint256.abi.go:10696.3,10697.17 2 0
github.com/yihuang/go-abi/stdlib_uint256.abi.go:10697.17,10699.4 1 0
github.com/yihuang/go-abi/stdlib_uint256.abi.go:10700.3,10700.21 1 0
github.com/yihuang/go-abi/stdlib_uint256.abi.go:10703.2,10705.17 2 0
github.com/yihuang/go-abi/stdlib_uint256.abi.go:10705.17,10707.4 1 0
github.com/yihuang/go-abi/stdlib_uint256.abi.go:10708.3,10708.30 1 0
github.com/yihuang/go-abi/stdlib_uint256.abi.go:10708.30,10710.4 1 0
github.com/yihuang/go-abi/stdlib_uint256.abi.go:10711.3,10712.17 2 0
github.com/yihuang/go-abi/stdlib_uint256.abi.go:10712.17,10714.4 1 0
github.com/yihuang/go-abi/stdlib_uint256.abi.go:10715.3,10715.21 1 0
github.com/yihuang/go-abi/stdlib_uint256.abi.go:10718.2,10720.17 2 0
github.com/yihuang/go-abi/stdlib_uint256.abi.go:10720.17,10722.4 1 0
github.com/yihuang/go-abi/stdlib_uint256.abi.go:10723.3,10723.30 1 0
github.com/yihuang/go-abi/stdlib_uint256.abi.go:10723.30,10725.4 1 0
github.com/yihuang/go-abi/stdlib_uint256.abi.go:10726.3,10727.17 2 0
github.com/yihuang/go-abi/stdlib_uint256.abi.go:10727.17,10729.4 1 0
github.com/yihuang/go-abi/stdlib_uint256.abi.go:10730.3,10730.21 1 0
github.com/yihuang/go-abi/stdlib_uint256.abi.go:10733.2,10735.17 2 0
github.com/yihuang/go-abi/stdlib_uint256.abi.go:10735.17,10737.4 1 0
github.com/yihuang/go-abi/stdlib_uint256.abi.go:10738.3,10738.30 1 0
github.com/yihuang/go-abi/stdlib_uint256.abi.go:10738.30,10740.4 1 0
github.com/yihuang/go-abi/stdlib_uint256.abi.go:10741.3,10742.17 2 0
github.com/yihuang/go-abi/stdlib_uint256.abi.go:10742.17,10744.4 1 0
github.com/yihuang/go-abi/stdlib_uint256.abi.go:10745.3,10745.21 1 0
github.com/yihuang/go-abi/stdlib_uint256.abi.go:10748.2,10750.17 2 0
github.com/yihuang/go-abi/stdlib_uint256.abi.go:10750.17,10752.4 1 0
github.com/yihuang/go-abi/stdlib_uint256.abi.go:10753.3,10753.30 1 0
github.com/yihuang/go-abi/stdlib_uint256.abi.go:10753.30,10755.4 1 0
github.com/yihuang/go-abi/stdlib_uint256.abi.go:10756.3,10757.17 2 0
github.com/yihuang/go-abi/stdlib_uint256.abi.go:10757.17,10759.4 1 0
github.com/yihuang/go-abi/stdlib_uint256.abi.go:10760.3,10760.21 1 0
github.com/yihuang/go-abi/stdlib_uint256.abi.go:10763.2,10765.17 2 0
github.com/yihuang/go-abi/stdlib_uint256.abi.go:10765.17,10767.4 1 0
github.com/yihuang/go-abi/stdlib_uint256.abi.go:10768.3,10768.30 1 0
github.com/yihuang/go-abi/stdlib_uint256.abi.go:10768.30,10770.4 1 0
github.com/yihuang/go-abi/stdlib_uint256.abi.go:10771.3,10772.17 2 0
github.com/yihuang/go-abi/stdlib_uint256.abi.go:10772.17,10774.4 1 0
github.com/yihuang/go-abi/stdlib_uint256.abi.go:10775.3,10775.21 1 0
github.com/yihuang/go-abi/stdlib_uint256.abi.go:10778.2,10780.17 2 0
github.com/yihuang/go-abi/stdlib_uint256.abi.go:10780.17,10782.4 1 0
github.com/yihuang/go-abi/stdlib_uint256.abi.go:10783.3,10783.30 1 0
github.com/yihuang/go-abi/stdlib_uint256.abi.go:10783.30,10785.4 1 0
github.com/yihuang/go-abi/stdlib_uint256.abi.go:10786.3,10787.17 2 0
github.com/yihuang/go-abi/stdlib_uint256.abi.go:10787.17,10789.4 1 0
github.com/yihuang/go-abi/stdlib_uint256.abi.go:10790.3,10790.21 1 0
github.com/yihuang/go-abi/stdlib_uint256.abi.go:10793.2,10795.17 2 0
github.com/yihuang/go-abi/stdlib_uint256.abi.go:10795.17,10797.4 1 0
github.com/yihuang/go-abi/stdlib_uint256.abi.go:10798.3,10798.30 1 0
github.com/yihuang/go-abi/stdlib_uint256.abi.go:10798.30,10800.4 1 0
github.com/yihuang/go-abi/stdlib_uint256.abi.go:10801.3,10802.17 2 0
github.com/yihuang/go-abi/stdlib_uint256.abi.go:10802.17,10804.4 1 0
github.com/yihuang/go-abi/stdlib_uint256.abi.go:10805.3,10805.21 1 0
github.com/yihuang/go-abi/stdlib_uint256.abi.go:10808.2,10810.17 2 0
github.com/yihuang/go-abi/stdlib_uint256.abi.go:10810.17,10812.4 1 0
github.com/yihuang/go-abi/stdlib_uint256.abi.go:10813.3,10813.30 1 0
github.com/yihuang/go-abi/stdlib_uint256.abi.go:10813.30,10815.4 1 0
github.com/yihuang/go-abi/stdlib_uint256.abi.go:10816.3,10817.17 2 0
github.com/yihuang/go-abi/stdlib_uint256.abi.go:10817.17,10819.4 1 0
github.com/yihuang/go-abi/stdlib_uint256.abi.go:10820.3,10820.21 1 0
github.com/yihuang/go-abi/stdlib_uint256.abi.go:10823.2,10825.17 2 0
github.com/yihuang/go-abi/stdlib_uint256.abi.go:10825.17,10827.4 1 0
github.com/yihuang/go-abi/stdlib_uint256.abi.go:10828.3,10828.30 1 0
github.com/yihuang/go-abi/stdlib_uint256.abi.go:10828.30,10830.4 1 0
github.com/yihuang/go-abi/stdlib_uint256.abi.go:10831.3,10832.17 2 0
github.com/yihuang/go-abi/stdlib_uint256.abi.go:10832.17,10834.4 1 0
github.com/yihuang/go-abi/stdlib_uint256.abi.go:10835.3,10835.21 1 0
github.com/yihuang/go-abi/stdlib_uint256.abi.go:10838.2,10840.17 2 0
github.com/yihuang/go-abi/stdlib_uint256.abi.go:10840.17,10842.4 1 0
github.com/yihuang/go-abi/stdlib_uint256.abi.go:10843.3,10843.30 1 0
github.com/yihuang/go-abi/stdlib_uint256.abi.go:10843.30,10845.4 1 0
github.com/yihuang/go-abi/stdlib_uint256.abi.go:10846.3,10847.17 2 0
github.com/yihuang/go-abi/stdlib_uint256.abi.go:10847.17,10849.4 1 0
github.com/yihuang/go-abi/stdlib_uint256.abi.go:10850.3,10850.21 1 0
github.com/yihuang/go-abi/stdlib_uint256.abi.go:10853.2,10855.17 2 0
github.com/yihuang/go-abi/stdlib_uint256.abi.go:10855.17,10857.4 1 0
github.com/yihuang/go-abi/stdlib_uint256.abi.go:10858.3,10858.30 1 0
github.com/yihuang/go-abi/stdlib_uint256.abi.go:10858.30,10860.4 1 0
github.com/yihuang/go-abi/stdlib_uint256.abi.go:10861.3,10862.17 2 0
github.com/yihuang/go-abi/stdlib_uint256.abi.go:10862.17,10864.4 1 0
github.com/yihuang/go-abi/stdlib_uint256.abi.go:10865.3,10865.21 1 0
github.com/yihuang/go-abi/stdlib_uint256.abi.go:10868.2,10870.17 2 0
github.com/yihuang/go-abi/stdlib_uint256.abi.go:10870.17,10872.4 1 0
github.com/yihuang/go-abi/stdlib_uint256.abi.go:10873.3,10873.30 1 0
github.com/yihuang/go-abi/stdlib_uint256.abi.go:10873.30,10875.4 1 0
github.com/yihuang/go-abi/stdlib_uint256.abi.go:10876.3,10877.17 2 0
github.com/yihuang/go-abi/stdlib_uint256.abi.go:10877.17,10879.4 1 0
github.com/yihuang/go-abi/stdlib_uint256.abi.go:10880.3,10880.21 1 0
github.com/yihuang/go-abi/stdlib_uint256.abi.go:10883.2,10885.17 2 0
github.com/yihuang/go-abi/stdlib_uint256.abi.go:10885.17,10887.4 1 0
github.com/yihuang/go-abi/stdlib_uint256.abi.go:10888.3,10888.30 1 0
github.com/yihuang/go-abi/stdlib_uint256.abi.go:10888.30,10890.4 1 0
github.com/yihuang/go-abi/stdlib_uint256.abi.go:10891.3,10892.17 2 0
github.com/yihuang/go-abi/stdlib_uint256.abi.go:10892.17,10894.4 1 0
github.com/yihuang/go-abi/stdlib_uint256.abi.go:10895.3,10895.21 1 0
github.com/yihuang/go-abi/stdlib_uint256.abi.go:10898.2,10900.17 2 0
github.com/yihuang/go-abi/stdlib_uint256.abi.go:10900.17,10902.4 1 0
github.com/yihuang/go-abi/stdlib_uint256.abi.go:10903.3,10903.30 1 0
github.com/yihuang/go-abi/stdlib_uint256.abi.go:10903.30,10905.4 1 0
github.com/yihuang/go-abi/stdlib_uint256.abi.go:10906.3,10907.17 2 0
github.com/yihuang/go-abi/stdlib_uint256.abi.go:10907.17,10909.4 1 0
github.com/yihuang/go-abi/stdlib_uint256.abi.go:10910.3,10910.21 1 0
github.com/yihuang/go-abi/stdlib_uint256.abi.go:10913.2,10915.17 2 0
github.com/yihuang/go-abi/stdlib_uint256.abi.go:10915.17,10917.4 1 0
github.com/yihuang/go-abi/stdlib_uint256.abi.go:10918.3,10918.30 1 0
github.com/yihuang/go-abi/stdlib_uint256.abi.go:10918.30,10920.4 1 0
github.com/yihuang/go-abi/stdlib_uint256.abi.go:10921.3,10922.17 2 0
github.com/yihuang/go-abi/stdlib_uint256.abi.go:10922.17,10924.4 1 0
github.com/yihuang/go-abi/stdlib_uint256.abi.go:10925.3,10925.21 1 0
github.com/yihuang/go-abi/stdlib_uint256.abi.go:10928.2,10930.17 2 0
github.com/yihuang/go-abi/stdlib_uint256.abi.go:10930.17,10932.4 1 0
github.com/yihuang/go-abi/stdlib_uint256.abi.go:10933.3,10933.30 1 0
github.com/yihuang/go-abi/stdlib_uint256.abi.go:10933.30,10935.4 1 0
github.com/yihuang/go-abi/stdlib_uint256.abi.go:10936.3,10937.17 2 0
github.com/yihuang/go-abi/stdlib_uint256.abi.go:10937.17,10939.4 1 0
github.com/yihuang/go-abi/stdlib_uint256.abi.go:10940.3,10940.21 1 0
github.com/yihuang/go-abi/stdlib_uint256.abi.go:10943.2,10945.17 2 0
github.com/yihuang/go-abi/stdlib_uint256.abi.go:10945.17,10947.4 1 0
github.com/yihuang/go-abi/stdlib_uint256.abi.go:10948.3,10948.30 1 0
github.com/yihuang/go-abi/stdlib_uint256.abi.go:10948.30,10950.4 1 0
github.com/yihuang/go-abi/stdlib_uint256.abi.go:10951.3,10952.17 2 0
github.com/yihuang/go-abi/stdlib_uint256.abi.go:10952.17,10954.4 1 0
github.com/yihuang/go-abi/stdlib_uint256.abi.go:10955.3,10955.21 1 0
github.com/yihuang/go-abi/stdlib_uint256.abi.go:10958.2,10960.17 2 0
github.com/yihuang/go-abi/stdlib_uint256.abi.go:10960.17,10962.4 1 0
github.com/yihuang/go-abi/stdlib_uint256.abi.go:10963.3,10963.30 1 0
github.com/yihuang/go-abi/stdlib_uint256.abi.go:10963.30,10965.4 1 0
github.com/yihuang/go-abi/stdlib_uint256.abi.go:10966.3,10967.17 2 0
github.com/yihuang/go-abi/stdlib_uint256.abi.go:10967.17,10969.4 1 0
github.com/yihuang/go-abi/stdlib_uint256.abi.go:10970.3,10970.21 1 0
github.com/yihuang/go-abi/stdlib_uint256.abi.go:10973.2,10975.17 2 0
github.com/yihuang/go-abi/stdlib_uint256.abi.go:10975.17,10977.4 1 0
github.com/yihuang/go-abi/stdlib_uint256.abi.go:10978.3,10978.30 1 0
github.com/yihuang/go-abi/stdlib_uint256.abi.go:10978.30,10980.4 1 0
github.com/yihuang/go-abi/stdlib_uint256.abi.go:10981.3,10982.17 2 0
github.com/yihuang/go-abi/stdlib_uint256.abi.go:10982.17,10984.4 1 0
github.com/yihuang/go-abi/stdlib_uint256.abi.go:10985.3,10985.21 1 0
github.com/yihuang/go-abi/stdlib_uint256.abi.go:10987.2,10987.27 1 0
github.com/yihuang/go-abi/stdlib_uint256.abi.go:10991.43,10993.2 1 0
github.com/yihuang/go-abi/stdlib_uint256.abi.go:10996.41,10998.2 1 0
github.com/yihuang/go-abi/stdlib_uint256.abi.go:11001.48,11003.2 1 0
github.com/yihuang/go-abi/stdlib_uint256.abi.go:11006.57,11009.50 3 0
github.com/yihuang/go-abi/stdlib_uint256.abi.go:11009.50,11011.3 1 0
github.com/yihuang/go-abi/stdlib_uint256.abi.go:11012.2,11012.20 1 0
github.com/yihuang/go-abi/stdlib_uint256.abi.go:11081.14,11148.2 1 0
github.com/yihuang/go-abi/stdlib_uint256.abi.go:11294.37,11362.2 66 0
github.com/yihuang/go-abi/stdlib_uint256.abi.go:11365.57,11373.62 3 0
github.com/yihuang/go-abi/stdlib_uint256.abi.go:11373.62,11375.3 1 0
github.com/yihuang/go-abi/stdlib_uint256.abi.go:11378.2,11378.62 1 0
github.com/yihuang/go-abi/stdlib_uint256.abi.go:11378.62,11380.3 1 0
github.com/yihuang/go-abi/stdlib_uint256.abi.go:11383.2,11383.64 1 0
github.com/yihuang/go-abi/stdlib_uint256.abi.go:11383.64,11385.3 1 0
github.com/yihuang/go-abi/stdlib_uint256.abi.go:11388.2,11388.63 1 0
github.com/yihuang/go-abi/stdlib_uint256.abi.go:11388.63,11390.3 1 0
github.com/yihuang/go-abi/stdlib_uint256.abi.go:11393.2,11393.65 1 0
github.com/yihuang/go-abi/stdlib_uint256.abi.go:11393.65,11395.3 1 0
github.com/yihuang/go-abi/stdlib_uint256.abi.go:11398.2,11398.64 1 0
github.com/yihuang/go-abi/stdlib_uint256.abi.go:11398.64,11400.3 1 0
github.com/yihuang/go-abi/stdlib_uint256.abi.go:11403.2,11403.65 1 0
github.com/yihuang/go-abi/stdlib_uint256.abi.go:11403.65,11405.3 1 0
github.com/yihuang/go-abi/stdlib_uint256.abi.go:11408.2,11408.64 1 0
github.com/yihuang/go-abi/stdlib_uint256.abi.go:11408.64,11410.3 1 0
github.com/yihuang/go-abi/stdlib_uint256.abi.go:11413.2,11413.65 1 0
github.com/yihuang/go-abi/stdlib_uint256.abi.go:11413.65,11415.3 1 0
github.com/yihuang/go-abi/stdlib_uint256.abi.go:11418.2,11418.65 1 0
github.com/yihuang/go-abi/stdlib_uint256.abi.go:11418.65,11420.3 1 0
github.com/yihuang/go-abi/stdlib_uint256.abi.go:11423.2,11423.66 1 0
github.com/yihuang/go-abi/stdlib_uint256.abi.go:11423.66,11425.3 1 0
github.com/yihuang/go-abi/stdlib_uint256.abi.go:11428.2,11428.65 1 0
github.com/yihuang/go-abi/stdlib_uint256.abi.go:11428.65,11430.3 1 0
github.com/yihuang/go-abi/stdlib_uint256.abi.go:11433.2,11433.66 1 0
github.com/yihuang/go-abi/stdlib_uint256.abi.go:11433.66,11435.3 1 0
github.com/yihuang/go-abi/stdlib_uint256.abi.go:11438.2,11438.65 1 0
github.com/yihuang/go-abi/stdlib_uint256.abi.go:11438.65,11440.3 1 0
github.com/yihuang/go-abi/stdlib_uint256.abi.go:11443.2,11443.66 1 0
github.com/yihuang/go-abi/stdlib_uint256.abi.go:11443.66,11445.3 1 0
github.com/yihuang/go-abi/stdlib_uint256.abi.go:11448.2,11448.65 1 0
github.com/yihuang/go-abi/stdlib_uint256.abi.go:11448.65,11450.3 1 0
github.com/yihuang/go-abi/stdlib_uint256.abi.go:11453.2,11453.66 1 0
github.com/yihuang/go-abi/stdlib_uint256.abi.go:11453.66,11455.3 1 0
github.com/yihuang/go-abi/stdlib_uint256.abi.go:11458.2,11458.65 1 0
github.com/yihuang/go-abi/stdlib_uint256.abi.go:11458.65,11460.3 1 0
github.com/yihuang/go-abi/stdlib_uint256.abi.go:11463.2,11463.66 1 0
github.com/yihuang/go-abi/stdlib_uint256.abi.go:11463.66,11465.3 1 0
github.com/yihuang/go-abi/stdlib_uint256.abi.go:11468.2,11468.65 1 0
github.com/yihuang/go-abi/stdlib_uint256.abi.go:11468.65,11470.3 1 0
github.com/yihuang/go-abi/stdlib_uint256.abi.go:11473.2,11473.66 1 0
github.com/yihuang/go-abi/stdlib_uint256.abi.go:11473.66,11475.3 1 0
github.com/yihuang/go-abi/stdlib_uint256.abi.go:11478.2,11478.65 1 0
github.com/yihuang/go-abi/stdlib_uint256.abi.go:11478.65,11480.3 1 0
github.com/yihuang/go-abi/stdlib_uint256.abi.go:11483.2,11483.66 1 0
github.com/yihuang/go-abi/stdlib_uint256.abi.go:11483.66,11485.3 1 0
github.com/yihuang/go-abi/stdlib_uint256.abi.go:11488.2,11488.65 1 0
github.com/yihuang/go-abi/stdlib_uint256.abi.go:11488.65,11490.3 1 0
github.com/yihuang/go-abi/stdlib_uint256.abi.go:11493.2,11493.67 1 0
github.com/yihuang/go-abi/stdlib_uint256.abi.go:11493.67,11495.3 1 0
github.com/yihuang/go-abi/stdlib_uint256.abi.go:11498.2,11498.66 1 0
github.com/yihuang/go-abi/stdlib_uint256.abi.go:11498.66,11500.3 1 0
github.com/yihuang/go-abi/stdlib_uint256.abi.go:11503.2,11503.67 1 0
github.com/yihuang/go-abi/stdlib_uint256.abi.go:11503.67,11505.3 1 0
github.com/yihuang/go-abi/stdlib_uint256.abi.go:11508.2,11508.66 1 0
github.com/yihuang/go-abi/stdlib_uint256.abi.go:11508.66,11510.3 1 0
github.com/yihuang/go-abi/stdlib_uint256.abi.go:11513.2,11513.67 1 0
github.com/yihuang/go-abi/stdlib_uint256.abi.go:11513.67,11515.3 1 0
github.com/yihuang/go-abi/stdlib_uint256.abi.go:11518.2,11518.66 1 0
github.com/yihuang/go-abi/stdlib_uint256.abi.go:11518.66,11520.3 1 0
github.com/yihuang/go-abi/stdlib_uint256.abi.go:11523.2,11523.67 1 0
github.com/yihuang/go-abi/stdlib_uint256.abi.go:11523.67,11525.3 1 0
github.com/yihuang/go-abi/stdlib_uint256.abi.go:11528.2,11528.66 1 0
github.com/yihuang/go-abi/stdlib_uint256.abi.go:11528.66,11530.3 1 0
github.com/yihuang/go-abi/stdlib_uint256.abi.go:11533.2,11533.68 1 0
github.com/yihuang/go-abi/stdlib_uint256.abi.go:11533.68,11535.3 1 0
github.com/yihuang/go-abi/stdlib_uint256.abi.go:11538.2,11538.67 1 0
github.com/yihuang/go-abi/stdlib_uint256.abi.go:11538.67,11540.3 1 0
github.com/yihuang/go-abi/stdlib_uint256.abi.go:11543.2,11543.68 1 0
github.com/yihuang/go-abi/stdlib_uint256.abi.go:11543.68,11545.3 1 0
github.com/yihuang/go-abi/stdlib_uint256.abi.go:11548.2,11548.67 1 0
github.com/yihuang/go-abi/stdlib_uint256.abi.go:11548.67,11550.3 1 0
github.com/yihuang/go-abi/stdlib_uint256.abi.go:11553.2,11553.68 1 0
github.com/yihuang/go-abi/stdlib_uint256.abi.go:11553.68,11555.3 1 0
github.com/yihuang/go-abi/stdlib_uint256.abi.go:11558.2,11558.67 1 0
github.com/yihuang/go-abi/stdlib_uint256.abi.go:11558.67,11560.3 1 0
github.com/yihuang/go-abi/stdlib_uint256.abi.go:11563.2,11563.68 1 0
github.com/yihuang/go-abi/stdlib_uint256.abi.go:11563.68,11565.3 1 0
github.com/yihuang/go-abi/stdlib_uint256.abi.go:11568.2,11568.67 1 0
github.com/yihuang/go-abi/stdlib_uint256.abi.go:11568.67,11570.3 1 0
github.com/yihuang/go-abi/stdlib_uint256.abi.go:11573.2,11573.68 1 0
github.com/yihuang/go-abi/stdlib_uint256.abi.go:11573.68,11575.3 1 0
github.com/yihuang/go-abi/stdlib_uint256.abi.go:11578.2,11578.67 1 0
github.com/yihuang/go-abi/stdlib_uint256.abi.go:11578.67,11580.3 1 0
github.com/yihuang/go-abi/stdlib_uint256.abi.go:11583.2,11583.68 1 0
github.com/yihuang/go-abi/stdlib_uint256.abi.go:11583.68,11585.3 1 0
github.com/yihuang/go-abi/stdlib_uint256.abi.go:11588.2,11588.67 1 0
github.com/yihuang/go-abi/stdlib_uint256.abi.go:11588.67,11590.3 1 0
github.com/yihuang/go-abi/stdlib_uint256.abi.go:11593.2,11593.68 1 0
github.com/yihuang/go-abi/stdlib_uint256.abi.go:11593.68,11595.3 1 0
github.com/yihuang/go-abi/stdlib_uint256.abi.go:11598.2,11598.67 1 0
github.com/yihuang/go-abi/stdlib_uint256.abi.go:11598.67,11600.3 1 0
github.com/yihuang/go-abi/stdlib_uint256.abi.go:11603.2,11603.68 1 0
github.com/yihuang/go-abi/stdlib_uint256.abi.go:11603.68,11605.3 1 0
github.com/yihuang/go-abi/stdlib_uint256.abi.go:11608.2,11608.67 1 0
github.com/yihuang/go-abi/stdlib_uint256.abi.go:11608.67,11610.3 1 0
github.com/yihuang/go-abi/stdlib_uint256.abi.go:11613.2,11613.68 1 0
github.com/yihuang/go-abi/stdlib_uint256.abi.go:11613.68,11615.3 1 0
github.com/yihuang/go-abi/stdlib_uint256.abi.go:11618.2,11618.67 1 0
github.com/yihuang/go-abi/stdlib_uint256.abi.go:11618.67,11620.3 1 0
github.com/yihuang/go-abi/stdlib_uint256.abi.go:11623.2,11623.68 1 0
github.com/yihuang/go-abi/stdlib_uint256.abi.go:11623.68,11625.3 1 0
github.com/yihuang/go-abi/stdlib_uint256.abi.go:11628.2,11628.67 1 0
github.com/yihuang/go-abi/stdlib_uint256.abi.go:11628.67,11630.3 1 0
github.com/yihuang/go-abi/stdlib_uint256.abi.go:11633.2,11633.68 1 0
github.com/yihuang/go-abi/stdlib_uint256.abi.go:11633.68,11635.3 1 0
github.com/yihuang/go-abi/stdlib_uint256.abi.go:11638.2,11638.67 1 0
github.com/yihuang/go-abi/stdlib_uint256.abi.go:11638.67,11640.3 1 0
github.com/yihuang/go-abi/stdlib_uint256.abi.go:11643.2,11643.68 1 0
github.com/yihuang/go-abi/stdlib_uint256.abi.go:11643.68,11645.3 1 0
github.com/yihuang/go-abi/stdlib_uint256.abi.go:11648.2,11648.67 1 0
github.com/yihuang/go-abi/stdlib_uint256.abi.go:11648.67,11650.3 1 0
github.com/yihuang/go-abi/stdlib_uint256.abi.go:11653.2,11653.68 1 0
github.com/yihuang/go-abi/stdlib_uint256.abi.go:11653.68,11655.3 1 0
github.com/yihuang/go-abi/stdlib_uint256.abi.go:11658.2,11658.67 1 0
github.com/yihuang/go-abi/stdlib_uint256.abi.go:11658.67,11660.3 1 0
github.com/yihuang/go-abi/stdlib_uint256.abi.go:11663.2,11663.68 1 0
github.com/yihuang/go-abi/stdlib_uint256.abi.go:11663.68,11665.3 1 0
github.com/yihuang/go-abi/stdlib_uint256.abi.go:11668.2,11668.67 1 0
github.com/yihuang/go-abi/stdlib_uint256.abi.go:11668.67,11670.3 1 0
github.com/yihuang/go-abi/stdlib_uint256.abi.go:11673.2,11673.68 1 0
github.com/yihuang/go-abi/stdlib_uint256.abi.go:11673.68,11675.3 1 0
github.com/yihuang/go-abi/stdlib_uint256.abi.go:11678.2,11678.67 1 0
github.com/yihuang/go-abi/stdlib_uint256.abi.go:11678.67,11680.3 1 0
github.com/yihuang/go-abi/stdlib_uint256.abi.go:11683.2,11683.68 1 0
github.com/yihuang/go-abi/stdlib_uint256.abi.go:11683.68,11685.3 1 0
github.com/yihuang/go-abi/stdlib_uint256.abi.go:11688.2,11688.67 1 0
github.com/yihuang/go-abi/stdlib_uint256.abi.go:11688.67,11690.3 1 0
github.com/yihuang/go-abi/stdlib_uint256.abi.go:11694.2,11697.16 3 0
github.com/yihuang/go-abi/stdlib_uint256.abi.go:11697.16,11699.3 1 0
github.com/yihuang/go-abi/stdlib_uint256.abi.go:11700.2,11707.16 4 0
github.com/yihuang/go-abi/stdlib_uint256.abi.go:11707.16,11709.3 1 0
github.com/yihuang/go-abi/stdlib_uint256.abi.go:11710.2,11717.16 4 0
github.com/yihuang/go-abi/stdlib_uint256.abi.go:11717.16,11719.3 1 0
github.com/yihuang/go-abi/stdlib_uint256.abi.go:11720.2,11727.16 4 0
github.com/yihuang/go-abi/stdlib_uint256.abi.go:11727.16,11729.3 1 0
github.com/yihuang/go-abi/stdlib_uint256.abi.go:11730.2,11737.16 4 0
github.com/yihuang/go-abi/stdlib_uint256.abi.go:11737.16,11739.3 1 0
github.com/yihuang/go-abi/stdlib_uint256.abi.go:11740.2,11747.16 4 0
github.com/yihuang/go-abi/stdlib_uint256.abi.go:11747.16,11749.3 1 0
github.com/yihuang/go-abi/stdlib_uint256.abi.go:11750.2,11757.16 4 0
github.com/yihuang/go-abi/stdlib_uint256.abi.go:11757.16,11759.3 1 0
github.com/yihuang/go-abi/stdlib_uint256.abi.go:11760.2,11767.16 4 0
github.com/yihuang/go-abi/stdlib_uint256.abi.go:11767.16,11769.3 1 0
github.com/yihuang/go-abi/stdlib_uint256.abi.go:11770.2,11777.16 4 0
github.com/yihuang/go-abi/stdlib_uint256.abi.go:11777.16,11779.3 1 0
github.com/yihuang/go-abi/stdlib_uint256.abi.go:11780.2,11787.16 4 0
github.com/yihuang/go-abi/stdlib_uint256.abi.go:11787.16,11789.3 1 0
github.com/yihuang/go-abi/stdlib_uint256.abi.go:11790.2,11797.16 4 0
github.com/yihuang/go-abi/stdlib_uint256.abi.go:11797.16,11799.3 1 0
github.com/yihuang/go-abi/stdlib_uint256.abi.go:11800.2,11807.16 4 0
github.com/yihuang/go-abi/stdlib_uint256.abi.go:11807.16,11809.3 1 0
github.com/yihuang/go-abi/stdlib_uint256.abi.go:11810.2,11817.16 4 0
github.com/yihuang/go-abi/stdlib_uint256.abi.go:11817.16,11819.3 1 0
github.com/yihuang/go-abi/stdlib_uint256.abi.go:11820.2,11827.16 4 0
github.com/yihuang/go-abi/stdlib_uint256.abi.go:11827.16,11829.3 1 0
github.com/yihuang/go-abi/stdlib_uint256.abi.go:11830.2,11837.16 4 0
github.com/yihuang/go-abi/stdlib_uint256.abi.go:11837.16,11839.3 1 0
github.com/yihuang/go-abi/stdlib_uint256.abi.go:11840.2,11847.16 4 0
github.com/yihuang/go-abi/stdlib_uint256.abi.go:11847.16,11849.3 1 0
github.com/yihuang/go-abi/stdlib_uint256.abi.go:11850.2,11857.16 4 0
github.com/yihuang/go-abi/stdlib_uint256.abi.go:11857.16,11859.3 1 0
github.com/yihuang/go-abi/stdlib_uint256.abi.go:11860.2,11867.16 4 0
github.com/yihuang/go-abi/stdlib_uint256.abi.go:11867.16,11869.3 1 0
github.com/yihuang/go-abi/stdlib_uint256.abi.go:11870.2,11877.16 4 0
github.com/yihuang/go-abi/stdlib_uint256.abi.go:11877.16,11879.3 1 0
github.com/yihuang/go-abi/stdlib_uint256.abi.go:11880.2,11887.16 4 0
github.com/yihuang/go-abi/stdlib_uint256.abi.go:11887.16,11889.3 1 0
github.com/yihuang/go-abi/stdlib_uint256.abi.go:11890.2,11897.16 4 0
github.com/yihuang/go-abi/stdlib_uint256.abi.go:11897.16,11899.3 1 0
github.com/yihuang/go-abi/stdlib_uint256.abi.go:11900.2,11907.16 4 0
github.com/yihuang/go-abi/stdlib_uint256.abi.go:11907.16,11909.3 1 0
github.com/yihuang/go-abi/stdlib_uint256.abi.go:11910.2,11917.16 4 0
github.com/yihuang/go-abi/stdlib_uint256.abi.go:11917.16,11919.3 1 0
github.com/yihuang/go-abi/stdlib_uint256.abi.go:11920.2,11927.16 4 0
github.com/yihuang/go-abi/stdlib_uint256.abi.go:11927.16,11929.3 1 0
github.com/yihuang/go-abi/stdlib_uint256.abi.go:11930.2,11937.16 4 0
github.com/yihuang/go-abi/stdlib_uint256.abi.go:11937.16,11939.3 1 0
github.com/yihuang/go-abi/stdlib_uint256.abi.go:11940.2,11947.16 4 0
github.com/yihuang/go-abi/stdlib_uint256.abi.go:11947.16,11949.3 1 0
github.com/yihuang/go-abi/stdlib_uint256.abi.go:11950.2,11957.16 4 0
github.com/yihuang/go-abi/stdlib_uint256.abi.go:11957.16,11959.3 1 0
github.com/yihuang/go-abi/stdlib_uint256.abi.go:11960.2,11967.16 4 0
github.com/yihuang/go-abi/stdlib_uint256.abi.go:11967.16,11969.3 1 0
github.com/yihuang/go-abi/stdlib_uint256.abi.go:11970.2,11977.16 4 0
github.com/yihuang/go-abi/stdlib_uint256.abi.go:11977.16,11979.3 1 0
github.com/yihuang/go-abi/stdlib_uint256.abi.go:11980.2,11987.16 4 0
github.com/yihuang/go-abi/stdlib_uint256.abi.go:11987.16,11989.3 1 0
github.com/yihuang/go-abi/stdlib_uint256.abi.go:11990.2,11997.16 4 0
github.com/yihuang/go-abi/stdlib_uint256.abi.go:11997.16,11999.3 1 0
github.com/yihuang/go-abi/stdlib_uint256.abi.go:12000.2,12007.16 4 0
github.com/yihuang/go-abi/stdlib_uint256.abi.go:12007.16,12009.3 1 0
github.com/yihuang/go-abi/stdlib_uint256.abi.go:12010.2,12017.16 4 0
github.com/yihuang/go-abi/stdlib_uint256.abi.go:12017.16,12019.3 1 0
github.com/yihuang/go-abi/stdlib_uint256.abi.go:12020.2,12027.16 4 0
github.com/yihuang/go-abi/stdlib_uint256.abi.go:12027.16,12029.3 1 0
github.com/yihuang/go-abi/stdlib_uint256.abi.go:12030.2,12037.16 4 0
github.com/yihuang/go-abi/stdlib_uint256.abi.go:12037.16,12039.3 1 0
github.com/yihuang/go-abi/stdlib_uint256.abi.go:12040.2,12047.16 4 0
github.com/yihuang/go-abi/stdlib_uint256.abi.go:12047.16,12049.3 1 0
github.com/yihuang/go-abi/stdlib_uint256.abi.go:12050.2,12057.16 4 0
github.com/yihuang/go-abi/stdlib_uint256.abi.go:12057.16,12059.3 1 0
github.com/yihuang/go-abi/stdlib_uint256.abi.go:12060.2,12067.16 4 0
github.com/yihuang/go-abi/stdlib_uint256.abi.go:12067.16,12069.3 1 0
github.com/yihuang/go-abi/stdlib_uint256.abi.go:12070.2,12077.16 4 0
github.com/yihuang/go-abi/stdlib_uint256.abi.go:12077.16,12079.3 1 0
github.com/yihuang/go-abi/stdlib_uint256.abi.go:12080.2,12087.16 4 0
github.com/yihuang/go-abi/stdlib_uint256.abi.go:12087.16,12089.3 1 0
github.com/yihuang/go-abi/stdlib_uint256.abi.go:12090.2,12097.16 4 0
github.com/yihuang/go-abi/stdlib_uint256.abi.go:12097.16,12099.3 1 0
github.com/yihuang/go-abi/stdlib_uint256.abi.go:12100.2,12107.16 4 0
github.com/yihuang/go-abi/stdlib_uint256.abi.go:12107.16,12109.3 1 0
github.com/yihuang/go-abi/stdlib_uint256.abi.go:12110.2,12117.16 4 0
github.com/yihuang/go-abi/stdlib_uint256.abi.go:12117.16,12119.3 1 0
github.com/yihuang/go-abi/stdlib_uint256.abi.go:12120.2,12127.16 4 0
github.com/yihuang/go-abi/stdlib_uint256.abi.go:12127.16,12129.3 1 0
github.com/yihuang/go-abi/stdlib_uint256.abi.go:12130.2,12137.16 4 0
github.com/yihuang/go-abi/stdlib_uint256.abi.go:12137.16,12139.3 1 0
github.com/yihuang/go-abi/stdlib_uint256.abi.go:12140.2,12147.16 4 0
github.com/yihuang/go-abi/stdlib_uint256.abi.go:12147.16,12149.3 1 0
github.com/yihuang/go-abi/stdlib_uint256.abi.go:12150.2,12157.16 4 0
github.com/yihuang/go-abi/stdlib_uint256.abi.go:12157.16,12159.3 1 0
github.com/yihuang/go-abi/stdlib_uint256.abi.go:12160.2,12167.16 4 0
github.com/yihuang/go-abi/stdlib_uint256.abi.go:12167.16,12169.3 1 0
github.com/yihuang/go-abi/stdlib_uint256.abi.go:12170.2,12177.16 4 0
github.com/yihuang/go-abi/stdlib_uint256.abi.go:12177.16,12179.3 1 0
github.com/yihuang/go-abi/stdlib_uint256.abi.go:12180.2,12187.16 4 0
github.com/yihuang/go-abi/stdlib_uint256.abi.go:12187.16,12189.3 1 0
github.com/yihuang/go-abi/stdlib_uint256.abi.go:12190.2,12197.16 4 0
github.com/yihuang/go-abi/stdlib_uint256.abi.go:12197.16,12199.3 1 0
github.com/yihuang/go-abi/stdlib_uint256.abi.go:12200.2,12207.16 4 0
github.com/yihuang/go-abi/stdlib_uint256.abi.go:12207.16,12209.3 1 0
github.com/yihuang/go-abi/stdlib_uint256.abi.go:12210.2,12217.16 4 0
github.com/yihuang/go-abi/stdlib_uint256.abi.go:12217.16,12219.3 1 0
github.com/yihuang/go-abi/stdlib_uint256.abi.go:12220.2,12227.16 4 0
github.com/yihuang/go-abi/stdlib_uint256.abi.go:12227.16,12229.3 1 0
github.com/yihuang/go-abi/stdlib_uint256.abi.go:12230.2,12237.16 4 0
github.com/yihuang/go-abi/stdlib_uint256.abi.go:12237.16,12239.3 1 0
github.com/yihuang/go-abi/stdlib_uint256.abi.go:12240.2,12247.16 4 0
github.com/yihuang/go-abi/stdlib_uint256.abi.go:12247.16,12249.3 1 0
github.com/yihuang/go-abi/stdlib_uint256.abi.go:12250.2,12257.16 4 0
github.com/yihuang/go-abi/stdlib_uint256.abi.go:12257.16,12259.3 1 0
github.com/yihuang/go-abi/stdlib_uint256.abi.go:12260.2,12267.16 4 0
github.com/yihuang/go-abi/stdlib_uint256.abi.go:12267.16,12269.3 1 0
github.com/yihuang/go-abi/stdlib_uint256.abi.go:12270.2,12277.16 4 0
github.com/yihuang/go-abi/stdlib_uint256.abi.go:12277.16,12279.3 1 0
github.com/yihuang/go-abi/stdlib_uint256.abi.go:12280.2,12287.16 4 0
github.com/yihuang/go-abi/stdlib_uint256.abi.go:12287.16,12289.3 1 0
github.com/yihuang/go-abi/stdlib_uint256.abi.go:12290.2,12297.16 4 0
github.com/yihuang/go-abi/stdlib_uint256.abi.go:12297.16,12299.3 1 0
github.com/yihuang/go-abi/stdlib_uint256.abi.go:12300.2,12307.16 4 0
github.com/yihuang/go-abi/stdlib_uint256.abi.go:12307.16,12309.3 1 0
github.com/yihuang/go-abi/stdlib_uint256.abi.go:12310.2,12317.16 4 0
github.com/yihuang/go-abi/stdlib_uint256.abi.go:12317.16,12319.3 1 0
github.com/yihuang/go-abi/stdlib_uint256.abi.go:12320.2,12327.16 4 0
github.com/yihuang/go-abi/stdlib_uint256.abi.go:12327.16,12329.3 1 0
github.com/yihuang/go-abi/stdlib_uint256.abi.go:12330.2,12332.27 2 0
github.com/yihuang/go-abi/stdlib_uint256.abi.go:12336.48,12338.47 2 0
github.com/yihuang/go-abi/stdlib_uint256.abi.go:12338.47,12340.3 1 0
github.com/yihuang/go-abi/stdlib_uint256.abi.go:12341.2,12341.17 1 0
github.com/yihuang/go-abi/stdlib_uint256.abi.go:12345.53,12346.22 1 0
github.com/yihuang/go-abi/stdlib_uint256.abi.go:12346.22,12348.3 1 0
github.com/yihuang/go-abi/stdlib_uint256.abi.go:12349.2,12357.16 4 0
github.com/yihuang/go-abi/stdlib_uint256.abi.go:12357.16,12359.3 1 0
github.com/yihuang/go-abi/stdlib_uint256.abi.go:12361.2,12362.16 2 0
github.com/yihuang/go-abi/stdlib_uint256.abi.go:12362.16,12364.3 1 0
github.com/yihuang/go-abi/stdlib_uint256.abi.go:12366.2,12367.16 2 0
github.com/yihuang/go-abi/stdlib_uint256.abi.go:12367.16,12369.3 1 0
github.com/yihuang/go-abi/stdlib_uint256.abi.go:12371.2,12372.16 2 0
github.com/yihuang/go-abi/stdlib_uint256.abi.go:12372.16,12374.3 1 0
github.com/yihuang/go-abi/stdlib_uint256.abi.go:12376.2,12377.16 2 0
github.com/yihuang/go-abi/stdlib_uint256.abi.go:12377.16,12379.3 1 0
github.com/yihuang/go-abi/stdlib_uint256.abi.go:12381.2,12382.16 2 0
github.com/yihuang/go-abi/stdlib_uint256.abi.go:12382.16,12384.3 1 0
github.com/yihuang/go-abi/stdlib_uint256.abi.go:12386.2,12387.16 2 0
github.com/yihuang/go-abi/stdlib_uint256.abi.go:12387.16,12389.3 1 0
github.com/yihuang/go-abi/stdlib_uint256.abi.go:12391.2,12392.16 2 0
github.com/yihuang/go-abi/stdlib_uint256.abi.go:12392.16,12394.3 1 0
github.com/yihuang/go-abi/stdlib_uint256.abi.go:12396.2,12397.16 2 0
github.com/yihuang/go-abi/stdlib_uint256.abi.go:12397.16,12399.3 1 0
github.com/yihuang/go-abi/stdlib_uint256.abi.go:12401.2,12402.16 2 0
github.com/yihuang/go-abi/stdlib_uint256.abi.go:12402.16,12404.3 1 0
github.com/yihuang/go-abi/stdlib_uint256.abi.go:12406.2,12407.16 2 0
github.com/yihuang/go-abi/stdlib_uint256.abi.go:12407.16,12409.3 1 0
github.com/yihuang/go-abi/stdlib_uint256.abi.go:12411.2,12412.16 2 0
github.com/yihuang/go-abi/stdlib_uint256.abi.go:12412.16,12414.3 1 0
github.com/yihuang/go-abi/stdlib_uint256.abi.go:12416.2,12417.16 2 0
github.com/yihuang/go-abi/stdlib_uint256.abi.go:12417.16,12419.3 1 0
github.com/yihuang/go-abi/stdlib_uint256.abi.go:12421.2,12422.16 2 0
github.com/yihuang/go-abi/stdlib_uint256.abi.go:12422.16,12424.3 1 0
github.com/yihuang/go-abi/stdlib_uint256.abi.go:12426.2,12427.16 2 0
github.com/yihuang/go-abi/stdlib_uint256.abi.go:12427.16,12429.3 1 0
github.com/yihuang/go-abi/stdlib_uint256.abi.go:12431.2,12432.16 2 0
github.com/yihuang/go-abi/stdlib_uint256.abi.go:12432.16,12434.3 1 0
github.com/yihuang/go-abi/stdlib_uint256.abi.go:12436.2,12437.16 2 0
github.com/yihuang/go-abi/stdlib_uint256.abi.go:12437.16,12439.3 1 0
github.com/yihuang/go-abi/stdlib_uint256.abi.go:12441.2,12442.16 2 0
github.com/yihuang/go-abi/stdlib_uint256.abi.go:12442.16,12444.3 1 0
github.com/yihuang/go-abi/stdlib_uint256.abi.go:12446.2,12447.16 2 0
github.com/yihuang/go-abi/stdlib_uint256.abi.go:12447.16,12449.3 1 0
github.com/yihuang/go-abi/stdlib_uint256.abi.go:12451.2,12452.16 2 0
github.com/yihuang/go-abi/stdlib_uint256.abi.go:12452.16,12454.3 1 0
github.com/yihuang/go-abi/stdlib_uint256.abi.go:12456.2,12457.16 2 0
github.com/yihuang/go-abi/stdlib_uint256.abi.go:12457.16,12459.3 1 0
github.com/yihuang/go-abi/stdlib_uint256.abi.go:12461.2,12462.16 2 0
github.com/yihuang/go-abi/stdlib_uint256.abi.go:12462.16,12464.3 1 0
github.com/yihuang/go-abi/stdlib_uint256.abi.go:12466.2,12467.16 2 0
github.com/yihuang/go-abi/stdlib_uint256.abi.go:12467.16,12469.3 1 0
github.com/yihuang/go-abi/stdlib_uint256.abi.go:12471.2,12472.16 2 0
github.com/yihuang/go-abi/stdlib_uint256.abi.go:12472.16,12474.3 1 0
github.com/yihuang/go-abi/stdlib_uint256.abi.go:12476.2,12477.16 2 0
github.com/yihuang/go-abi/stdlib_uint256.abi.go:12477.16,12479.3 1 0
github.com/yihuang/go-abi/stdlib_uint256.abi.go:12481.2,12482.16 2 0
github.com/yihuang/go-abi/stdlib_uint256.abi.go:12482.16,12484.3 1 0
github.com/yihuang/go-abi/stdlib_uint256.abi.go:12486.2,12487.16 2 0
github.com/yihuang/go-abi/stdlib_uint256.abi.go:12487.16,12489.3 1 0
github.com/yihuang/go-abi/stdlib_uint256.abi.go:12491.2,12492.16 2 0
github.com/yihuang/go-abi/stdlib_uint256.abi.go:12492.16,12494.3 1 0
github.com/yihuang/go-abi/stdlib_uint256.abi.go:12496.2,12497.16 2 0
github.com/yihuang/go-abi/stdlib_uint256.abi.go:12497.16,12499.3 1 0
github.com/yihuang/go-abi/stdlib_uint256.abi.go:12501.2,12502.16 2 0
github.com/yihuang/go-abi/stdlib_uint256.abi.go:12502.16,12504.3 1 0
github.com/yihuang/go-abi/stdlib_uint256.abi.go:12506.2,12507.16 2 0
github.com/yihuang/go-abi/stdlib_uint256.abi.go:12507.16,12509.3 1 0
github.com/yihuang/go-abi/stdlib_uint256.abi.go:12511.2,12512.16 2 0
github.com/yihuang/go-abi/stdlib_uint256.abi.go:12512.16,12514.3 1 0
github.com/yihuang/go-abi/stdlib_uint256.abi.go:12516.2,12517.16 2 0
github.com/yihuang/go-abi/stdlib_uint256.abi.go:12517.16,12519.3 1 0
github.com/yihuang/go-abi/stdlib_uint256.abi.go:12521.2,12522.16 2 0
github.com/yihuang/go-abi/stdlib_uint256.abi.go:12522.16,12524.3 1 0
github.com/yihuang/go-abi/stdlib_uint256.abi.go:12526.2,12527.16 2 0
github.com/yihuang/go-abi/stdlib_uint256.abi.go:12527.16,12529.3 1 0
github.com/yihuang/go-abi/stdlib_uint256.abi.go:12531.2,12532.16 2 0
github.com/yihuang/go-abi/stdlib_uint256.abi.go:12532.16,12534.3 1 0
github.com/yihuang/go-abi/stdlib_uint256.abi.go:12536.2,12537.16 2 0
github.com/yihuang/go-abi/stdlib_uint256.abi.go:12537.16,12539.3 1 0
github.com/yihuang/go-abi/stdlib_uint256.abi.go:12541.2,12542.16 2 0
github.com/yihuang/go-abi/stdlib_uint256.abi.go:12542.16,12544.3 1 0
github.com/yihuang/go-abi/stdlib_uint256.abi.go:12546.2,12547.16 2 0
github.com/yihuang/go-abi/stdlib_uint256.abi.go:12547.16,12549.3 1 0
github.com/yihuang/go-abi/stdlib_uint256.abi.go:12551.2,12552.16 2 0
github.com/yihuang/go-abi/stdlib_uint256.abi.go:12552.16,12554.3 1 0
github.com/yihuang/go-abi/stdlib_uint256.abi.go:12556.2,12557.16 2 0
github.com/yihuang/go-abi/stdlib_uint256.abi.go:12557.16,12559.3 1 0
github.com/yihuang/go-abi/stdlib_uint256.abi.go:12561.2,12562.16 2 0
github.com/yihuang/go-abi/stdlib_uint256.abi.go:12562.16,12564.3 1 0
github.com/yihuang/go-abi/stdlib_uint256.abi.go:12566.2,12567.16 2 0
github.com/yihuang/go-abi/stdlib_uint256.abi.go:12567.16,12569.3 1 0
github.com/yihuang/go-abi/stdlib_uint256.abi.go:12571.2,12572.16 2 0
github.com/yihuang/go-abi/stdlib_uint256.abi.go:12572.16,12574.3 1 0
github.com/yihuang/go-abi/stdlib_uint256.abi.go:12576.2,12577.16 2 0
github.com/yihuang/go-abi/stdlib_uint256.abi.go:12577.16,12579.3 1 0
github.com/yihuang/go-abi/stdlib_uint256.abi.go:12581.2,12582.16 2 0
github.com/yihuang/go-abi/stdlib_uint256.abi.go:12582.16,12584.3 1 0
github.com/yihuang/go-abi/stdlib_uint256.abi.go:12586.2,12587.16 2 0
github.com/yihuang/go-abi/stdlib_uint256.abi.go:12587.16,12589.3 1 0
github.com/yihuang/go-abi/stdlib_uint256.abi.go:12591.2,12592.16 2 0
github.com/yihuang/go-abi/stdlib_uint256.abi.go:12592.16,12594.3 1 0
github.com/yihuang/go-abi/stdlib_uint256.abi.go:12596.2,12597.16 2 0
github.com/yihuang/go-abi/stdlib_uint256.abi.go:12597.16,12599.3 1 0
github.com/yihuang/go-abi/stdlib_uint256.abi.go:12601.2,12602.16 2 0
github.com/yihuang/go-abi/stdlib_uint256.abi.go:12602.16,12604.3 1 0
github.com/yihuang/go-abi/stdlib_uint256.abi.go:12606.2,12607.16 2 0
github.com/yihuang/go-abi/stdlib_uint256.abi.go:12607.16,12609.3 1 0
github.com/yihuang/go-abi/stdlib_uint256.abi.go:12611.2,12612.16 2 0
github.com/yihuang/go-abi/stdlib_uint256.abi.go:12612.16,12614.3 1 0
github.com/yihuang/go-abi/stdlib_uint256.abi.go:12616.2,12617.16 2 0
github.com/yihuang/go-abi/stdlib_uint256.abi.go:12617.16,12619.3 1 0
github.com/yihuang/go-abi/stdlib_uint256.abi.go:12621.2,12622.16 2 0
github.com/yihuang/go-abi/stdlib_uint256.abi.go:12622.16,12624.3 1 0
github.com/yihuang/go-abi/stdlib_uint256.abi.go:12626.2,12627.16 2 0
github.com/yihuang/go-abi/stdlib_uint256.abi.go:12627.16,12629.3 1 0
github.com/yihuang/go-abi/stdlib_uint256.abi.go:12631.2,12632.16 2 0
github.com/yihuang/go-abi/stdlib_uint256.abi.go:12632.16,12634.3 1 0
github.com/yihuang/go-abi/stdlib_uint256.abi.go:12636.2,12637.16 2 0
github.com/yihuang/go-abi/stdlib_uint256.abi.go:12637.16,12639.3 1 0
github.com/yihuang/go-abi/stdlib_uint256.abi.go:12641.2,12642.16 2 0
github.com/yihuang/go-abi/stdlib_uint256.abi.go:12642.16,12644.3 1 0
github.com/yihuang/go-abi/stdlib_uint256.abi.go:12646.2,12647.16 2 0
github.com/yihuang/go-abi/stdlib_uint256.abi.go:12647.16,12649.3 1 0
github.com/yihuang/go-abi/stdlib_uint256.abi.go:12651.2,12652.16 2 0
github.com/yihuang/go-abi/stdlib_uint256.abi.go:12652.16,12654.3 1 0
github.com/yihuang/go-abi/stdlib_uint256.abi.go:12656.2,12657.16 2 0
github.com/yihuang/go-abi/stdlib_uint256.abi.go:12657.16,12659.3 1 0
github.com/yihuang/go-abi/stdlib_uint256.abi.go:12661.2,12662.16 2 0
github.com/yihuang/go-abi/stdlib_uint256.abi.go:12662.16,12664.3 1 0
github.com/yihuang/go-abi/stdlib_uint256.abi.go:12666.2,12667.16 2 0
github.com/yihuang/go-abi/stdlib_uint256.abi.go:12667.16,12669.3 1 0
github.com/yihuang/go-abi/stdlib_uint256.abi.go:12671.2,12672.16 2 0
github.com/yihuang/go-abi/stdlib_uint256.abi.go:12672.16,12674.3 1 0
github.com/yihuang/go-abi/stdlib_uint256.abi.go:12676.2,12678.17 2 0
github.com/yihuang/go-abi/stdlib_uint256.abi.go:12678.17,12680.4 1 0
github.com/yihuang/go-abi/stdlib_uint256.abi.go:12681.3,12681.30 1 0
github.com/yihuang/go-abi/stdlib_uint256.abi.go:12681.30,12683.4 1 0
github.com/yihuang/go-abi/stdlib_uint256.abi.go:12684.3,12685.17 2 0
github.com/yihuang/go-abi/stdlib_uint256.abi.go:12685.17,12687.4 1 0
github.com/yihuang/go-abi/stdlib_uint256.abi.go:12688.3,12688.21 1 0
github.com/yihuang/go-abi/stdlib_uint256.abi.go:12691.2,12693.17 2 0
github.com/yihuang/go-abi/stdlib_uint256.abi.go:12693.17,12695.4 1 0
github.com/yihuang/go-abi/stdlib_uint256.abi.go:12696.3,12696.30 1 0
github.com/yihuang/go-abi/stdlib_uint256.abi.go:12696.30,12698.4 1 0
github.com/yihuang/go-abi/stdlib_uint256.abi.go:12699.3,12700.17 2 0
github.com/yihuang/go-abi/stdlib_uint256.abi.go:12700.17,12702.4 1 0
github.com/yihuang/go-abi/stdlib_uint256.abi.go:12703.3,12703.21 1 0
github.com/yihuang/go-abi/stdlib_uint256.abi.go:12706.2,12708.17 2 0
github.com/yihuang/go-abi/stdlib_uint256.abi.go:12708.17,12710.4 1 0
github.com/yihuang/go-abi/stdlib_uint256.abi.go:12711.3,12711.30 1 0
github.com/yihuang/go-abi/stdlib_uint256.abi.go:12711.30,12713.4 1 0
github.com/yihuang/go-abi/stdlib_uint256.abi.go:12714.3,12715.17 2 0
github.com/yihuang/go-abi/stdlib_uint256.abi.go:12715.17,12717.4 1 0
github.com/yihuang/go-abi/stdlib_uint256.abi.go:12718.3,12718.21 1 0
github.com/yihuang/go-abi/stdlib_uint256.abi.go:12721.2,12723.17 2 0
github.com/yihuang/go-abi/stdlib_uint256.abi.go:12723.17,12725.4 1 0
github.com/yihuang/go-abi/stdlib_uint256.abi.go:12726.3,12726.30 1 0
github.com/yihuang/go-abi/stdlib_uint256.abi.go:12726.30,12728.4 1 0
github.com/yihuang/go-abi/stdlib_uint256.abi.go:12729.3,12730.17 2 0
github.com/yihuang/go-abi/stdlib_uint256.abi.go:12730.17,12732.4 1 0
github.com/yihuang/go-abi/stdlib_uint256.abi.go:12733.3,12733.21 1 0
github.com/yihuang/go-abi/stdlib_uint256.abi.go:12736.2,12738.17 2 0
github.com/yihuang/go-abi/stdlib_uint256.abi.go:12738.17,12740.4 1 0
github.com/yihuang/go-abi/stdlib_uint256.abi.go:12741.3,12741.30 1 0
github.com/yihuang/go-abi/stdlib_uint256.abi.go:12741.30,12743.4 1 0
github.com/yihuang/go-abi/stdlib_uint256.abi.go:12744.3,12745.17 2 0
github.com/yihuang/go-abi/stdlib_uint256.abi.go:12745.17,12747.4 1 0
github.com/yihuang/go-abi/stdlib_uint256.abi.go:12748.3,12748.21 1 0
github.com/yihuang/go-abi/stdlib_uint256.abi.go:12751.2,12753.17 2 0
github.com/yihuang/go-abi/stdlib_uint256.abi.go:12753.17,12755.4 1 0
github.com/yihuang/go-abi/stdlib_uint256.abi.go:12756.3,12756.30 1 0
github.com/yihuang/go-abi/stdlib_uint256.abi.go:12756.30,12758.4 1 0
github.com/yihuang/go-abi/stdlib_uint256.abi.go:12759.3,12760.17 2 0
github.com/yihuang/go-abi/stdlib_uint256.abi.go:12760.17,12762.4 1 0
github.com/yihuang/go-abi/stdlib_uint256.abi.go:12763.3,12763.21 1 0
github.com/yihuang/go-abi/stdlib_uint256.abi.go:12766.2,12768.17 2 0
github.com/yihuang/go-abi/stdlib_uint256.abi.go:12768.17,12770.4 1 0
github.com/yihuang/go-abi/stdlib_uint256.abi.go:12771.3,12771.30 1 0
github.com/yihuang/go-abi/stdlib_uint256.abi.go:12771.30,12773.4 1 0
github.com/yihuang/go-abi/stdlib_uint256.abi.go:12774.3,12775.17 2 0
github.com/yihuang/go-abi/stdlib_uint256.abi.go:12775.17,12777.4 1 0
github.com/yihuang/go-abi/stdlib_uint256.abi.go:12778.3,12778.21 1 0
github.com/yihuang/go-abi/stdlib_uint256.abi.go:12781.2,12783.17 2 0
github.com/yihuang/go-abi/stdlib_uint256.abi.go:12783.17,12785.4 1 0
github.com/yihuang/go-abi/stdlib_uint256.abi.go:12786.3,12786.30 1 0
github.com/yihuang/go-abi/stdlib_uint256.abi.go:12786.30,12788.4 1 0
github.com/yihuang/go-abi/stdlib_uint256.abi.go:12789.3,12790.17 2 0
github.com/yihuang/go-abi/stdlib_uint256.abi.go:12790.17,12792.4 1 0
github.com/yihuang/go-abi/stdlib_uint256.abi.go:12793.3,12793.21 1 0
github.com/yihuang/go-abi/stdlib_uint256.abi.go:12796.2,12798.17 2 0
github.com/yihuang/go-abi/stdlib_uint256.abi.go:12798.17,12800.4 1 0
github.com/yihuang/go-abi/stdlib_uint256.abi.go:12801.3,12801.30 1 0
github.com/yihuang/go-abi/stdlib_uint256.abi.go:12801.30,12803.4 1 0
github.com/yihuang/go-abi/stdlib_uint256.abi.go:12804.3,12805.17 2 0
github.com/yihuang/go-abi/stdlib_uint256.abi.go:12805.17,12807.4 1 0
github.com/yihuang/go-abi/stdlib_uint256.abi.go:12808.3,12808.21 1 0
github.com/yihuang/go-abi/stdlib_uint256.abi.go:12811.2,12813.17 2 0
github.com/yihuang/go-abi/stdlib_uint256.abi.go:12813.17,12815.4 1 0
github.com/yihuang/go-abi/stdlib_uint256.abi.go:12816.3,12816.30 1 0
github.com/yihuang/go-abi/stdlib_uint256.abi.go:12816.30,12818.4 1 0
github.com/yihuang/go-abi/stdlib_uint256.abi.go:12819.3,12820.17 2 0
github.com/yihuang/go-abi/stdlib_uint256.abi.go:12820.17,12822.4 1 0
github.com/yihuang/go-abi/stdlib_uint256.abi.go:12823.3,12823.21 1 0
github.com/yihuang/go-abi/stdlib_uint256.abi.go:12826.2,12828.17 2 0
github.com/yihuang/go-abi/stdlib_uint256.abi.go:12828.17,12830.4 1 0
github.com/yihuang/go-abi/stdlib_uint256.abi.go:12831.3,12831.30 1 0
github.com/yihuang/go-abi/stdlib_uint256.abi.go:12831.30,12833.4 1 0
github.com/yihuang/go-abi/stdlib_uint256.abi.go:12834.3,12835.17 2 0
github.com/yihuang/go-abi/stdlib_uint256.abi.go:12835.17,12837.4 1 0
github.com/yihuang/go-abi/stdlib_uint256.abi.go:12838.3,12838.21 1 0
github.com/yihuang/go-abi/stdlib_uint256.abi.go:12841.2,12843.17 2 0
github.com/yihuang/go-abi/stdlib_uint256.abi.go:12843.17,12845.4 1 0
github.com/yihuang/go-abi/stdlib_uint256.abi.go:12846.3,12846.30 1 0
github.com/yihuang/go-abi/stdlib_uint256.abi.go:12846.30,12848.4 1 0
github.com/yihuang/go-abi/stdlib_uint256.abi.go:12849.3,12850.17 2 0
github.com/yihuang/go-abi/stdlib_uint256.abi.go:12850.17,12852.4 1 0
github.com/yihuang/go-abi/stdlib_uint256.abi.go:12853.3,12853.21 1 0
github.com/yihuang/go-abi/stdlib_uint256.abi.go:12856.2,12858.17 2 0
github.com/yihuang/go-abi/stdlib_uint256.abi.go:12858.17,12860.4 1 0
github.com/yihuang/go-abi/stdlib_uint256.abi.go:12861.3,12861.30 1 0
github.com/yihuang/go-abi/stdlib_uint256.abi.go:12861.30,12863.4 1 0
github.com/yihuang/go-abi/stdlib_uint256.abi.go:12864.3,12865.17 2 0
github.com/yihuang/go-abi/stdlib_uint256.abi.go:12865.17,12867.4 1 0
github.com/yihuang/go-abi/stdlib_uint256.abi.go:12868.3,12868.21 1 0
github.com/yihuang/go-abi/stdlib_uint256.abi.go:12871.2,12873.17 2 0
github.com/yihuang/go-abi/stdlib_uint256.abi.go:12873.17,12875.4 1 0
github.com/yihuang/go-abi/stdlib_uint256.abi.go:12876.3,12876.30 1 0
github.com/yihuang/go-abi/stdlib_uint256.abi.go:12876.30,12878.4 1 0
github.com/yihuang/go-abi/stdlib_uint256.abi.go:12879.3,12880.17 2 0
github.com/yihuang/go-abi/stdlib_uint256.abi.go:12880.17,12882.4 1 0
github.com/yihuang/go-abi/stdlib_uint256.abi.go:12883.3,12883.21 1 0
github.com/yihuang/go-abi/stdlib_uint256.abi.go:12886.2,12888.17 2 0
github.com/yihuang/go-abi/stdlib_uint256.abi.go:12888.17,12890.4 1 0
github.com/yihuang/go-abi/stdlib_uint256.abi.go:12891.3,12891.30 1 0
github.com/yihuang/go-abi/stdlib_uint256.abi.go:12891.30,12893.4 1 0
github.com/yihuang/go-abi/stdlib_uint256.abi.go:12894.3,12895.17 2 0
github.com/yihuang/go-abi/stdlib_uint256.abi.go:12895.17,12897.4 1 0
github.com/yihuang/go-abi/stdlib_uint256.abi.go:12898.3,12898.21 1 0
github.com/yihuang/go-abi/stdlib_uint256.abi.go:12901.2,12903.17 2 0
github.com/yihuang/go-abi/stdlib_uint256.abi.go:12903.17,12905.4 1 0
github.com/yihuang/go-abi/stdlib_uint256.abi.go:12906.3,12906.30 1 0
github.com/yihuang/go-abi/stdlib_uint256.abi.go:12906.30,12908.4 1 0
github.com/yihuang/go-abi/stdlib_uint256.abi.go:12909.3,12910.17 2 0
github.com/yihuang/go-abi/stdlib_uint256.abi.go:12910.17,12912.4 1 0
github.com/yihuang/go-abi/stdlib_uint256.abi.go:12913.3,12913.21 1 0
github.com/yihuang/go-abi/stdlib_uint256.abi.go:12916.2,12918.17 2 0
github.com/yihuang/go-abi/stdlib_uint256.abi.go:12918.17,12920.4 1 0
github.com/yihuang/go-abi/stdlib_uint256.abi.go:12921.3,12921.30 1 0
github.com/yihuang/go-abi/stdlib_uint256.abi.go:12921.30,12923.4 1 0
github.com/yihuang/go-abi/stdlib_uint256.abi.go:12924.3,12925.17 2 0
github.com/yihuang/go-abi/stdlib_uint256.abi.go:12925.17,12927.4 1 0
github.com/yihuang/go-abi/stdlib_uint256.abi.go:12928.3,12928.21 1 0
github.com/yihuang/go-abi/stdlib_uint256.abi.go:12931.2,12933.17 2 0
github.com/yihuang/go-abi/stdlib_uint256.abi.go:12933.17,12935.4 1 0
github.com/yihuang/go-abi/stdlib_uint256.abi.go:12936.3,12936.30 1 0
github.com/yihuang/go-abi/stdlib_uint256.abi.go:12936.30,12938.4 1 0
github.com/yihuang/go-abi/stdlib_uint256.abi.go:12939.3,12940.17 2 0
github.com/yihuang/go-abi/stdlib_uint256.abi.go:12940.17,12942.4 1 0
github.com/yihuang/go-abi/stdlib_uint256.abi.go:12943.3,12943.21 1 0
github.com/yihuang/go-abi/stdlib_uint256.abi.go:12946.2,12948.17 2 0
github.com/yihuang/go-abi/stdlib_uint256.abi.go:12948.17,12950.4 1 0
github.com/yihuang/go-abi/stdlib_uint256.abi.go:12951.3,12951.30 1 0
github.com/yihuang/go-abi/stdlib_uint256.abi.go:12951.30,12953.4 1 0
github.com/yihuang/go-abi/stdlib_uint256.abi.go:12954.3,12955.17 2 0
github.com/yihuang/go-abi/stdlib_uint256.abi.go:12955.17,12957.4 1 0
github.com/yihuang/go-abi/stdlib_uint256.abi.go:12958.3,12958.21 1 0
github.com/yihuang/go-abi/stdlib_uint256.abi.go:12961.2,12963.17 2 0
github.com/yihuang/go-abi/stdlib_uint256.abi.go:12963.17,12965.4 1 0
github.com/yihuang/go-abi/stdlib_uint256.abi.go:12966.3,12966.30 1 0
github.com/yihuang/go-abi/stdlib_uint256.abi.go:12966.30,12968.4 1 0
github.com/yihuang/go-abi/stdlib_uint256.abi.go:12969.3,12970.17 2 0
github.com/yihuang/go-abi/stdlib_uint256.abi.go:12970.17,12972.4 1 0
github.com/yihuang/go-abi/stdlib_uint256.abi.go:12973.3,12973.21 1 0
github.com/yihuang/go-abi/stdlib_uint256.abi.go:12976.2,12978.17 2 0
github.com/yihuang/go-abi/stdlib_uint256.abi.go:12978.17,12980.4 1 0
github.com/yihuang/go-abi/stdlib_uint256.abi.go:12981.3,12981.30 1 0
github.com/yihuang/go-abi/stdlib_uint256.abi.go:12981.30,12983.4 1 0
github.com/yihuang/go-abi/stdlib_uint256.abi.go:12984.3,12985.17 2 0
github.com/yihuang/go-abi/stdlib_uint256.abi.go:12985.17,12987.4 1 0
github.com/yihuang/go-abi/stdlib_uint256.abi.go:12988.3,12988.21 1 0
github.com/yihuang/go-abi/stdlib_uint256.abi.go:12991.2,12993.17 2 0
github.com/yihuang/go-abi/stdlib_uint256.abi.go:12993.17,12995.4 1 0
github.com/yihuang/go-abi/stdlib_uint256.abi.go:12996.3,12996.30 1 0
github.com/yihuang/go-abi/stdlib_uint256.abi.go:12996.30,12998.4 1 0
github.com/yihuang/go-abi/stdlib_uint256.abi.go:12999.3,13000.17 2 0
github.com/yihuang/go-abi/stdlib_uint256.abi.go:13000.17,13002.4 1 0
github.com/yihuang/go-abi/stdlib_uint256.abi.go:13003.3,13003.21 1 0
github.com/yihuang/go-abi/stdlib_uint256.abi.go:13006.2,13008.17 2 0
github.com/yihuang/go-abi/stdlib_uint256.abi.go:13008.17,13010.4 1 0
github.com/yihuang/go-abi/stdlib_uint256.abi.go:13011.3,13011.30 1 0
github.com/yihuang/go-abi/stdlib_uint256.abi.go:13011.30,13013.4 1 0
github.com/yihuang/go-abi/stdlib_uint256.abi.go:13014.3,13015.17 2 0
github.com/yihuang/go-abi/stdlib_uint256.abi.go:13015.17,13017.4 1 0
github.com/yihuang/go-abi/stdlib_uint256.abi.go:13018.3,13018.21 1 0
github.com/yihuang/go-abi/stdlib_uint256.abi.go:13021.2,13023.17 2 0
github.com/yihuang/go-abi/stdlib_uint256.abi.go:13023.17,13025.4 1 0
github.com/yihuang/go-abi/stdlib_uint256.abi.go:13026.3,13026.30 1 0
github.com/yihuang/go-abi/stdlib_uint256.abi.go:13026.30,13028.4 1 0
github.com/yihuang/go-abi/stdlib_uint256.abi.go:13029.3,13030.17 2 0
github.com/yihuang/go-abi/stdlib_uint256.abi.go:13030.17,13032.4 1 0
github.com/yihuang/go-abi/stdlib_uint256.abi.go:13033.3,13033.21 1 0
github.com/yihuang/go-abi/stdlib_uint256.abi.go:13036.2,13038.17 2 0
github.com/yihuang/go-abi/stdlib_uint256.abi.go:13038.17,13040.4 1 0
github.com/yihuang/go-abi/stdlib_uint256.abi.go:13041.3,13041.30 1 0
github.com/yihuang/go-abi/stdlib_uint256.abi.go:13041.30,13043.4 1 0
github.com/yihuang/go-abi/stdlib_uint256.abi.go:13044.3,13045.17 2 0
github.com/yihuang/go-abi/stdlib_uint256.abi.go:13045.17,13047.4 1 0
github.com/yihuang/go-abi/stdlib_uint256.abi.go:13048.3,13048.21 1 0
github.com/yihuang/go-abi/stdlib_uint256.abi.go:13051.2,13053.17 2 0
github.com/yihuang/go-abi/stdlib_uint256.abi.go:13053.17,13055.4 1 0
github.com/yihuang/go-abi/stdlib_uint256.abi.go:13056.3,13056.30 1 0
github.com/yihuang/go-abi/stdlib_uint256.abi.go:13056.30,13058.4 1 0
github.com/yihuang/go-abi/stdlib_uint256.abi.go:13059.3,13060.17 2 0
github.com/yihuang/go-abi/stdlib_uint256.abi.go:13060.17,13062.4 1 0
github.com/yihuang/go-abi/stdlib_uint256.abi.go:13063.3,13063.21 1 0
github.com/yihuang/go-abi/stdlib_uint256.abi.go:13066.2,13068.17 2 0
github.com/yihuang/go-abi/stdlib_uint256.abi.go:13068.17,13070.4 1 0
github.com/yihuang/go-abi/stdlib_uint256.abi.go:13071.3,13071.30 1 0
github.com/yihuang/go-abi/stdlib_uint256.abi.go:13071.30,13073.4 1 0
github.com/yihuang/go-abi/stdlib_uint256.abi.go:13074.3,13075.17 2 0
github.com/yihuang/go-abi/stdlib_uint256.abi.go:13075.17,13077.4 1 0
github.com/yihuang/go-abi/stdlib_uint256.abi.go:13078.3,13078.21 1 0
github.com/yihuang/go-abi/stdlib_uint256.abi.go:13081.2,13083.17 2 0
github.com/yihuang/go-abi/stdlib_uint256.abi.go:13083.17,13085.4 1 0
github.com/yihuang/go-abi/stdlib_uint256.abi.go:13086.3,13086.30 1 0
github.com/yihuang/go-abi/stdlib_uint256.abi.go:13086.30,13088.4 1 0
github.com/yihuang/go-abi/stdlib_uint256.abi.go:13089.3,13090.17 2 0
github.com/yihuang/go-abi/stdlib_uint256.abi.go:13090.17,13092.4 1 0
github.com/yihuang/go-abi/stdlib_uint256.abi.go:13093.3,13093.21 1 0
github.com/yihuang/go-abi/stdlib_uint256.abi.go:13096.2,13098.17 2 0
github.com/yihuang/go-abi/stdlib_uint256.abi.go:13098.17,13100.4 1 0
github.com/yihuang/go-abi/stdlib_uint256.abi.go:13101.3,13101.30 1 0
github.com/yihuang/go-abi/stdlib_uint256.abi.go:13101.30,13103.4 1 0
github.com/yihuang/go-abi/stdlib_uint256.abi.go:13104.3,13105.17 2 0
github.com/yihuang/go-abi/stdlib_uint256.abi.go:13105.17,13107.4 1 0
github.com/yihuang/go-abi/stdlib_uint256.abi.go:13108.3,13108.21 1 0
github.com/yihuang/go-abi/stdlib_uint256.abi.go:13111.2,13113.17 2 0
github.com/yihuang/go-abi/stdlib_uint256.abi.go:13113.17,13115.4 1 0
github.com/yihuang/go-abi/stdlib_uint256.abi.go:13116.3,13116.30 1 0
github.com/yihuang/go-abi/stdlib_uint256.abi.go:13116.30,13118.4 1 0
github.com/yihuang/go-abi/stdlib_uint256.abi.go:13119.3,13120.17 2 0
github.com/yihuang/go-abi/stdlib_uint256.abi.go:13120.17,13122.4 1 0
github.com/yihuang/go-abi/stdlib_uint256.abi.go:13123.3,13123.21 1 0
github.com/yihuang/go-abi/stdlib_uint256.abi.go:13126.2,13128.17 2 0
github.com/yihuang/go-abi/stdlib_uint256.abi.go:13128.17,13130.4 1 0
github.com/yihuang/go-abi/stdlib_uint256.abi.go:13131.3,13131.30 1 0
github.com/yihuang/go-abi/stdlib_uint256.abi.go:13131.30,13133.4 1 0
github.com/yihuang/go-abi/stdlib_uint256.abi.go:13134.3,13135.17 2 0
github.com/yihuang/go-abi/stdlib_uint256.abi.go:13135.17,13137.4 1 0
github.com/yihuang/go-abi/stdlib_uint256.abi.go:13138.3,13138.21 1 0
github.com/yihuang/go-abi/stdlib_uint256.abi.go:13141.2,13143.17 2 0
github.com/yihuang/go-abi/stdlib_uint256.abi.go:13143.17,13145.4 1 0
github.com/yihuang/go-abi/stdlib_uint256.abi.go:13146.3,13146.30 1 0
github.com/yihuang/go-abi/stdlib_uint256.abi.go:13146.30,13148.4 1 0
github.com/yihuang/go-abi/stdlib_uint256.abi.go:13149.3,13150.17 2 0
github.com/yihuang/go-abi/stdlib_uint256.abi.go:13150.17,13152.4 1 0
github.com/yihuang/go-abi/stdlib_uint256.abi.go:13153.3,13153.21 1 0
github.com/yihuang/go-abi/stdlib_uint256.abi.go:13156.2,13158.17 2 0
github.com/yihuang/go-abi/stdlib_uint256.abi.go:13158.17,13160.4 1 0
github.com/yihuang/go-abi/stdlib_uint256.abi.go:13161.3,13161.30 1 0
github.com/yihuang/go-abi/stdlib_uint256.abi.go:13161.30,13163.4 1 0
github.com/yihuang/go-abi/stdlib_uint256.abi.go:13164.3,13165.17 2 0
github.com/yihuang/go-abi/stdlib_uint256.abi.go:13165.17,13167.4 1 0
github.com/yihuang/go-abi/stdlib_uint256.abi.go:13168.3,13168.21 1 0
github.com/yihuang/go-abi/stdlib_uint256.abi.go:13171.2,13173.17 2 0
github.com/yihuang/go-abi/stdlib_uint256.abi.go:13173.17,13175.4 1 0
github.com/yihuang/go-abi/stdlib_uint256.abi.go:13176.3,13176.30 1 0
github.com/yihuang/go-abi/stdlib_uint256.abi.go:13176.30,13178.4 1 0
github.com/yihuang/go-abi/stdlib_uint256.abi.go:13179.3,13180.17 2 0
github.com/yihuang/go-abi/stdlib_uint256.abi.go:13180.17,13182.4 1 0
github.com/yihuang/go-abi/stdlib_uint256.abi.go:13183.3,13183.21 1 0
github.com/yihuang/go-abi/stdlib_uint256.abi.go:13186.2,13188.17 2 0
github.com/yihuang/go-abi/stdlib_uint256.abi.go:13188.17,13190.4 1 0
github.com/yihuang/go-abi/stdlib_uint256.abi.go:13191.3,13191.30 1 0
github.com/yihuang/go-abi/stdlib_uint256.abi.go:13191.30,13193.4 1 0
github.com/yihuang/go-abi/stdlib_uint256.abi.go:13194.3,13195.17 2 0
github.com/yihuang/go-abi/stdlib_uint256.abi.go:13195.17,13197.4 1 0
github.com/yihuang/go-abi/stdlib_uint256.abi.go:13198.3,13198.21 1 0
github.com/yihuang/go-abi/stdlib_uint256.abi.go:13201.2,13203.17 2 0
github.com/yihuang/go-abi/stdlib_uint256.abi.go:13203.17,13205.4 1 0
github.com/yihuang/go-abi/stdlib_uint256.abi.go:13206.3,13206.30 1 0
github.com/yihuang/go-abi/stdlib_uint256.abi.go:13206.30,13208.4 1 0
github.com/yihuang/go-abi/stdlib_uint256.abi.go:13209.3,13210.17 2 0
github.com/yihuang/go-abi/stdlib_uint256.abi.go:13210.17,13212.4 1 0
github.com/yihuang/go-abi/stdlib_uint256.abi.go:13213.3,13213.21 1 0
github.com/yihuang/go-abi/stdlib_uint256.abi.go:13216.2,13218.17 2 0
github.com/yihuang/go-abi/stdlib_uint256.abi.go:13218.17,13220.4 1 0
github.com/yihuang/go-abi/stdlib_uint256.abi.go:13221.3,13221.30 1 0
github.com/yihuang/go-abi/stdlib_uint256.abi.go:13221.30,13223.4 1 0
github.com/yihuang/go-abi/stdlib_uint256.abi.go:13224.3,13225.17 2 0
github.com/yihuang/go-abi/stdlib_uint256.abi.go:13225.17,13227.4 1 0
github.com/yihuang/go-abi/stdlib_uint256.abi.go:13228.3,13228.21 1 0
github.com/yihuang/go-abi/stdlib_uint256.abi.go:13231.2,13233.17 2 0
github.com/yihuang/go-abi/stdlib_uint256.abi.go:13233.17,13235.4 1 0
github.com/yihuang/go-abi/stdlib_uint256.abi.go:13236.3,13236.30 1 0
github.com/yihuang/go-abi/stdlib_uint256.abi.go:13236.30,13238.4 1 0
github.com/yihuang/go-abi/stdlib_uint256.abi.go:13239.3,13240.17 2 0
github.com/yihuang/go-abi/stdlib_uint256.abi.go:13240.17,13242.4 1 0
github.com/yihuang/go-abi/stdlib_uint256.abi.go:13243.3,13243.21 1 0
github.com/yihuang/go-abi/stdlib_uint256.abi.go:13246.2,13248.17 2 0
github.com/yihuang/go-abi/stdlib_uint256.abi.go:13248.17,13250.4 1 0
github.com/yihuang/go-abi/stdlib_uint256.abi.go:13251.3,13251.30 1 0
github.com/yihuang/go-abi/stdlib_uint256.abi.go:13251.30,13253.4 1 0
github.com/yihuang/go-abi/stdlib_uint256.abi.go:13254.3,13255.17 2 0
github.com/yihuang/go-abi/stdlib_uint256.abi.go:13255.17,13257.4 1 0
github.com/yihuang/go-abi/stdlib_uint256.abi.go:13258.3,13258.21 1 0
github.com/yihuang/go-abi/stdlib_uint256.abi.go:13261.2,13263.17 2 0
github.com/yihuang/go-abi/stdlib_uint256.abi.go:13263.17,13265.4 1 0
github.com/yihuang/go-abi/stdlib_uint256.abi.go:13266.3,13266.30 1 0
github.com/yihuang/go-abi/stdlib_uint256.abi.go:13266.30,13268.4 1 0
github.com/yihuang/go-abi/stdlib_uint256.abi.go:13269.3,13270.17 2 0
github.com/yihuang/go-abi/stdlib_uint256.abi.go:13270.17,13272.4 1 0
github.com/yihuang/go-abi/stdlib_uint256.abi.go:13273.3,13273.21 1 0
github.com/yihuang/go-abi/stdlib_uint256.abi.go:13276.2,13278.17 2 0
github.com/yihuang/go-abi/stdlib_uint256.abi.go:13278.17,13280.4 1 0
github.com/yihuang/go-abi/stdlib_uint256.abi.go:13281.3,13281.30 1 0
github.com/yihuang/go-abi/stdlib_uint256.abi.go:13281.30,13283.4 1 0
github.com/yihuang/go-abi/stdlib_uint256.abi.go:13284.3,13285.17 2 0
github.com/yihuang/go-abi/stdlib_uint256.abi.go:13285.17,13287.4 1 0
github.com/yihuang/go-abi/stdlib_uint256.abi.go:13288.3,13288.21 1 0
github.com/yihuang/go-abi/stdlib_uint256.abi.go:13291.2,13293.17 2 0
github.com/yihuang/go-abi/stdlib_uint256.abi.go:13293.17,13295.4 1 0
github.com/yihuang/go-abi/stdlib_uint256.abi.go:13296.3,13296.30 1 0
github.com/yihuang/go-abi/stdlib_uint256.abi.go:13296.30,13298.4 1 0
github.com/yihuang/go-abi/stdlib_uint256.abi.go:13299.3,13300.17 2 0
github.com/yihuang/go-abi/stdlib_uint256.abi.go:13300.17,13302.4 1 0
github.com/yihuang/go-abi/stdlib_uint256.abi.go:13303.3,13303.21 1 0
github.com/yihuang/go-abi/stdlib_uint256.abi.go:13306.2,13308.17 2 0
github.com/yihuang/go-abi/stdlib_uint256.abi.go:13308.17,13310.4 1 0
github.com/yihuang/go-abi/stdlib_uint256.abi.go:13311.3,13311.30 1 0
github.com/yihuang/go-abi/stdlib_uint256.abi.go:13311.30,13313.4 1 0
github.com/yihuang/go-abi/stdlib_uint256.abi.go:13314.3,13315.17 2 0
github.com/yihuang/go-abi/stdlib_uint256.abi.go:13315.17,13317.4 1 0
github.com/yihuang/go-abi/stdlib_uint256.abi.go:13318.3,13318.21 1 0
github.com/yihuang/go-abi/stdlib_uint256.abi.go:13321.2,13323.17 2 0
github.com/yihuang/go-abi/stdlib_uint256.abi.go:13323.17,13325.4 1 0
github.com/yihuang/go-abi/stdlib_uint256.abi.go:13326.3,13326.30 1 0
github.com/yihuang/go-abi/stdlib_uint256.abi.go:13326.30,13328.4 1 0
github.com/yihuang/go-abi/stdlib_uint256.abi.go:13329.3,13330.17 2 0
github.com/yihuang/go-abi/stdlib_uint256.abi.go:13330.17,13332.4 1 0
github.com/yihuang/go-abi/stdlib_uint256.abi.go:13333.3,13333.21 1 0
github.com/yihuang/go-abi/stdlib_uint256.abi.go:13336.2,13338.17 2 0
github.com/yihuang/go-abi/stdlib_uint256.abi.go:13338.17,13340.4 1 0
github.com/yihuang/go-abi/stdlib_uint256.abi.go:13341.3,13341.30 1 0
github.com/yihuang/go-abi/stdlib_uint256.abi.go:13341.30,13343.4 1 0
github.com/yihuang/go-abi/stdlib_uint256.abi.go:13344.3,13345.17 2 0
github.com/yihuang/go-abi/stdlib_uint256.abi.go:13345.17,13347.4 1 0
github.com/yihuang/go-abi/stdlib_uint256.abi.go:13348.3,13348.21 1 0
github.com/yihuang/go-abi/stdlib_uint256.abi.go:13351.2,13353.17 2 0
github.com/yihuang/go-abi/stdlib_uint256.abi.go:13353.17,13355.4 1 0
github.com/yihuang/go-abi/stdlib_uint256.abi.go:13356.3,13356.30 1 0
github.com/yihuang/go-abi/stdlib_uint256.abi.go:13356.30,13358.4 1 0
github.com/yihuang/go-abi/stdlib_uint256.abi.go:13359.3,13360.17 2 0
github.com/yihuang/go-abi/stdlib_uint256.abi.go:13360.17,13362.4 1 0
github.com/yihuang/go-abi/stdlib_uint256.abi.go:13363.3,13363.21 1 0
github.com/yihuang/go-abi/stdlib_uint256.abi.go:13366.2,13368.17 2 0
github.com/yihuang/go-abi/stdlib_uint256.abi.go:13368.17,13370.4 1 0
github.com/yihuang/go-abi/stdlib_uint256.abi.go:13371.3,13371.30 1 0
github.com/yihuang/go-abi/stdlib_uint256.abi.go:13371.30,13373.4 1 0
github.com/yihuang/go-abi/stdlib_uint256.abi.go:13374.3,13375.17 2 0
github.com/yihuang/go-abi/stdlib_uint256.abi.go:13375.17,13377.4 1 0
github.com/yihuang/go-abi/stdlib_uint256.abi.go:13378.3,13378.21 1 0
github.com/yihuang/go-abi/stdlib_uint256.abi.go:13381.2,13383.17 2 0
github.com/yihuang/go-abi/stdlib_uint256.abi.go:13383.17,13385.4 1 0
github.com/yihuang/go-abi/stdlib_uint256.abi.go:13386.3,13386.30 1 0
github.com/yihuang/go-abi/stdlib_uint256.abi.go:13386.30,13388.4 1 0
github.com/yihuang/go-abi/stdlib_uint256.abi.go:13389.3,13390.17 2 0
github.com/yihuang/go-abi/stdlib_uint256.abi.go:13390.17,13392.4 1 0
github.com/yihuang/go-abi/stdlib_uint256.abi.go:13393.3,13393.21 1 0
github.com/yihuang/go-abi/stdlib_uint256.abi.go:13396.2,13398.17 2 0
github.com/yihuang/go-abi/stdlib_uint256.abi.go:13398.17,13400.4 1 0
github.com/yihuang/go-abi/stdlib_uint256.abi.go:13401.3,13401.30 1 0
github.com/yihuang/go-abi/stdlib_uint256.abi.go:13401.30,13403.4 1 0
github.com/yihuang/go-abi/stdlib_uint256.abi.go:13404.3,13405.17 2 0
github.com/yihuang/go-abi/stdlib_uint256.abi.go:13405.17,13407.4 1 0
github.com/yihuang/go-abi/stdlib_uint256.abi.go:13408.3,13408.21 1 0
github.com/yihuang/go-abi/stdlib_uint256.abi.go:13411.2,13413.17 2 0
github.com/yihuang/go-abi/stdlib_uint256.abi.go:13413.17,13415.4 1 0
github.com/yihuang/go-abi/stdlib_uint256.abi.go:13416.3,13416.30 1 0
github.com/yihuang/go-abi/stdlib_uint256.abi.go:13416.30,13418.4 1 0
github.com/yihuang/go-abi/stdlib_uint256.abi.go:13419.3,13420.17 2 0
github.com/yihuang/go-abi/stdlib_uint256.abi.go:13420.17,13422.4 1 0
github.com/yihuang/go-abi/stdlib_uint256.abi.go:13423.3,13423.21 1 0
github.com/yihuang/go-abi/stdlib_uint256.abi.go:13426.2,13428.17 2 0
github.com/yihuang/go-abi/stdlib_uint256.abi.go:13428.17,13430.4 1 0
github.com/yihuang/go-abi/stdlib_uint256.abi.go:13431.3,13431.30 1 0
github.com/yihuang/go-abi/stdlib_uint256.abi.go:13431.30,13433.4 1 0
github.com/yihuang/go-abi/stdlib_uint256.abi.go:13434.3,13435.17 2 0
github.com/yihuang/go-abi/stdlib_uint256.abi.go:13435.17,13437.4 1 0
github.com/yihuang/go-abi/stdlib_uint256.abi.go:13438.3,13438.21 1 0
github.com/yihuang/go-abi/stdlib_uint256.abi.go:13441.2,13443.17 2 0
github.com/yihuang/go-abi/stdlib_uint256.abi.go:13443.17,13445.4 1 0
github.com/yihuang/go-abi/stdlib_uint256.abi.go:13446.3,13446.30 1 0
github.com/yihuang/go-abi/stdlib_uint256.abi.go:13446.30,13448.4 1 0
github.com/yihuang/go-abi/stdlib_uint256.abi.go:13449.3,13450.17 2 0
github.com/yihuang/go-abi/stdlib_uint256.abi.go:13450.17,13452.4 1 0
github.com/yihuang/go-abi/stdlib_uint256.abi.go:13453.3,13453.21 1 0
github.com/yihuang/go-abi/stdlib_uint256.abi.go:13456.2,13458.17 2 0
github.com/yihuang/go-abi/stdlib_uint256.abi.go:13458.17,13460.4 1 0
github.com/yihuang/go-abi/stdlib_uint256.abi.go:13461.3,13461.30 1 0
github.com/yihuang/go-abi/stdlib_uint256.abi.go:13461.30,13463.4 1 0
github.com/yihuang/go-abi/stdlib_uint256.abi.go:13464.3,13465.17 2 0
github.com/yihuang/go-abi/stdlib_uint256.abi.go:13465.17,13467.4 1 0
github.com/yihuang/go-abi/stdlib_uint256.abi.go:13468.3,13468.21 1 0
github.com/yihuang/go-abi/stdlib_uint256.abi.go:13471.2,13473.17 2 0
github.com/yihuang/go-abi/stdlib_uint256.abi.go:13473.17,13475.4 1 0
github.com/yihuang/go-abi/stdlib_uint256.abi.go:13476.3,13476.30 1 0
github.com/yihuang/go-abi/stdlib_uint256.abi.go:13476.30,13478.4 1 0
github.com/yihuang/go-abi/stdlib_uint256.abi.go:13479.3,13480.17 2 0
github.com/yihuang/go-abi/stdlib_uint256.abi.go:13480.17,13482.4 1 0
github.com/yihuang/go-abi/stdlib_uint256.abi.go:13483.3,13483.21 1 0
github.com/yihuang/go-abi/stdlib_uint256.abi.go:13486.2,13488.17 2 0
github.com/yihuang/go-abi/stdlib_uint256.abi.go:13488.17,13490.4 1 0
github.com/yihuang/go-abi/stdlib_uint256.abi.go:13491.3,13491.30 1 0
github.com/yihuang/go-abi/stdlib_uint256.abi.go:13491.30,13493.4 1 0
github.com/yihuang/go-abi/stdlib_uint256.abi.go:13494.3,13495.17 2 0
github.com/yihuang/go-abi/stdlib_uint256.abi.go:13495.17,13497.4 1 0
github.com/yihuang/go-abi/stdlib_uint256.abi.go:13498.3,13498.21 1 0
github.com/yihuang/go-abi/stdlib_uint256.abi.go:13501.2,13503.17 2 0
github.com/yihuang/go-abi/stdlib_uint256.abi.go:13503.17,13505.4 1 0
github.com/yihuang/go-abi/stdlib_uint256.abi.go:13506.3,13506.30 1 0
github.com/yihuang/go-abi/stdlib_uint256.abi.go:13506.30,13508.4 1 0
github.com/yihuang/go-abi/stdlib_uint256.abi.go:13509.3,13510.17 2 0
github.com/yihuang/go-abi/stdlib_uint256.abi.go:13510.17,13512.4 1 0
github.com/yihuang/go-abi/stdlib_uint256.abi.go:13513.3,13513.21 1 0
github.com/yihuang/go-abi/stdlib_uint256.abi.go:13516.2,13518.17 2 0
github.com/yihuang/go-abi/stdlib_uint256.abi.go:13518.17,13520.4 1 0
github.com/yihuang/go-abi/stdlib_uint256.abi.go:13521.3,13521.30 1 0
github.com/yihuang/go-abi/stdlib_uint256.abi.go:13521.30,13523.4 1 0
github.com/yihuang/go-abi/stdlib_uint256.abi.go:13524.3,13525.17 2 0
github.com/yihuang/go-abi/stdlib_uint256.abi.go:13525.17,13527.4 1 0
github.com/yihuang/go-abi/stdlib_uint256.abi.go:13528.3,13528.21 1 0
github.com/yihuang/go-abi/stdlib_uint256.abi.go:13531.2,13533.17 2 0
github.com/yihuang/go-abi/stdlib_uint256.abi.go:13533.17,13535.4 1 0
github.com/yihuang/go-abi/stdlib_uint256.abi.go:13536.3,13536.30 1 0
github.com/yihuang/go-abi/stdlib_uint256.abi.go:13536.30,13538.4 1 0
github.com/yihuang/go-abi/stdlib_uint256.abi.go:13539.3,13540.17 2 0
github.com/yihuang/go-abi/stdlib_uint256.abi.go:13540.17,13542.4 1 0
github.com/yihuang/go-abi/stdlib_uint256.abi.go:13543.3,13543.21 1 0
github.com/yihuang/go-abi/stdlib_uint256.abi.go:13546.2,13548.17 2 0
github.com/yihuang/go-abi/stdlib_uint256.abi.go:13548.17,13550.4 1 0
github.com/yihuang/go-abi/stdlib_uint256.abi.go:13551.3,13551.30 1 0
github.com/yihuang/go-abi/stdlib_uint256.abi.go:13551.30,13553.4 1 0
github.com/yihuang/go-abi/stdlib_uint256.abi.go:13554.3,13555.17 2 0
github.com/yihuang/go-abi/stdlib_uint256.abi.go:13555.17,13557.4 1 0
github.com/yihuang/go-abi/stdlib_uint256.abi.go:13558.3,13558.21 1 0
github.com/yihuang/go-abi/stdlib_uint256.abi.go:13561.2,13563.17 2 0
github.com/yihuang/go-abi/stdlib_uint256.abi.go:13563.17,13565.4 1 0
github.com/yihuang/go-abi/stdlib_uint256.abi.go:13566.3,13566.30 1 0
github.com/yihuang/go-abi/stdlib_uint256.abi.go:13566.30,13568.4 1 0
github.com/yihuang/go-abi/stdlib_uint256.abi.go:13569.3,13570.17 2 0
github.com/yihuang/go-abi/stdlib_uint256.abi.go:13570.17,13572.4 1 0
github.com/yihuang/go-abi/stdlib_uint256.abi.go:13573.3,13573.21 1 0
github.com/yihuang/go-abi/stdlib_uint256.abi.go:13576.2,13578.17 2 0
github.com/yihuang/go-abi/stdlib_uint256.abi.go:13578.17,13580.4 1 0
github.com/yihuang/go-abi/stdlib_uint256.abi.go:13581.3,13581.30 1 0
github.com/yihuang/go-abi/stdlib_uint256.abi.go:13581.30,13583.4 1 0
github.com/yihuang/go-abi/stdlib_uint256.abi.go:13584.3,13585.17 2 0
github.com/yihuang/go-abi/stdlib_uint256.abi.go:13585.17,13587.4 1 0
github.com/yihuang/go-abi/stdlib_uint256.abi.go:13588.3,13588.21 1 0
github.com/yihuang/go-abi/stdlib_uint256.abi.go:13591.2,13593.17 2 0
github.com/yihuang/go-abi/stdlib_uint256.abi.go:13593.17,13595.4 1 0
github.com/yihuang/go-abi/stdlib_uint256.abi.go:13596.3,13596.30 1 0
github.com/yihuang/go-abi/stdlib_uint256.abi.go:13596.30,13598.4 1 0
github.com/yihuang/go-abi/stdlib_uint256.abi.go:13599.3,13600.17 2 0
github.com/yihuang/go-abi/stdlib_uint256.abi.go:13600.17,13602.4 1 0
github.com/yihuang/go-abi/stdlib_uint256.abi.go:13603.3,13603.21 1 0
github.com/yihuang/go-abi/stdlib_uint256.abi.go:13606.2,13608.17 2 0
github.com/yihuang/go-abi/stdlib_uint256.abi.go:13608.17,13610.4 1 0
github.com/yihuang/go-abi/stdlib_uint256.abi.go:13611.3,13611.30 1 0
github.com/yihuang/go-abi/stdlib_uint256.abi.go:13611.30,13613.4 1 0
github.com/yihuang/go-abi/stdlib_uint256.abi.go:13614.3,13615.17 2 0
github.com/yihuang/go-abi/stdlib_uint256.abi.go:13615.17,13617.4 1 0
github.com/yihuang/go-abi/stdlib_uint256.abi.go:13618.3,13618.21 1 0
github.com/yihuang/go-abi/stdlib_uint256.abi.go:13621.2,13623.17 2 0
github.com/yihuang/go-abi/stdlib_uint256.abi.go:13623.17,13625.4 1 0
github.com/yihuang/go-abi/stdlib_uint256.abi.go:13626.3,13626.30 1 0
github.com/yihuang/go-abi/stdlib_uint256.abi.go:13626.30,13628.4 1 0
github.com/yihuang/go-abi/stdlib_uint256.abi.go:13629.3,13630.17 2 0
github.com/yihuang/go-abi/stdlib_uint256.abi.go:13630.17,13632.4 1 0
github.com/yihuang/go-abi/stdlib_uint256.abi.go:13633.3,13633.21 1 0
github.com/yihuang/go-abi/stdlib_uint256.abi.go:13635.2,13635.27 1 0
github.com/yihuang/go-abi/stdlib_uint256.abi.go:13639.42,13641.2 1 0
github.com/yihuang/go-abi/stdlib_uint256.abi.go:13644.40,13646.2 1 0
github.com/yihuang/go-abi/stdlib_uint256.abi.go:13649.47,13651.2 1 0
github.com/yihuang/go-abi/stdlib_uint256.abi.go:13654.56,13657.50 3 0
github.com/yihuang/go-abi/stdlib_uint256.abi.go:13657.50,13659.3 1 0
github.com/yihuang/go-abi/stdlib_uint256.abi.go:13660.2,13660.20 1 0
github.com/yihuang/go-abi/stdlib_uint256.abi.go:13793.13,13924.2 1 0
github.com/yihuang/go-abi/types.go:63.39,65.2 1 0
github.com/yihuang/go-abi/types.go:67.46,69.2 1 0
github.com/yihuang/go-abi/types.go:71.56,73.2 1 0
github.com/yihuang/go-abi/types.go:75.55,77.2 1 0
github.com/yihuang/go-abi/types.go:79.45,81.2 1 0
github.com/yihuang/go-abi/types.go:83.52,85.2 1 0
github.com/yihuang/go-abi/types.go:87.62,89.2 1 0
github.com/yihuang/go-abi/types.go:91.61,93.2 1 0
github.com/yihuang/go-abi/types.go:97.61,99.2 1 0
github.com/yihuang/go-abi/types.go:101.58,103.2 1 0
github.com/yihuang/go-abi/utils.go:63.23,65.2 1 0
github.com/yihuang/go-abi/utils.go:69.100,74.35 4 0
github.com/yihuang/go-abi/utils.go:74.35,76.3 1 0
github.com/yihuang/go-abi/utils.go:78.2,78.23 1 0
github.com/yihuang/go-abi/utils.go:81.98,88.13 4 0
github.com/yihuang/go-abi/utils.go:88.13,90.35 1 0
github.com/yihuang/go-abi/utils.go:90.35,92.4 1 0
github.com/yihuang/go-abi/utils.go:93.8,95.26 1 0
github.com/yihuang/go-abi/utils.go:95.26,97.4 1 0
github.com/yihuang/go-abi/utils.go:100.2,100.38 1 0
github.com/yihuang/go-abi/utils.go:100.38,102.3 1 0
github.com/yihuang/go-abi/utils.go:104.2,104.20 1 0
github.com/yihuang/go-abi/utils.go:107.43,109.16 2 0
github.com/yihuang/go-abi/utils.go:109.16,111.3 1 0
github.com/yihuang/go-abi/utils.go:113.2,113.15 1 0
github.com/yihuang/go-abi/utils.go:116.62,117.18 1 1
github.com/yihuang/go-abi/utils.go:117.18,118.14 1 1
github.com/yihuang/go-abi/utils.go:118.14,120.4 1 0
github.com/yihuang/go-abi/utils.go:123.3,123.38 1 1
github.com/yihuang/go-abi/utils.go:126.2,127.12 2 1
github.com/yihuang/go-abi/utils.go:127.12,129.3 1 0
github.com/yihuang/go-abi/utils.go:130.2,131.12 2 1
github.com/yihuang/go-abi/utils.go:134.63,135.20 1 1
github.com/yihuang/go-abi/utils.go:135.20,137.3 1 1
github.com/yihuang/go-abi/utils.go:139.2,140.33 2 1
github.com/yihuang/go-abi/utils.go:140.33,142.3 1 1
github.com/yihuang/go-abi/utils.go:144.2,144.17 1 1
github.com/yihuang/go-abi/utils.go:147.62,149.16 2 0
github.com/yihuang/go-abi/utils.go:149.16,151.3 1 0
github.com/yihuang/go-abi/utils.go:153.2,154.16 2 0
github.com/yihuang/go-abi/utils.go:154.16,156.3 1 0
github.com/yihuang/go-abi/utils.go:158.2,158.26 1 0
github.com/yihuang/go-abi/utils.go:161.72,162.51 1 0
github.com/yihuang/go-abi/utils.go:162.51,164.3 1 0
github.com/yihuang/go-abi/utils.go:166.2,167.12 2 0
github.com/yihuang/go-abi/utils.go:172.46,173.13 1 1
github.com/yihuang/go-abi/utils.go:174.21,175.39 1 1
github.com/yihuang/go-abi/utils.go:176.20,177.38 1 1
github.com/yihuang/go-abi/utils.go:178.24,179.19 1 1
github.com/yihuang/go-abi/utils.go:180.21,181.16 1 1
github.com/yihuang/go-abi/utils.go:182.23,183.18 1 1
github.com/yihuang/go-abi/utils.go:184.22,185.17 1 1
github.com/yihuang/go-abi/utils.go:186.27,187.40 1 1
github.com/yihuang/go-abi/utils.go:188.22,189.60 1 1
github.com/yihuang/go-abi/utils.go:190.22,191.70 1 0
github.com/yihuang/go-abi/utils.go:192.22,193.28 1 0
github.com/yihuang/go-abi/utils.go:194.10,195.73 1 0
github.com/yihuang/go-abi/utils.go:200.47,203.36 2 0
github.com/yihuang/go-abi/utils.go:203.36,205.3 1 0
github.com/yihuang/go-abi/utils.go:207.2,209.45 3 0
github.com/yihuang/go-abi/utils.go:213.44,214.26 1 0
github.com/yihuang/go-abi/utils.go:214.26,216.3 1 0
github.com/yihuang/go-abi/utils.go:220.2,220.30 1 0
